Time,fwd_1,fwd_2,fwd_3,fwd_4,fwd_5,fwd_6,fwd_7,fwd_8,fwd_9,fwd_10
199009,7.67698667207787,8.10231236725517,8.375946360313929,8.933404844757671,8.98864613752891,9.00300057043279,9.221079861360877,9.187180739209182,9.108168050309345,9.342525702708855
199010,7.427382005593,7.8621493122058395,8.18500264502541,8.648409533612313,8.827027952584139,8.863628420690937,9.07563751378376,9.202154331522607,9.162748282229302,9.329806041241682
199011,7.30857232203915,7.59918195980005,7.803042229865632,8.323157654298289,8.357272622179678,8.563326042785683,8.721128323837661,8.762656927369932,8.59895230816926,8.712440641246062
199012,6.899355586305,7.334672712153041,7.717480712812309,8.173552174343651,8.190755852876649,8.65097482790653,8.774037306012879,8.613310736085694,8.367641351425874,8.636646842430679
199101,6.62198465676964,7.30933925297528,7.630553684143051,8.21443621343219,8.27517149164554,8.35380325883446,8.58720108513635,8.624391793194768,8.523294923650099,8.892050669814921
199102,6.49018702696539,7.35356200937387,7.688413010701149,8.26675280555203,8.375065701990515,8.341027090306845,8.547419459294765,8.685758246022075,8.495048119979018,8.790216371512258
199103,6.38963663422542,7.5159498096615796,7.835844267663763,8.478936378531557,8.410600618613984,8.582373943740834,8.515041342138346,8.467062479168675,8.3504493164058,8.588393206706542
199104,6.1999403228019,7.37913095746828,7.693105368100161,8.4558353802191,8.427319963143312,8.66887885308573,8.582977633275,8.469257193901882,8.422079922428942,8.709584535318598
199105,6.20428815121935,7.309915874009169,7.675081339582313,8.569355600283327,8.506790461266789,8.72664252266339,8.649533552689881,8.599462680131225,8.628506491450707,8.680729953369635
199106,6.34100768295617,7.43803010136519,8.09510626140889,8.826021269817868,8.67635383307043,8.867942429435907,8.772512594190694,8.795355364012444,8.700003739028901,8.534800771656407
199107,6.17646262733122,7.32052653531636,7.906487564870751,8.61187661388707,8.59342561511555,8.848037962794592,8.793466223181255,8.715631731599515,8.693492869657618,8.68902151637188
199108,5.78590192149398,6.793100637088901,7.431930997292911,8.331694463038929,8.242224739372883,8.712207105145914,8.674137984217204,8.420539990663357,8.515575216935908,8.697340206285617
199109,5.49525054234786,6.46832032569858,7.056172931638679,7.899305618133919,7.816796815850509,8.385564856513255,8.288867260049884,8.099844009110114,8.341410333186673,8.387675266864335
199110,5.15890502101903,6.19086007442223,6.89198544592022,7.877026322054881,7.81370717482989,8.524785988686567,8.465225208007325,8.443211755772495,8.637947301170627,8.894161984954735
199111,4.8029240652162,5.91213669059698,6.87381291214583,7.8002289900397095,7.636475142989127,8.662550794732269,8.581334995074656,8.746729372984191,9.070358818033455,8.90908958240108
199112,4.20428173004888,5.32090045390316,6.303718336206439,7.316997724248802,7.305540296256467,7.752919723817026,7.76342259222546,7.881588952636484,8.175134774010864,9.001670377391115
199201,4.37157550837726,5.865160836618699,7.019688234039608,7.872533199769315,7.851676872962422,8.589618828270197,8.498442001416663,8.568431870672235,8.686367799800408,8.728507957071898
199202,4.45148992923353,6.011673514228111,7.118189857539699,8.00475302185438,7.863400507742625,8.497299399838717,8.441765329460416,8.230648839833002,8.075252672234598,8.555753838062827
199203,4.67050171859858,6.502140964035079,7.67701381100594,8.208109836662121,7.884874774869775,8.791319498082402,8.352925636494533,8.402783039680287,8.352992013028661,8.415183699476913
199204,4.40681915567697,6.337809570480471,7.534789938551349,8.22044414947333,8.183140357593583,8.814607059347374,8.592863158393797,8.806520642115444,8.878711377676055,8.506768346327235
199205,4.27733172940305,5.975548557843549,7.15807846721045,7.822205401018433,7.996551884007719,8.258972602175497,8.499472668692626,8.780824640046596,8.983782950249335,8.376916262149948
199206,4.09693429350971,5.51942010784823,6.73725799546388,7.604759642202339,7.847777337069392,8.293316345739704,8.404878970419148,8.616392117551754,8.856634259678813,8.410986968368235
199207,3.68553001035205,5.077026488526171,6.229385567763812,7.177380763618249,7.52647191157347,7.907238322820831,7.775114875338957,8.147282385467818,8.288816238200127,8.356654508940125
199208,3.50863864246984,4.7550483047232,6.02812248826673,7.04380400219979,7.369815774011791,8.160986572485207,7.960167506272171,8.417598649735034,8.409926704839734,8.3041128493444
199209,3.14488321588014,4.4599956642428396,5.650374314767081,6.730857861649939,7.2253435303059526,7.830204522029625,8.097116941926956,8.400692586177307,8.249558075941195,8.365189377513254
199210,3.65983961676476,5.21360123458682,6.38910091600127,7.314957233018951,7.4256761082040015,7.931410740745477,8.151360600011579,8.740092204104101,8.343641743157193,8.421570894444848
199211,3.93990385008928,5.6674296226122,6.785154697314471,7.544869541488488,7.6896511611160605,8.029844062708321,7.964891690262888,8.095674083971254,7.7312511354531495,8.462421387533382
199212,3.69249452362069,5.35828347996307,6.5933832676597905,7.357960254957931,7.704819752599118,7.816681972460785,7.67301313732284,7.6510771377823374,7.565808161602298,8.18333876899414
199301,3.48616801964107,4.86870331421823,6.045372353931292,6.622113470330486,7.167672468110673,7.6697960139213315,7.4712410721874605,8.179984692501534,7.836141275441335,7.598788248045182
199302,3.3572604278221,4.45276934520124,5.489704963515971,6.432337329797008,6.764438089614934,7.131329899502905,7.291893288349421,8.071071335821145,7.639423455660705,7.1446807956886715
199303,3.36987004343894,4.4740915999871,5.601351608612362,6.422262463756757,6.726532354751093,7.1536508137777055,7.455536732888369,7.687623519509437,7.4368657590460145,7.5453910747204205
199304,3.28718860690367,4.27276069477633,5.485858527070409,6.284726375272552,6.83392819112504,7.222711071512002,7.480717328481269,7.872566977187049,7.55121636632375,7.475371811780434
199305,3.63144409973299,4.71529616145979,5.633133727381329,6.314502045020731,6.647738891501209,7.036184889050887,7.456441596355923,7.825040207433219,7.501112608817749,7.488251173470182
199306,3.50558994076598,4.44288194481576,5.34078518999221,5.842031702430809,6.276514311263991,6.56563686445573,6.741232561136101,7.117682951576057,7.132416522868873,7.195286306958785
199307,3.55981106875929,4.6164272861967905,5.4016429435983895,5.986448515055731,6.324211579221696,6.493191270427943,6.577776622868434,6.8775764548787635,7.11776431415646,7.1520612351975
199308,3.40626011050087,4.235800516432009,4.94881415436855,5.4665461580900505,6.002523943503721,6.104460914265918,6.525165041163692,6.780223671671827,6.818757606406578,6.9132694584199825
199309,3.40206481461459,4.27773374161637,5.06208482698462,5.5127260225699395,5.77060847314198,6.0468653566023,6.218955998977531,6.426005088490349,6.761250322839686,7.014258162062433
199310,3.49367521911108,4.41470734891416,4.987998919386961,5.551289619800999,5.827077691255749,6.115565753490529,6.336168733979335,6.366082986385109,6.545595354574395,6.787791823152986
199311,3.61867598504686,4.71591948343276,5.30736251237791,6.019900678900029,6.235302627387643,6.5070063660847595,6.862277197259679,6.906278528533562,6.926192464526416,7.166697354603087
199312,3.65191804203741,4.74278061011111,5.3213563936543,6.102938097494141,6.30383638961499,6.334400470515654,6.5911892648326855,7.0403162568299535,7.037392889284959,7.145165807129395
199401,3.5080286352666,4.62925701921794,5.183050639850739,5.73367056017104,6.071542665186179,6.166739958310281,6.626511908256795,6.862519144567386,6.707868310260942,6.857134335834999
199402,4.04096139784745,5.23826991573573,5.794040331704862,6.369529832727597,6.595017800473613,6.81395288044267,7.171597918787043,7.1099673518149515,7.148555925271758,7.289118276909221
199403,4.49943290631712,5.851643079460381,6.61717822987721,7.042411408504769,7.222198121651573,7.403771922461409,7.671173962186067,7.541152963906271,7.859489819155797,7.8619836602604
199404,4.98401604419744,6.3792663855765595,7.001099317440673,7.328688276285728,7.304326950000803,7.333209031502278,7.590231369225847,7.785284677918909,8.149720787360465,7.94280171146179
199405,5.25017821671282,6.60362919050584,7.091761124839067,7.281378338170914,7.36331021643306,7.417462011368258,7.780818718420498,7.844087637848425,8.031537748763078,8.004573443649136
199406,5.38156470973639,6.7784851901563705,7.232032435125751,7.562513085498168,7.559710062379171,7.632039305702833,7.769431499783941,7.913030223611138,8.385917708417892,8.200388852034152
199407,5.29494796326278,6.5303031662050195,6.924974986783392,7.231863800044728,7.315720523781778,7.407689768576077,7.502926383770223,7.828044110964562,8.09834685795424,7.960148008293302
199408,5.42452343092466,6.64572314959192,7.010773314991889,7.27989289665949,7.314835213391689,7.505592211498957,7.669016880106021,7.832980968365291,8.048104420175925,7.8708081196081565
199409,5.84285463879985,7.108401463664449,7.531528681332482,7.7976258327753385,7.774830085344433,7.798146413824512,7.915034951111899,8.249898355371755,8.352196551428761,8.224931741725527
199410,6.03993366078741,7.341055931498991,7.713034180308728,7.949265488303272,7.9430553412195515,7.961993192289427,8.091030483991638,8.349054427315465,8.457828878733942,8.347898531416973
199411,6.72015196731048,7.80774149697438,8.026285676802809,7.919054060631371,7.86615884074196,7.767175729300021,7.737633330821076,7.95437614042774,8.618285426099682,8.30160493896858
199412,7.10131202242788,7.9946357161622394,7.9455819572977795,7.793773198241862,7.66294875884649,7.507626186449087,7.73378725468735,8.07900061263539,7.822638287472515,7.908886939623116
199501,6.72894847043066,7.529920183551281,7.649104768224751,7.699424465623469,7.586859310275344,7.476228936569235,7.559819494192148,7.852805152398631,7.67657420061164,7.838357320572641
199502,6.33835160136744,6.990994789476701,7.11005407652252,7.282840493198499,7.241121451754594,7.388301976697221,7.359496970153174,7.544140052255848,7.394306838887154,7.6701086262455505
199503,6.36914738565828,6.99254711020518,7.135738844762521,7.19525075323266,7.294126613945107,7.178516348599672,7.436524386356069,7.817693099959953,7.230443344631972,7.719002041501682
199504,6.21856410379998,6.748648256738339,6.945827951107443,6.979305288442198,7.079344747856542,7.029171643082918,7.286122351685854,7.674776824192648,7.358234631269966,7.680560860933717
199505,5.75643255429933,5.80807081262985,6.071138386465108,6.177640208472592,6.19528248921522,6.313324698008138,6.6604930334125285,7.07763741770475,6.888700001962192,6.891901814291394
199506,5.6533050765954,5.85170715081474,5.954091226956303,6.114052252872998,6.05103836910801,6.2072557087727915,6.684807572188873,6.988663689307124,6.6938772176360075,6.809746972254452
199507,5.63266100350616,6.00191743758224,6.270380232652101,6.395267210154138,6.36110740190351,6.570587551969787,6.839360844541268,7.237381484333035,7.0164757918176335,7.076923292516824
199508,5.59880264404997,5.9223473460885305,6.11358541905733,6.234562639646612,6.22400128958866,6.374830496270235,6.607181735950377,7.0702369400598855,6.931976939935211,6.754789229012289
199509,5.65455804870381,5.91046836343289,5.958913391173478,6.158990033757544,6.153107092535578,6.243520795014181,6.3110816588934,6.820556247150719,6.805242025259695,6.634351001288707
199510,5.50491044210064,5.621889425457479,5.807917648306859,5.995764532579823,5.891809344232147,6.102629825514807,6.23797144715752,6.5745945882468035,6.529450370214562,6.517153345100759
199511,5.33018501551464,5.310229829787039,5.473556779702731,5.669952025057629,5.668340621310861,5.855674798491545,6.219254327315717,6.386782581392396,6.241129050769452,6.050345803355491
199512,5.1342951513102,5.1490516086269995,5.3236323506895005,5.57147151469918,5.585852860891471,5.667328578234823,5.802170938494285,6.17534976517706,6.109729265142725,5.9151875749211555
199601,4.90581720663332,4.92106045242472,5.20773780003057,5.54880628309887,5.651648195282668,5.77880160218967,6.224290765764316,6.256042686674505,6.24996032828286,6.039769031824001
199602,5.14431596551723,5.562812345568429,5.788767347541219,5.996496730070682,6.053945771826392,6.13149312490043,7.130031491931327,6.918757358086694,6.804873394523327,6.728299205173975
199603,5.4146931265976,6.0179438496475,6.181216804537414,6.379659278655126,6.254661817664161,6.407275190942901,7.35385047422929,6.84329971819497,6.824738733773451,6.8215511194652905
199604,5.57126717579664,6.3434393084936005,6.5229129573495985,6.700885236867162,6.6390763194004485,6.876678285095565,7.210151153196726,7.219816277928416,7.101971708367898,7.050054589434346
199605,5.6850281675025,6.5759346652429596,6.81407574973214,6.965296655832802,6.812685896668601,6.9583159470508775,7.402155317952769,7.223631840376633,7.029247939533178,7.200314762102238
199606,5.69172387194502,6.39220118123414,6.64160355667954,6.663578452046302,6.642076471483499,6.849331626223481,7.1351378045495295,7.267668744316808,6.874242064928346,7.08402109167703
199607,5.80711731601691,6.41479514827129,6.715743270267209,6.781145721063432,6.76709225275356,6.859163085832456,7.171536206251673,7.1571717524802665,7.019667718162388,6.648503479368017
199608,5.79122906982461,6.67560407985243,6.883097120029298,7.001813919582741,6.933230954585667,7.076274948382334,7.4062235772004925,7.224428068001224,7.164694603414269,6.835521545718038
199609,5.65641441337405,6.3636487326287705,6.60398383935137,6.705274592857489,6.72485915372307,6.799938477135669,7.153393072192493,7.133575835554211,6.944629037778057,6.649799971074721
199610,5.42317926673907,5.8829798093636105,6.17371074078871,6.33306509181989,6.308747324991966,6.492853309557212,6.916492499707111,6.763026012291469,6.599963439240341,6.391709662460819
199611,5.34475229610373,5.67265433730401,5.84474583680244,5.9591583033117,6.037589103219222,6.182894456325673,6.430182518593611,6.474628031983535,6.3535097731261345,6.288892206624645
199612,5.52509243903967,6.06838915853965,6.3276336395675585,6.4086713116832,6.389320479224921,6.56409680742474,6.781259355053287,6.786981347477294,6.657542730838635,6.581717623764646
199701,5.53709869530451,6.121098400978469,6.352418357786632,6.480487820068909,6.5080496691617284,6.685186428334848,6.917293512671797,6.820343490806543,6.687878456543494,6.823741783690068
199702,5.63892536011164,6.33083176851508,6.492219011894301,6.59853435156462,6.6048843690119625,6.595484904846991,6.901102489614459,6.743720638353906,6.753253428863594,7.068578623243248
199703,5.9561502314579,6.706607652851679,6.888255848556602,6.9342987094733,6.967341193431121,7.069391176034138,7.264137364408931,7.083235086615687,6.927435074426299,7.238026220600943
199704,5.85200358100597,6.49791350197701,6.686115681974421,6.750386069190398,6.751562591343255,6.9571651873548035,7.007081361924051,6.974214162142893,6.743998630088619,7.039601028631282
199705,5.75681811868397,6.434908446910869,6.6116865241576495,6.721699372191072,6.62442297076279,6.789565312243511,6.941933817449325,6.922695211966257,6.839030347828604,6.975829772441045
199706,5.67934027055177,6.302119918243769,6.46099660840663,6.597821326295151,6.509157082973182,6.635011996529773,6.782071149866468,6.766347542893335,6.700195934989033,6.822540066975392
199707,5.47589253882753,5.804571931650649,5.88222668334997,6.013831673613289,6.032953028450212,6.190689067366609,6.212860033788289,6.382535336091053,6.289774835464762,6.208328406140339
199708,5.64321487957118,6.1329975321316,6.271184217108178,6.443077775421603,6.33231826562049,6.53194529474451,6.640476498710164,6.619464130948117,6.528381249716752,6.702752826725309
199709,5.52284472009288,5.92338301167968,5.980728794026604,6.199823687900718,6.084550186966219,6.3501225050782395,6.30640969660535,6.335730680279674,6.400596131869534,6.48212627320121
199710,5.45848527650517,5.699940436816709,5.719253029609259,5.854525044760663,5.8450145877058475,6.079671803142233,6.073340649542857,6.079295192002142,6.134347541810264,6.241018317952353
199711,5.6154702416318,5.8500292692585605,5.785910502825757,5.957772250374081,5.861866225363549,5.9272948384655315,5.97825816663287,5.808684079916411,5.980075638587195,6.138954069402942
199712,5.50903281654462,5.667200413761259,5.676642910769861,5.744951827720701,5.705046725113309,5.814037428606767,5.766433206091243,5.822832604206077,5.921371707011609,6.017427672719251
199801,5.27961704272222,5.27329804250776,5.301932764348358,5.5053764757155825,5.43186103096928,5.599256645883003,5.833788147110482,5.641695114664834,5.819834960633244,5.8886812569953335
199802,5.42577299950213,5.534697255668509,5.51114321348769,5.736912003565472,5.596912500201547,5.542281868240909,5.933568376475414,5.770074812008652,5.844677914647768,5.852188973092403
199803,5.43497627932504,5.59841241269822,5.616494418127738,5.677577433589121,5.68580632267858,5.805617222707301,5.80009322338055,5.776790111856009,5.904403254329615,5.849707265538022
199804,5.42578173772968,5.62421677413468,5.599176193074513,5.726396655448887,5.696873644437787,5.82445123392143,5.818620445853142,5.779815361789645,5.861447973324388,5.906387093931251
199805,5.43458250907411,5.53217290249051,5.566168388127942,5.654384340403439,5.559797863168651,5.591859928303233,5.712920776136684,5.744322260463193,5.781752338998864,5.761763512958474
199806,5.39633965929182,5.48195016425528,5.505904676982681,5.522022350406981,5.3922307407839405,5.479419595922494,5.5282174174084915,5.626389018199994,5.554510756568412,5.592477211224313
199807,5.3760373981544,5.4791375992816,5.5355556595929,5.579976674536059,5.493237842769339,5.5425388370421445,5.518492131705656,5.6081413835076575,5.669045410398844,5.7350620600333
199808,4.96251332016992,4.68570503708608,4.956983304871619,4.948773796715621,4.9470503431810116,5.384099483121929,4.960109834699317,5.215216362586503,5.4341933600275425,5.507855386603659
199809,4.50816414229581,4.17783118976751,4.31836760292822,4.303581235880062,4.413899052016298,4.5314257971255,4.212170680191484,4.895768429487596,5.134689524093979,5.396345897708841
199810,4.36728606240818,4.17788013493468,4.437618043744772,4.497382675603408,4.58609920003946,5.166480520594721,4.386902740186848,5.225007813574415,5.650811174721966,5.689904696314457
199811,4.59595629121533,4.45766125170573,4.661001758993098,4.841027856233723,4.684804332667717,5.077797758721186,4.530473883864282,5.280823064421256,5.080349461135768,5.218597869594312
199812,4.58701515150371,4.585937149020911,4.6858237129959,4.8101210788740385,4.616423858262841,4.931760999216856,4.666888137238288,5.222263169245778,5.297402176893478,5.6474282902279995
199901,4.58087444168957,4.5875152722125705,4.613565789277571,4.701173032645409,4.659514608207584,4.9349133421934575,4.705972854879182,5.070252100245455,5.090843879277713,5.3267826500233895
199902,4.95350738196205,5.31243984700539,5.381728082295382,5.464400097258897,5.468789536628179,5.56747362001024,5.3346521029578255,5.629440313570996,5.563773698229085,5.825009012331861
199903,4.79051720588845,5.1541925744114705,5.30640214099796,5.487863346465598,5.481754065230923,5.67354675578288,5.58107537617132,5.687425153120515,5.58000605704062,5.950795077465763
199904,4.83043416095853,5.274593572287669,5.368075460853859,5.438020379714661,5.527789406345228,5.538039155999371,5.520856944283651,5.656362645424473,5.728032128942758,6.168056188368894
199905,5.0622343828441,5.6949027175139,5.83553102966682,5.954167388617339,5.953206811112391,5.887840777013565,5.824085518392451,5.828861358681031,5.752220882104176,5.946831119785827
199906,5.16830915538144,5.7463466388689,5.801107120595649,5.994643734698972,6.21771918983724,5.847526055474464,5.932374690106485,6.136065802273492,6.071569554684373,6.275499776015884
199907,5.22737269197817,5.93921438128957,5.9769045488412385,6.227524288738863,6.342890781110807,6.17513094551245,6.151711841377093,6.162152129306449,6.058461031665779,6.354266351751974
199908,5.40341861482991,5.966054690940011,6.031462877964328,6.297088005638791,6.518162983417959,6.2112968400077015,6.2368059515713625,6.328836599941376,6.106930497606982,6.409287316883379
199909,5.31068759221516,5.8553662001720195,5.8916540399344886,6.13456527685533,6.422518494688401,6.1267940259143785,6.295251760932793,6.297205291956949,6.171469003496611,6.578370663626373
199910,5.49324462179831,6.02736330758995,6.0431180334924,6.328020857889818,6.465683031894773,6.003411287314169,6.315339029917773,6.344847482146086,6.26252864182748,6.624616204098345
199911,5.75090079367412,6.142953845898759,6.14741179667319,6.318265510300812,6.654991622359869,6.08068892014369,6.410505121920771,6.503811434448231,6.50612629310384,6.903881368254524
199912,5.95748780776305,6.37152944754823,6.44628205859591,6.569730380398848,6.861488970502162,6.37276105036004,6.673017115366889,6.658664490679989,6.68190092699075,7.009227139340631
200001,6.23273888900109,6.83448636066169,6.69255070538609,6.65731885506537,6.94336455147231,6.502536768264449,6.5945392018449525,6.5179582177659725,6.5007077681175005,6.606661061332176
200002,6.22934272939466,6.684944276529779,6.639930624278772,6.627073250892948,6.806493606990642,6.425875692694859,6.461554849201562,6.265879913543259,6.1918696824265425,6.212294659426874
200003,6.26827289219134,6.52243774748706,6.253880571678112,6.112224639535487,6.1488673128992986,5.921803008736962,5.897783624836251,5.84690390160597,5.860208475506866,5.94384579433715
200004,6.41380329026589,6.74962096493367,6.3909891309950115,6.423424026920909,6.318861931388469,6.14451932024231,6.1106486973932945,5.883300757015249,5.8567244008142865,5.967407329369905
200005,6.56064420689177,6.682783855183609,6.408926815495343,6.415089966544478,6.283239410850449,6.101716029696533,6.042018947845399,5.9973571908923375,6.014590008618605,6.1738569129673735
200006,6.3455873901005,6.304711604125459,6.1234983693041904,6.06915375658545,5.960383894832397,6.166222170882243,5.951878816190913,5.866231115343325,5.8671041472113785,6.079548102362644
200007,6.34623528432705,6.1604294390808905,6.174881483483642,6.0327925722571365,5.877918057696533,5.945028328706329,5.883554613134528,5.862499739381569,5.838256402431938,5.980557947874985
200008,6.25455047810136,5.9459826011136405,5.85668831839571,5.816974974556288,5.697523750463599,5.802367743846222,5.6833302103211025,5.680279389305518,5.6823258609239815,5.852299555396279
200009,6.17652102575289,5.68756883178457,5.723210348288033,5.715855012846909,5.692020325531946,5.962946604118489,5.973557823576449,5.947814137026718,5.99956705712011,6.246000602121981
200010,6.19475270369934,5.583403264991,5.660367492002168,5.671727124536332,5.557054666339511,5.877644152156648,5.7998584328174445,5.8097976020585165,5.895791862034635,6.093886071618613
200011,5.9736751504398,5.23532334505084,5.360287987398053,5.359429541247067,5.273176991069839,5.452305509494984,5.371332439435449,5.553619209318612,5.734354843101542,5.947562960515818
200012,5.45331573619825,4.806255001988769,5.012130683187461,4.978690324017961,4.889285840684558,5.3363092433301205,5.3542465976982,5.409145982082599,5.541213493063744,5.8599122956187415
200101,4.68312675407116,4.58619837430424,4.91252621115531,5.0905781441914115,5.020537140877831,5.3704971232086685,5.439300897569183,5.5319554937901145,5.725552206130104,5.973808983943179
200102,4.52280584985734,4.37160327019938,4.818250508832399,4.937720683059959,4.863320085207775,5.235736767276489,5.327404584686132,5.458542376598444,5.604022285112947,5.814753065192932
200103,4.16770176455154,4.337979663844979,4.754653143472112,4.938184470680929,4.904859286730641,5.369339144109102,5.435641986343008,5.60999228268161,5.849621642930359,6.1099229685736205
200104,4.04993332129177,4.6160951064418105,5.273638111733218,5.377291320430281,5.3935537712041715,5.846627389981908,5.923825338256201,6.092552891645198,6.293919226775209,6.45687947716813
200105,3.79254819067716,4.704138560959821,5.349261624468518,5.565828523426022,5.57918123451843,5.831616359848947,5.889727166788198,6.092261807030184,6.311789552148369,6.49574154396975
200106,3.8814421340119,4.714234813143101,5.393797095216518,5.603346210622881,5.653179127837902,5.785729796995682,5.945958296773526,6.133291093744731,6.290036609924442,6.495339537793214
200107,3.49905469028444,4.1736222591038,5.002391303386071,5.150377751438809,5.324689581753578,5.521280410671121,5.599198262489857,5.789396656686002,6.0094306019435635,6.221995434421359
200108,3.34718965997278,3.96478013201136,4.854607139565889,5.0039544495533725,5.185823813137198,5.33999513693454,5.460494211952621,5.650905448053756,5.865518881894133,6.020885154485249
200109,2.53325330933301,3.2254617152445295,4.451208836484301,4.782059098648199,5.096940220430813,5.330808575161328,5.47879977659305,5.750123839561731,6.054614909787659,6.32607103016818
200110,1.9907586422328,2.8367699980667,4.01850549971131,4.54110756750087,4.878200600672171,4.933322385004548,5.093801662953354,5.418763289850965,5.760501130600744,5.932066936945837
200111,2.09706252822928,3.60666970880174,4.779835000754701,5.14437931129684,5.391924495705139,5.529733169329141,5.695802315257872,5.93101938909593,6.241590687768088,6.573253589480871
200112,2.09339483093473,3.9821482334929303,5.347378324269701,5.446715263955397,5.697721428521042,5.753096267301419,5.97215348196497,6.22968480655053,6.459669390717394,6.655880269408186
200201,2.27891531545401,3.95170530355871,5.198306475264969,5.4633683954651495,5.739534153012112,5.673488163472108,5.81819852375294,6.027429345472399,6.230389343918603,6.488381493954897
200202,2.19999881267651,3.83468313848765,4.874230955515969,5.279941735181872,5.5888492923690976,5.604103536553559,5.79309595460942,5.960904781734719,6.12131653262869,6.424737962902007
200203,2.72917344428448,4.64756455203594,5.59955830295511,5.85190926322999,6.083746690540682,6.040021913819896,6.199056469968351,6.352252508832514,6.4816973957326525,6.741205344905879
200204,2.27283672349905,4.15787584132699,5.15100741054494,5.532491578030498,5.709474989414719,5.747506734602322,5.920212141115737,6.078371244188062,6.235613133252016,6.493198440349865
200205,2.29847401464707,4.06140875936657,4.804573978096942,5.2917915274078595,5.596499570725207,5.699808840266051,5.935954044315963,6.13457158583666,6.335299948441175,6.648091323794503
200206,2.0262070000174,3.69564132784746,4.569842885972809,5.05964963973841,5.308526497874322,5.550998261107658,5.834691582245476,6.015646166993108,6.241904871531098,6.5898646385736654
200207,1.71131990469529,2.72482156015153,4.00435257749638,4.57184325713648,5.010750991312518,5.33103768282092,5.706952767647319,5.940482985019564,6.201552350059728,6.5581922288985695
200208,1.72822937766707,2.5179524123010903,3.33133729375354,4.28275369768666,4.646238832606189,5.031782100068732,5.30879534696254,5.455784944648897,5.613775706180078,6.057044642442698
200209,1.452274287558,1.94816006872968,2.699129126532,3.44966151207704,3.9051109629406806,4.54486432372132,4.996268205693028,5.136512067045931,5.339894449289343,5.891976850977876
200210,1.37403279987101,2.01683326795813,2.96389108119237,3.7812363697863303,4.257340528069111,4.9293630773994295,5.391845695421402,5.570991025323416,5.80110337823205,6.3286188633566525
200211,1.52388447652184,2.64123325509884,3.6435592656115094,4.376947466909731,4.653278200952531,5.164928999242129,5.523298749853609,5.640654186419091,5.817481090499456,6.253303028998559
200212,1.24203962612564,1.94392689474348,2.9576325096045997,3.76366589495208,4.2050382572793,4.750327633403641,5.162272295599429,5.425203224773028,5.71756037433498,6.165062316071214
200301,1.30201613509583,2.09527907869259,3.2356338409066994,4.123874416338521,4.465519568244909,4.921071204718089,5.223079243139402,5.408330245142519,5.66969011172424,6.094445262799098
200302,1.23967658039844,1.77477015524392,2.77549868777207,3.7017890186810494,4.15512535313392,4.6275260958620805,4.95019699034447,5.134819618488532,5.371258390452706,5.811159676929108
200303,1.16897344327204,1.8111468991611799,2.94886814035734,3.8542678737146794,4.3150903974584605,4.815083976091319,5.1518172936486515,5.324786057302891,5.561824412803297,5.98747122782914
200304,1.17012920978164,1.78917331730254,3.0019179881694704,3.9082328793552303,4.424769377785669,4.836433895821449,5.120816795024943,5.297818876290819,5.526395436364041,5.898489333260997
200305,1.17045625261123,1.45720779455657,2.2539073716896696,3.09751385088781,3.75011440246492,4.304902839813401,4.689907921305188,4.84831499086561,5.019051145690572,5.395910186388427
200306,1.04492485954171,1.52090090330801,2.49495226763703,3.386002720082489,3.9810228502569114,4.455594702760488,4.862229618655082,5.025692430357001,5.207090170981978,5.578829778515605
200307,1.24497502889374,2.22650889121048,3.4809408151594003,4.581914013190459,5.139854336732071,5.590153883705771,5.923269605604272,6.03678999164141,6.147493499281538,6.5727006768436524
200308,1.35375094016856,2.5481773875894005,3.80753376696972,4.624787135479799,5.167807347949818,5.4801530279071,5.738812053936904,5.846994312244458,5.910633554392504,6.43103652256864
200309,1.08885463260137,1.80615758736965,3.05292463111121,3.84275705641769,4.495548093954682,4.943313978787037,5.280710307152173,5.459375865846269,5.616540425706411,6.152449121158611
200310,1.29529860137753,2.3602160480788896,3.5555661437004606,4.282250189715719,4.923892131868051,5.236456268687547,5.577150960383303,5.693801598608896,5.832578736296,6.409918965735507
200311,1.45679564589359,2.6016557341981503,3.6756277819733194,4.308794053133781,4.887559010511309,5.12028153381333,5.573499339073251,5.662313405707348,5.869043090259076,6.323117274176248
200312,1.25757764624292,2.36309416298112,3.5157018402375297,4.25864223412907,4.850185972755709,5.079681414641634,5.550793786984208,5.651807089035408,5.787737607089909,6.3037461613586885
200401,1.26131221951242,2.3305826560222,3.4619661934990402,4.1167233164498604,4.72435157157828,5.0009138900306205,5.354384834354857,5.441899578967924,5.582021673917303,6.170412161078289
200402,1.17481425307323,2.08200448058697,3.185899953549539,3.8941392988828216,4.52316948227079,4.791662526416308,5.16826792867467,5.302270506404312,5.477706048973555,6.150048028495604
200403,1.1466165287336,1.9692190328199397,2.9049238501812904,3.72596951162853,4.37234664823484,4.708758600408581,5.042772999999919,5.2131563209789,5.439051321911283,6.030359603301214
200404,1.61332634202359,3.05182363542065,3.9819792253013597,4.6168177226299605,5.10333220203869,5.344264133339731,5.5556954981159485,5.649147266466791,5.862951523563069,6.583055357174715
200405,1.83580413694039,3.26629397781869,4.23393872948229,4.761044499210749,5.19922882563433,5.42002251364055,5.62767634926707,5.77130750568913,6.056193435503701,6.668525078178703
200406,2.02428489387805,3.34516591838821,4.11615922823956,4.54363528493702,5.003667707211459,5.331054597691619,5.500536392778692,5.644277472774192,5.978689348093852,6.576156102339745
200407,2.06760400388503,3.27181941860707,3.97933882913005,4.44519037714621,4.859520018634642,5.205944200964698,5.362058131845579,5.478202119192559,5.765592001026448,6.42587463337221
200408,1.93448721433267,2.8073635046861902,3.441643401182551,4.057787821373829,4.4981872368608595,4.85899767004878,5.0071289132564125,5.110541584408228,5.3922258018498574,6.163344710050325
200409,2.17939128698985,3.00000657260045,3.4624283205100292,3.9864736742950306,4.369079189143887,4.79049087147839,4.920864860106164,5.014611737176278,5.366556333527104,6.065211393685317
200410,2.21592065258632,2.8487010742494197,3.3524605344895795,3.8616453510269206,4.3055969745853115,4.637068780369109,4.823241977252778,4.935602925529601,5.286590652137306,5.928789510674953
200411,2.62375730612136,3.3474752016769203,3.782978032392659,4.21739775224926,4.634520616742899,4.86797508521034,5.053250730774877,5.175755105077684,5.5165390969666035,6.016907187740401
200412,2.73563259945809,3.3485898788555497,3.642956944640881,4.056148890722399,4.386448386883528,4.664326374159209,4.807956438328951,4.964873548860751,5.372402213287771,5.779390804802375
200501,2.93431189078113,3.55117135415077,3.7413111866429594,3.9799684352619806,4.277156041682559,4.409379300360179,4.561147147738772,4.686405002592046,4.992167061563741,5.316358219613363
200502,3.22109009130601,3.90650173122569,4.1000886671513985,4.3184037656269005,4.5363114505910005,4.577813874909602,4.690809443501209,4.861672808343151,5.1348316477917635,5.349834156915577
200503,3.39718401726879,4.10131766760167,4.244791226723441,4.4504843599379775,4.603688322769674,4.642924909918047,4.70775492737144,4.9121820106396825,5.248697905467488,5.4749810582226885
200504,3.35026108609838,3.8630953358338203,3.9224166901703796,4.0518993201384195,4.20693543594925,4.278916055313811,4.302102312696309,4.607750069428512,5.057911423968882,5.272567836489337
200505,3.34404743751108,3.7185962473364396,3.71797747416453,3.85730054971091,3.9543819069412898,3.884012918593413,3.885262017912247,4.451075971872651,4.92812781398781,5.115571876005134
200506,3.47076456392957,3.7057470275862703,3.6720944714643906,3.7597791784188495,3.8776312985987182,3.85591668772242,3.948163086672949,4.259573908947793,4.56267137248647,4.7494845202674725
200507,3.83304984599203,4.09434400743679,4.140748468044131,4.264629365411647,4.224859213907653,4.146948386969168,4.256916701049704,4.549990413268716,4.7918492556910905,5.018403510089172
200508,3.72807292846638,3.8168928138543206,3.8274331429926995,3.85656670529724,3.9321248871660597,3.996775857487261,4.11123533863131,4.34759981200353,4.53140355733737,4.710878630351729
200509,4.04977169237975,4.177915296255691,4.187159628605439,4.226919044216121,4.278421049693648,4.319717781010532,4.37128616245306,4.542236927719522,4.7518389485328285,4.98432754124331
200510,4.29687506852662,4.375621555127499,4.46031513748504,4.49657235020576,4.5083053955336325,4.5440340430492725,4.601088256042868,4.79539934302851,4.956014850874936,5.151833884775861
200511,4.35722348408169,4.33848734896293,4.3485295409565605,4.422993064276021,4.408361979780949,4.535566239846791,4.619653790257033,4.735181696925707,4.888856093275706,5.2100514147224075
200512,4.36356169585719,4.3233223967465095,4.292960854991188,4.289957731795873,4.24457393331414,4.347079173218422,4.388574282660667,4.517990660335613,4.710452666854316,4.868149553027884
200601,4.52549300767956,4.39323318095694,4.395669709949521,4.469581495606338,4.42456309886294,4.515961011998179,4.5615008498860234,4.619230804625541,4.610650279391166,4.8696110528502885
200602,4.66550568731807,4.56793053722789,4.552627045415539,4.55817512040338,4.446544731672972,4.525723901020228,4.562490858501558,4.6119198630690015,4.526851416452018,4.720272015486444
200603,4.79938157130212,4.732141840567119,4.741724674555771,4.80153520914811,4.764063810480177,4.865501944969761,4.930623162998863,4.971902299478316,5.011320440746275,5.243551949503988
200604,4.85847032855426,4.7486641181485005,4.8251649435624895,4.916869534956469,4.9511255166921835,5.084888696745978,5.192615805446511,5.271883517460246,5.387260326025803,5.650922900908256
200605,5.02319623418305,4.910111942287269,4.935764431774391,4.964640201260728,5.0209263849965104,5.1346606334161535,5.277781574217279,5.28066075109286,5.333521042191087,5.72474957171557
200606,5.18896532653939,4.98246138057667,4.977089359511618,4.965486219672922,5.0011765925076475,5.10597922074755,5.17279605759887,5.207078897732536,5.27546890876134,5.584206996167552
200607,5.03257133242869,4.758184028339871,4.766124293122928,4.77330694070859,4.841338064083473,4.899785779833266,5.037224848844893,5.089505388695812,5.161024511642424,5.435719457972148
200608,4.92584859670582,4.49424948192942,4.50504821854283,4.572541119070571,4.644369923147806,4.692978177025413,4.812945144149147,4.810879942438994,4.825059580386295,5.133870974180603
200609,4.84968006321741,4.399968719483669,4.3900666709352905,4.443039023134791,4.541210668196538,4.534358696561419,4.700739535429534,4.698162861611671,4.778550967506533,5.0272864910915445
200610,4.84853570418508,4.3946835712731005,4.376230255724121,4.40120544223014,4.4656722165736085,4.52251159593451,4.667163738368778,4.656456019974101,4.663456345368694,4.976947986616565
200611,4.79589679802023,4.27411324967327,4.230931042038328,4.24361093133157,4.303982820964354,4.331050556813864,4.530034095761874,4.525481121561949,4.556564775298192,4.861266303808868
200612,4.9296765846335,4.551482745136861,4.484919832135779,4.527072038682862,4.5986508383066464,4.613121177292893,4.805225238410728,4.745485259220175,4.780415133608862,5.084945446552396
200701,4.97374246944062,4.720686485715139,4.600002358136601,4.655799934046438,4.692796134592999,4.688957225353384,4.864016701238857,4.84041420370724,4.834062481765947,5.165282692159877
200702,4.82940483508263,4.34749722670617,4.318900562466569,4.35005538387799,4.452320556995694,4.441645667115264,4.715388016156464,4.725786676912183,4.688429018023257,4.960479047118675
200703,4.82971477396802,4.291386241263759,4.3151055862165215,4.452075235214259,4.487440502715689,4.572415178472351,4.872565341549116,4.937184850552285,4.841621781462244,5.195872408195555
200704,4.84226912776899,4.256230686030429,4.259797567383261,4.40088648031708,4.48003479854059,4.537074390813245,4.833788890874697,4.907546269266749,4.796023904899059,5.1488452426834925
200705,4.96027795692927,4.7505911991158705,4.669088616728489,4.763097137477612,4.753712511440657,4.75902997903162,5.053424990285752,4.999328906559612,4.979303497594799,5.350448287135727
200706,4.9130799025712,4.732057627386499,4.802245832191941,4.919747315426761,4.8746258776691995,4.891868278549381,5.311349726296356,5.390807754340344,5.246302474344837,5.541515600064081
200707,4.71130682403491,4.26462661276245,4.369136152775981,4.5941128124942985,4.626616685853911,4.794249397643927,5.154429482956374,5.126202314563905,5.052325074885715,5.318986002554027
200708,4.29788921154834,4.02135589087282,4.08563066923703,4.36786607720197,4.3511990790780395,4.5197698428456405,4.993968965298528,5.2935681015517915,5.052632471153281,5.417570649841856
200709,4.03028171294122,3.8818385591372193,4.114372840942629,4.438018365426132,4.55164452321965,4.660193738441311,5.150811819639397,5.266944574120203,5.231715494335575,5.5951960273073595
200710,4.01883026326467,3.79191123046603,3.9650612510171888,4.37251222690071,4.426688663823203,4.558013938231117,4.994995203493264,5.040926300631419,5.089718850650101,5.555204259541995
200711,3.16024306960433,2.8326831181282297,3.100449387608699,3.919767630066781,3.9833717488003106,4.223813198698629,5.108331166663881,5.030421108052419,4.808658755621703,5.353375204875121
200712,3.21200803537311,2.81971190718853,3.12215466633506,3.9996190204209405,4.031018170930711,4.325580732921168,5.101952958777989,5.330226657973931,5.022400800014449,5.567162483836512
200801,2.06871975039755,2.0815917043150503,2.5098887819570495,3.4888891250430705,3.7835566898452786,4.158125055768501,5.179824789479099,5.142906248628481,4.900553633652933,5.655834522691187
200802,1.63604853567552,1.60072657967876,2.3116615102416698,3.284385400691451,3.7767365670377995,4.1772315741198405,5.419126160383406,5.368824098516594,5.277151156763868,5.712026067589889
200803,1.4569960215674,1.62962127116048,2.1935864371024096,3.46628943778063,3.423006131846181,3.5090363198263184,5.03122377235006,5.520589078836281,5.947079765599451,6.55117411965869
200804,1.89681773311765,2.5286058135990706,2.9461196998404997,3.8691555393107393,3.8666950021304416,4.00479374399292,4.910514621053238,5.2000314486311225,5.6161020456413375,5.86457291231968
200805,2.22730536851755,3.02542170013131,3.5964677912838505,4.14080379997621,4.182287349981781,4.38218183659178,5.203542440021238,5.385072820165,5.736939514913551,5.9120736966722305
200806,2.30740933179495,2.8167992205837096,3.5974099862165296,3.95489868529285,3.9013851806565594,4.132759312075041,5.224541792962018,5.385353036281941,5.828923023278588,5.951343575273214
200807,2.18972083401641,2.68915988866107,3.5300396963063205,3.7368717255177586,3.9940758637384413,4.208250499671038,5.06982037330377,5.56252578738351,5.97121441452612,6.090084310824459
200808,2.15006724761762,2.43827926146248,3.280446706052479,3.6447314166346603,3.90369786565671,4.025572963767949,4.835613521938782,5.468954712538757,5.494333820444464,5.707495507533395
200809,1.80757136513144,1.9308199309910798,3.11064005962143,3.8749306195030098,4.024153537215039,3.9151813940629214,5.929931475491152,6.12498072747961,5.759680845311095,6.0972039167287235
200810,1.36815193164916,1.4114307818875,2.6107547400181006,3.3996895857093996,5.1377134267005395,4.85611586645134,6.90187260490584,7.255115920482918,7.895764787494031,8.325395744169477
200811,0.778460738810025,0.890478476011109,1.8166018381545463,1.6525443719277995,4.02431612627732,4.3047997715765405,7.05322429503266,4.909772121497841,5.353999261217748,6.728964702203509
200812,0.358375017912496,0.829637687938894,1.8669643032439598,1.3846036458339301,2.5701325194246696,4.21655135112665,3.9419330927138603,3.9002368185409804,3.5542789981701404,6.53515286198682
200901,0.535861457438897,1.1457830260130168,2.3577737936319063,2.0312467624516195,2.9002596891476102,4.8638928917756115,5.870703922814361,5.166887434552017,3.809979622960963,7.508690018434496
200902,0.695906525739142,1.1647931505470521,2.282825917981016,2.4993936021001497,3.1620168157868394,5.120660097974879,5.649455243151682,4.98422299620772,3.7434059634307815,7.192429307633237
200903,0.559087149788237,0.960916758660519,1.8825034024871143,2.0207692998260893,2.7154738990717906,4.099440261659069,4.411199105999652,4.5505350631680095,3.9409810944868617,6.255319730636256
200904,0.493219564407835,1.351610067305669,2.2764227546391367,2.6975924729132794,3.4306249972829805,4.351477146735279,5.091929971489272,5.282387813618868,4.718190197552399,7.202729161884278
200905,0.495973908124701,1.330355430621695,2.3217631984907143,3.33891617501697,4.46851467341867,4.80501471382045,5.35084482430522,5.397698530543341,5.095147683496016,7.190389960009725
200906,0.522072025554452,1.6739262551081882,2.65744835694544,3.78713405901828,4.42797154815724,5.008469149541842,5.09762095091622,5.403952405475859,4.505926018026585,6.595065397019695
200907,0.526320866942589,1.6910978501063711,2.5588144773846198,3.6091587932113,4.472082252335069,5.00649132345959,4.731318414309321,5.339763567736501,4.762514024027951,6.550584749424587
200908,0.419757639606065,1.520081771927747,2.4611621926589486,3.417820335846679,4.402503171944909,5.017666599666853,4.7693569166197705,5.400613297251507,4.783307337885578,6.190796942071046
200909,0.399344151377268,1.456696084476772,2.3725792744989502,3.31910826099321,4.3246048096558,4.840270649234297,4.571815661669454,5.049132159796809,4.686156919468171,5.4239601035169684
200910,0.379159826769895,1.380236896479505,2.41041959076466,3.4026956783807796,4.23621323786186,4.796576955671162,4.928100576608347,5.085275413472832,4.922677476037542,5.513340748232714
200911,0.287638180128661,1.0290329011637331,1.9363829371576857,3.0365763566583603,3.9146624545465096,4.48671268489921,4.813644926133211,5.143440169720389,5.1899538176945015,5.6192601162652345
200912,0.553211752935287,1.732721774942493,2.6917307557294,3.812199343700459,4.76262907892416,5.162125217055802,5.400135958964789,5.47350854133737,5.632154821286228,6.042089991789105
201001,0.308745434600544,1.3047763365849059,2.3877091132471504,3.3877578476968395,4.4164887756309605,5.020260773871819,5.3041915322354605,5.356853329723439,5.572207420532649,5.954038206323432
201002,0.334771730224677,1.262892408648551,2.3825740521659315,3.3843437031258006,4.33052069430604,5.035162993987461,5.36429403157474,5.379996062415998,5.757399499120957,5.979706678361239
201003,0.436101042872563,1.5447792302881451,2.7241723556248116,3.7604789184656404,4.50230646367099,5.136711962423689,5.445400324008549,5.430821936465211,6.0192481111509295,6.251355605038867
201004,0.449963067335076,1.4250116523758358,2.5770999398411982,3.51977426411697,4.35517635408152,4.85061202966066,5.14367462906586,5.258207286403842,5.71198770256364,6.156935936641695
201005,0.423086147959925,1.073557643802019,2.259066195394986,3.3214138966908697,3.7760366905268503,4.57565459041111,4.430203759542181,4.8562601177945375,5.771874163353694,5.927830788868629
201006,0.351886993974055,0.807654456316971,1.7146505040829132,2.886639721291061,3.41907820342115,4.082771412754429,4.011419447978,4.1518401445180615,5.47594535858277,5.58388027926479
201007,0.32290488805445,0.723555248912922,1.3472840874697056,2.4487257491406025,3.4000134872737693,4.195861619816391,4.07198542831167,4.041025013833771,5.828709340093738,5.668571480764683
201008,0.285414598870235,0.622654776517051,1.1547422682880888,2.026462483296425,2.7178893143233003,3.45740919161424,3.500236553428241,3.520026238374099,5.076937543497852,4.732621884576766
201009,0.267801778323712,0.538344591350946,1.108505276614862,1.9330109655103518,2.677080102083778,3.4738946247082305,3.820553738211119,4.179869569917239,5.0065678915517715,4.860216669352091
201010,0.241063796332576,0.385988466042692,0.871520418607386,1.8648013349795738,2.6695183966671228,3.5957039963454696,4.221998712490031,4.500929003416909,5.206732252573559,5.369094661743382
201011,0.29542276346669,0.59631020825648,1.2400375852783552,2.2612160176641147,3.05594146203671,3.7416176796798712,4.18034944780822,4.261113702791318,5.060544785786078,5.474397439971561
201012,0.322812954057074,0.842092588892544,1.860796828070782,3.18702238990132,4.001815087880679,4.516917192761021,4.513502379350172,4.570137283083287,5.61136843164228,5.9629395983047395
201101,0.285944734799467,0.817686250954081,1.7628925731859328,2.9407795582066796,4.01489351141154,4.76678716571776,4.792931208604408,4.94958417283469,5.680744261767462,6.102936242198879
201102,0.290273479548697,1.028718941179303,2.13484879539466,3.2126647958257397,4.1499713688419995,4.640371138434881,4.702233255398818,4.898741746440702,5.56582851521555,5.704200825463847
201103,0.343750930089311,1.2902794123088328,2.283210245888726,3.3913956637638902,4.167407920575889,4.6393010898639115,4.685523659491469,4.864745541293409,5.398046102727292,5.72598369828237
201104,0.250329955973426,0.9154164667482221,1.902773684946972,2.9883715421491397,3.9334714041320895,4.508827646380549,4.6703352051282,4.969431402497243,5.594867075153079,5.853146150089774
201105,0.212065423113206,0.688454199637338,1.518212940439621,2.5398086982021146,3.6024519689235204,4.103371371975639,4.345345892312942,4.790937128621138,5.45920272940112,5.569189708001158
201106,0.217441685168348,0.7213973009032739,1.568177917179556,2.7655855528456224,3.59314234262175,4.381630156840931,4.415918289627411,4.9373120615459065,5.818079427207071,5.890959564409329
201107,0.271417351726394,0.43832488095751604,0.985183093959195,2.0273224254654028,3.104968060195342,3.794054583943309,4.215623957181332,4.739958632465989,5.4694204895877405,5.554832517676083
201108,0.118614251890759,0.29853220058863505,0.6303013860662452,1.532987780842773,2.342637895941988,2.92332907109252,3.1896001792539206,3.874153843242919,4.598597295569242,4.737370411814297
201109,0.178944513388832,0.40428353235785597,0.7389589962693109,1.4174461920685892,2.1252782633749168,2.472592522533315,2.8324790732158602,3.1124305890825195,3.5174700138769204,3.7909656322543803
201110,0.151340871615833,0.34809371017813096,0.7484050084647529,1.403239784423259,2.3011358365112495,2.8447614722139143,3.304412017550449,3.5355012545100113,4.0393285464675,4.289717224791598
201111,0.141654346677051,0.40411257078208895,0.7512974743166689,1.388095356374139,2.205875453258697,2.7064618403393546,3.1804548137253192,3.502345860766841,3.8339393320119903,3.8944023157392493
201112,0.152564594676941,0.37636441467478504,0.6906513173299449,1.2425011419309329,1.9219405207494566,2.368574255049279,2.7636255968515115,3.196561587674589,3.5216233542615587,3.7517038165740004
201201,0.139316075983911,0.297133207876925,0.490601751792247,0.9613223172942249,1.741876373599422,2.33474387109305,2.6567754782690907,3.0994438941073685,3.641455385725582,3.76655526376798
201202,0.198653859924032,0.423847623233604,0.7405550148615551,1.2006019944867048,1.8723318282663488,2.3866871892234762,2.9282702137890997,3.29699643638798,3.7062931361775,3.816273159954296
201203,0.234681807910932,0.4956996284870381,0.9310511697219198,1.5422050832686742,2.184248403340636,2.7677094270750793,3.2630942019791913,3.836816726559409,3.9508368216429783,4.07627094857294
201204,0.20741318566933,0.35296692067595203,0.678694835942437,1.215882757735541,1.7462296383622649,2.2525941049849747,2.83337101039218,3.55852668542148,3.676309282693591,3.825283394517051
201205,0.208324355275606,0.36035484726893796,0.579674053583425,0.9920338926906911,1.2985981460310652,1.592687440649097,1.9687170996515677,2.8851246858716895,3.168613513984532,3.255431843048987
201206,0.250170716154019,0.414822715212239,0.657979749418242,1.0562475419161919,1.4351918532851333,1.7939169150775864,2.1517493984852383,2.9794039495555094,3.217891288963921,3.3264490986950204
201207,0.181616218908927,0.26058309824957504,0.45187354741210095,0.8625596636786651,1.3072216014112317,1.6875861728256383,2.050549280865644,2.6099078802045383,3.01580959788944,3.0983084057139383
201208,0.19739153268802,0.276662795059066,0.4737265367192439,0.8033349872911462,1.3379979201040193,1.7434399635680502,2.2386595025093046,2.7963309692371494,3.0806407613137203,3.2300235753788797
201209,0.195917830880805,0.305882686518311,0.5005031656503041,0.8800763698577159,1.3076062809376987,1.829436754173659,2.3634441215009865,2.96780876768028,3.2804204874834504,3.479895721996492
201210,0.213262571380266,0.38400444255497596,0.610516932920926,1.0215680043118722,1.47510627800323,1.9316466186316594,2.43310899910254,2.93454586514013,3.267985202196149,3.47700979446215
201211,0.207684982613743,0.336257611332741,0.514406681941919,0.8340412201667411,1.2976054147049558,1.845364619374858,2.323920750064631,2.8607098649475304,3.175623697232492,3.3634854593742887
201212,0.189305317930486,0.344448367356606,0.615506923709957,1.046230790343779,1.489773108493647,2.028334231820179,2.6417369176692445,3.064954863071142,3.36136332205672,3.54413089428364
201301,0.173923260235827,0.383042259892269,0.7393696386237031,1.314624650391749,1.8305966712138968,2.395174874568795,3.0118658371376696,3.4190236371550498,3.6990169180467305,3.8017451363945085
201302,0.177995990865387,0.317936619269507,0.6103659374957591,1.126126813320231,1.619792307104961,2.208922247319615,2.7344513847592697,3.37784657624959,3.6723744976052988,3.7009003413122823
201303,0.175198184554311,0.355692633773079,0.605952597061335,1.1167700611604832,1.5757220300191266,2.128517321118817,2.713070336612608,3.3507439584014396,3.6182517354664707,3.7170930186150297
201304,0.139322972476741,0.310412891363685,0.5282385195839898,0.981743366264048,1.409478899751116,1.9460099645735118,2.489683551478418,3.0389651902647303,3.32714200696606,3.4124826017888985
201305,0.165258337016588,0.458490731611508,0.9243154809216441,1.53331644962568,2.0460246239478304,2.5884305963541294,3.10101898632829,3.6327335136046504,3.7324231278307405,3.8865963412590396
201306,0.188690111716174,0.579965714752124,1.325790814691406,2.2125808418060156,2.76797039267033,3.1111756739299894,3.5659400223289808,4.012119514809541,4.006179556716898,4.190820398258438
201307,0.145588683964562,0.5115386126599639,1.2444736139651122,2.231106357673522,2.8674794758474897,3.3421193477806312,3.806143901103731,4.282914393622189,4.23767316218553,4.442245249764365
201308,0.170845568704008,0.6942680192602779,1.6221339087349793,2.655536765687535,3.162407965883399,3.67878265019832,3.97976708602285,4.49510862075255,4.294857062690841,4.426054614967036
201309,0.125986687736339,0.530805047768637,1.3126040283182348,2.2513267957092693,2.7585588595286197,3.4618781140375416,3.783168559246569,4.431215696358549,4.380240473763369,4.480843447510669
201310,0.146049023851438,0.486990716587266,1.224867801400838,2.1622903903569783,2.7038767489308295,3.391182871380691,3.8236389148081305,4.29963282346551,4.307873194311139,4.446754096356578
201311,0.168435214297826,0.435978571322024,1.1822220583334868,2.2307168489689833,2.92846035988668,3.7650482422023606,4.226984312595521,4.5496895378416795,4.616546559976548,4.81275710771509
201312,0.16538170490399,0.6183963203769041,1.673870763992067,2.8390795876994788,3.5146396375516096,4.085672976836351,4.598718531939349,4.696055899056251,4.626264601913341,4.844307997778458
201401,0.147513355222919,0.542100057940837,1.4784674176284178,2.402531588598466,3.0137181258995103,3.573855553272109,4.007310409829762,4.19860683042662,4.135280772775719,4.313025424039644
201402,0.147442391359045,0.5219700135148649,1.479484911316832,2.4506656652676577,3.0638370184734507,3.5486788105255505,3.93232401606914,4.052877771308101,4.149532145301549,4.209550119734708
201403,0.138963211506018,0.7166614763771401,1.876928596471998,2.7449698430936436,3.24035788583255,3.733926772017451,3.9417100382849384,3.9043905903236222,3.8676917744405266,3.9831236826655143
201404,0.116432641449761,0.718677343631497,1.820595742250787,2.660982572186555,3.1721272076368505,3.5749125139447298,3.848169968718139,3.8290073868195993,3.8212864132177202,3.851195024855663
201405,0.127703880743063,0.630825450639247,1.663826278616037,2.430979265775133,2.92691339122622,3.33165803401518,3.5158808235287218,3.592085766097199,3.6542788396764188,3.7086104503163817
201406,0.140119627918485,0.771101535257959,1.774058005767839,2.557808224846317,2.99047372520785,3.3605328673493897,3.573592158635421,3.5906599939235377,3.6659692981866137,3.7445605847542858
201407,0.151136912027661,0.924125867040923,2.0354762812851757,2.8240321613804804,2.97966119617426,3.4033718178107186,3.5193764079433425,3.41686497634384,3.517687373544149,3.6207642105156523
201408,0.148629430099809,0.9137137992172151,1.8943985446004297,2.5674436052185063,2.7743127241946413,3.0612683510266994,3.1185399246625387,3.0981923083124823,3.302527739262839,3.2923454667775403
201409,0.151974214351354,1.046694972964652,2.108533969574964,2.76003420071239,2.909971190681291,3.3307969654252894,3.2959310056705,3.2673400223741993,3.392612149972372,3.404983295412187
201410,0.16734119276837,0.886475269077002,1.8869452579867847,2.553940714337643,2.7657149828847,3.203240420863981,3.0120341610546877,3.1326769055530725,3.29562705000394,3.3881521212801182
201411,0.178056698975194,0.7939670841667621,1.731251803959332,2.3144869169181916,2.52834914199562,2.9799984821356196,2.8614243446205503,2.86816363907033,3.0521528436595418,3.2522512541768585
201412,0.300823522148004,1.070714369497332,1.9810299851650142,2.46770571117173,2.494405649210621,2.959613641278839,2.6665724115662304,2.648463788558388,2.799774864178879,2.897163623939363
201501,0.202406662529106,0.72294286447876,1.389470941465007,1.7049032921671667,1.86510484586816,2.309723031344901,2.0976660295720198,1.9969287073003201,2.3516186421698393,2.392377859052619
201502,0.276293620478452,1.002083293013258,1.8059729914005298,2.21205900711968,2.3037909689716303,2.72512203424881,2.4883510194404597,2.396313468366781,2.67957717654976,2.7102257069791413
201503,0.289484701534411,0.8621647955427609,1.544403445767694,2.0633910402483338,2.19444760118975,2.640095736742172,2.4312234911542685,2.44428014383557,2.7034255475616096,2.6252808055735315
201504,0.26784758821611,0.925716805768354,1.56979732314071,2.1434203405822663,2.3846538010961593,2.829291383192941,2.5360192086705897,2.6610246588949504,2.8186395599487604,2.889355832421458
201505,0.300578641406627,0.937000758007051,1.6152851424779882,2.242615780294094,2.5072974762121394,2.9080997672754814,2.6635153099389797,2.842350577097479,2.982260502142612,2.9502591522500516
201506,0.322272788318915,0.9916979957242591,1.7646086631897158,2.5081992833297906,2.8578209709864195,3.2512801306530807,3.002321026507161,3.2812143707211376,3.186711127873682,3.048729642227041
201507,0.358658279092669,0.9955444896513049,1.619685040196367,2.301477282893419,2.6236708114917393,2.920977831164141,2.7231936360694498,3.0860563633345084,2.95213839450334,2.746692312690861
201508,0.435156957366955,1.100032597911859,1.7260667621460462,2.2962609413344195,2.4942960361306206,3.009723739155479,2.729237413443121,3.0999140084143004,3.0155244875863367,2.9740621192412604
201509,0.361936258077107,0.9285674001679829,1.4678716546671609,1.9974002127806694,2.295699594734179,2.6918678559422613,2.5452419268061295,2.9843675264985894,2.9945958028334037,2.80499453818722
201510,0.461710886103171,1.066003463173813,1.6060102947466157,2.2873462139431604,2.4379773397008897,2.8307062208345295,2.6874581497797614,2.8750398998060582,2.989754682314622,2.8341681303586768
201511,0.679177562178545,1.226146551137651,1.769087670680624,2.3070108765289796,2.57668037227155,2.7626850932647518,2.7346416140442678,2.813573318108432,3.017156956111908,2.8755267147397916
201512,0.783884531409826,1.372575654218514,1.8040364503938497,2.4798728120671303,2.622825096324079,2.81468763191652,2.8178074656616907,2.892905494679429,3.0190529408177333,2.939246258878928
201601,0.628238702066946,1.003023699671022,1.3296332752701001,1.8529767264764123,2.09943199018782,2.3222091431017606,2.5137412945553397,2.6752194650621988,2.953127862241532,2.7218755875867693
201602,0.662388845524012,0.906870783679128,1.143796668858446,1.8197667918499736,1.8866706818242402,2.1471700775108804,2.12379443796398,2.3524391675335004,2.6906233667282393,2.4602104766421995
201603,0.600592468692059,0.868065749215027,1.1292827332033262,1.7216978443418682,1.9311219227951701,2.315898592762311,2.2333667029751396,2.4277452471351797,2.626909096770669,2.5383307938790516
201604,0.587594225575634,0.9768994649449759,1.262932444979375,1.8220847821871353,1.9967628697758792,2.3613863448395405,2.35121829714776,2.4154924487432208,2.544414137905557,2.5800295178149213
201605,0.712957514583498,1.04427435654679,1.3391885101450525,1.9375204840132199,2.0363652276974893,2.3272963349601703,2.27722208031874,2.38026640660936,2.4507852963565604,2.4961174796759202
201606,0.496421278670064,0.674606090970718,0.9619755945362303,1.4098933168645518,1.562712947805986,1.9160811991490894,1.9053146990956504,1.9597256013868307,2.161750633051849,2.084588418221829
201607,0.564637908597134,0.749867725291512,0.9811472422556591,1.409135287593291,1.5492243511483035,1.8368143572893798,1.8954101031198807,1.8929389931059593,2.0432975085638407,1.921866889147541
201608,0.657201747487873,0.969431452589755,1.204173767295478,1.6444312079179744,1.7214796697834691,1.9760391949133096,1.9965265760716822,1.9058701729025387,1.9855567626140687,1.995174296995751
201609,0.652816981452672,0.911131061837584,1.153300305433157,1.5660677998381867,1.7005340781837006,1.9275046692814994,2.024503229075269,2.031789384353452,2.2192468155303793,2.2425937440208976
201610,0.680839112353345,1.042851951228331,1.3017992849861435,1.7934756653016608,1.9865769249436704,2.251436465267229,2.2697254382756693,2.3483011018816313,2.5750779457737796,2.605219298177442
201611,0.858635008836558,1.3801180876103822,1.9879094641434003,2.6210756290235793,2.73741158556198,2.98511821797074,2.9573784714264697,3.009365830010889,3.042414293436849,3.0788378462650527
201612,0.894813096194417,1.4823289032282831,1.99780342253249,2.68318179903045,2.8101869639374106,3.031593082234208,2.9502821492470215,3.1331141864013183,3.215730699542622,3.2591249164466767
201701,0.8566732834665,1.55343097927082,2.0507285576803,2.5720899162347397,2.7139724259825897,3.0976716253896317,2.987480200754348,3.1586279784621905,3.245023710137392,3.1297243355597892
201702,0.929036462237942,1.580687736357858,2.10286315293811,2.58033742292237,2.64152315555447,2.8961553575438295,2.8954871011993006,2.9844129395296406,3.0607281640608903,2.9570041936990883
201703,1.0609883376899,1.46045495026992,2.0259744752784696,2.5738503837866302,2.61421527995813,2.926648096449709,2.8798091940734523,2.982229082517229,3.02664854599044,2.961976794867219
201704,1.10979847831038,1.41826532383352,1.8496546512689802,2.3784265955592794,2.433652346347241,2.7865537239432587,2.7819682298129518,2.795934692721188,2.9567890344649896,2.897072142289712
201705,1.17852955687715,1.37683023964315,1.7823130087791301,2.2322674019623694,2.3278277908592013,2.597281571078538,2.694813457475812,2.7621425127511294,2.869595116516919,2.8837734563170017
201706,1.2656090544335,1.49556586015618,1.9063111023639303,2.3262695307167496,2.5090561890390406,2.68559689945414,2.796043758989329,2.7677018064344114,2.8124556750970875,2.742133066664234
201707,1.23475879657961,1.4618717942804897,1.8494055442078703,2.28672731760411,2.4441945602338206,2.7167210596988998,2.8204838583911584,2.801718528327161,2.896470632884199,2.9526441890619815
201708,1.22703334196971,1.4166700579512899,1.66763553698435,2.0760676131651703,2.2401144954177807,2.4344103010835383,2.549625587265261,2.592976474392259,2.6399663192970486,2.6766499397551904
201709,1.3335538303815,1.63055587127066,1.9537464744930704,2.30461746660533,2.512393705647539,2.6939485904573797,2.7836680081305794,2.760453110572822,2.817390195797749,2.7722199934902676
201710,1.44645952377216,1.750104096215,2.02183951478206,2.3494503516176994,2.57262387101963,2.7026407798704692,2.789065678260503,2.769381078520878,2.744407163796982,2.700047469000719
201711,1.63454922133347,1.9239097164391499,2.1447623730616203,2.4424392461810394,2.55225213309612,2.7092301611566203,2.7214113795542296,2.750961171234149,2.68839635065315,2.7495375954761485
201712,1.76390019659436,1.97783608331124,2.1848498581656597,2.5120314467008598,2.5309226972211807,2.6771183531997007,2.6780908700322765,2.624735178401444,2.617953498960329,2.6206862252074465
201801,1.89311790528914,2.36341668841418,2.618956206967761,2.8011691964375185,2.8730126097953015,3.0237241418818197,2.9241452368927003,2.90462179836166,2.7801099081447695,2.8584912086299497
201802,2.04532867781425,2.4581316395487502,2.7273335236291496,2.9655659398652494,2.987711896759251,3.1948361917801478,3.1333185583679004,3.0887003382609812,3.1138229892556417,3.1002455118128758
201803,2.09065150267577,2.44073236706079,2.621281402616921,2.784422916051799,2.8262355372016703,3.034731680478231,2.942325819437487,2.8852995387535714,2.858446876637739,2.956686901680019
201804,2.2465557751767,2.7171886100909597,2.9345790784483006,2.9973528574074804,3.0636170081594596,3.2147722544459576,3.1063274051036203,3.0867308509116818,3.0329051724389977,3.098855441790242
201805,2.2430310237817,2.5989462524182003,2.80848601541185,2.9137628289395305,2.891664290196319,3.0964931132925813,3.0222011010756873,3.0358358111566126,3.03329652898384,3.0052131522039787
201806,2.32394016859215,2.72218184610587,2.80612631871415,2.90915605663195,2.907206611183831,3.0661699524788304,2.951986700961527,2.8837563278919305,3.0275384922179214,3.0157429008903414
201807,2.42488233861886,2.89633057292354,2.94416128356624,2.9396558944764397,2.97345263973102,3.1190946838672975,3.0684358436389125,2.992421417485211,3.113464796226509,3.126305259977869
201808,2.43159966128127,2.7887479613703903,2.81378045885754,2.8328348430532806,2.786502547395669,2.9699049634896504,2.9562475505949273,2.9126976354983114,3.0826211355516904,3.06204731042207
201809,2.59085612015662,3.0077692748658804,2.99784706865829,3.0512475655718507,3.036374075506858,3.1715474768537604,3.1672230317842427,3.102936174455298,3.266599959207319,3.15670550193148
201810,2.67343604404348,3.0284512510756403,3.02082539201382,3.03758754067238,3.0601124214647797,3.26454122218734,3.266347875900941,3.28959703335914,3.4663373496478194,3.3856320659853587
201811,2.67909518919296,2.86229720094824,2.8065937206727396,2.876173068661581,2.87556960372458,3.057462245719039,3.06092022658337,3.1288804243894894,3.410389041417929,3.2505624047622703
201812,2.57382162681326,2.3851373072155,2.3945981281017596,2.5528377293718396,2.6020874561169904,2.8119514081247896,2.7871070809183003,2.8942729141554793,3.090660896622783,2.9900996946409997
201901,2.51586724303534,2.3861239127954197,2.3562915508339906,2.4398349817878495,2.4726922675904497,2.6997178462496105,2.7510075014611886,2.845057174215192,3.062121434881746,2.9335229747951104
201902,2.51820371020607,2.50629292844379,2.4248573362664496,2.5459162148045706,2.59747273523587,2.8519938796188473,2.8740229196117006,2.8776070530111824,3.0567972673317207,2.784389573329399
201903,2.37015635916873,2.16435968961101,2.0966128601392002,2.2302156897771788,2.30455538717508,2.5277749764416804,2.51878309041302,2.588951238701622,2.6354305505563183,2.453728481890863
201904,2.36427818951999,2.16383573713099,2.1574629629162105,2.3139082210628494,2.3943319477793104,2.64849324995825,2.7486068898220104,2.765613884417668,2.74345338830053,2.563425634842691
201905,2.19297344815688,1.6753386750322603,1.7562294789531894,1.95834212139835,2.034871258453321,2.2399864381128793,2.2929565814616417,2.4075599733717183,2.3903210243342095,2.1970215991602515
201906,1.94021557679519,1.6035655628751901,1.6253822721805298,1.77902122412969,1.9086678041773988,2.155471890141861,2.1636382941599503,2.29196978787939,2.29570224738392,2.1556435914097776
201907,2.00636954934559,1.75144874897879,1.7095060233754205,1.818289887525279,1.8817915607827702,2.08238139071001,2.098331178781441,2.169112094187339,2.2366019766536898,2.2661235880810686
201908,1.7707547610836,1.2936707705510597,1.2116749882112607,1.3634345894536395,1.3789766853654397,1.5748592916998403,1.5130438038525398,1.5466235133716602,1.53860926973727,1.8386654461131897
201909,1.79727554196397,1.5019541721600698,1.4060313723262898,1.51352201756103,1.5589380491140403,1.749554514078401,1.6808617653738782,1.7729725129208802,1.6916903277788702,2.0330804023065685
201910,1.5826630251523,1.5116323117518,1.4379568386799093,1.536421439377671,1.6051750972368195,1.7957517735003803,1.706979058891509,1.8414002767180904,1.766742868976321,2.2045105743362985
201911,1.66252851730245,1.62259807890273,1.5280166855717705,1.6787871096888498,1.72723660676475,1.943059438270451,1.8654901039784288,1.8654098826168095,1.7643432903246907,2.2074628670125698
201912,1.6056241051299,1.5654300296545198,1.6541143724992802,1.8109367533655396,1.8573095983351102,2.1175648027784497,2.1144830267324703,2.1879987315631304,2.01844741573424,2.462344693901059
202001,1.47994304457286,1.1845355907363797,1.19683926607245,1.3334895125797903,1.4010509850451696,1.6274203020355493,1.5581998150139018,1.7015563920519785,1.8500848331081006,1.78669636778692
202002,1.08768718324999,0.790273332180812,0.8389436486443471,0.9982734832444309,1.0482002112299504,1.286352045713489,1.2393136967657519,1.365782920044749,1.5027022462366695,1.4732073252175102
202003,0.152574563159454,0.347860684997448,0.40692994336141197,0.496731192070306,0.6403224068810203,0.9085852949916098,0.8383259569037618,1.015423793959036,1.1834200367201975,1.0774631293481542
202004,0.155703918869697,0.268969560097019,0.344738352591139,0.535003837070457,0.609006399314858,0.9545868054959259,0.8462640816244003,0.9478769565266081,0.9174812665889078,0.8906460582190379
202005,0.19223341005855,0.16641285917391202,0.255072224627248,0.4155707239344899,0.625563227544385,0.9260367977938129,0.9146651109788202,0.9919018980951657,1.0220460918288232,1.0079296886049436
202006,0.171208544314418,0.143364505689352,0.21147967637272203,0.323410252879072,0.6352834466664309,0.9386599530666309,0.9468534791463412,1.083426352354825,1.0130008966048196,1.0321773523007183
202007,0.139442964648497,0.107589124745571,0.12226313788058196,0.3194156827223061,0.4667170498904588,0.7204041386472333,0.7991501530368208,0.8833967491576988,0.8372320313658652,0.905347931464827
202008,0.134526389022955,0.14221299771719703,0.194176541305283,0.37582267804550495,0.5673873226694449,0.940353263909925,1.061686150838916,1.2450732060109422,1.162047639302921,1.2539998693045602
202009,0.128539792337724,0.13704860951326797,0.22118695116938103,0.361167156630131,0.5997086272501111,0.814438875874669,1.022844604763423,1.1570650456403166,1.1138011436788595,1.2361715451181965
202010,0.150906389112583,0.17942693425481301,0.2903901952049401,0.5537505077899718,0.8355441837638873,1.1696415806872764,1.317629544367919,1.4729265579137696,1.3654785598936936,1.4705045187720565
202011,0.121640374379858,0.187686183352176,0.274689131524519,0.529528190342515,0.7742475215191471,1.1112875144233367,1.264258498748486,1.4305063776378741,1.2695161938169193,1.414247147566658
202012,0.102809065666929,0.14999786686210903,0.24980123932900394,0.5513604076355261,0.8157882549638069,1.194798380898089,1.473570232499339,1.649095480090125,1.432896207301864,1.6302625689056782
202101,0.102857800111917,0.143515277272739,0.29792495261849505,0.6347410052233611,1.0014035458254582,1.3956764140220281,1.7444114740529795,1.887187523635622,1.7148045430567525,1.8705232653271473
202102,0.107613882914667,0.206690473930479,0.574626888254961,1.2022334364317329,1.6165377111842552,1.983188023346281,2.194687152106135,2.2034274879884492,2.0285174615966284,2.1414058218883127
202103,0.0798969255148444,0.2644694444885396,0.7530473501492191,1.5546820835113528,2.105409758523944,2.506608568708719,2.732653487204141,2.68068892443884,2.5217073967920296,2.5208757530302712
202104,0.0787678868268768,0.2739678050216892,0.676127439439635,1.398072092350839,1.8931856533263502,2.3343793393740704,2.610717323002989,2.560246315457391,2.38810395425865,2.392186822117109
202105,0.0640317518970249,0.23312838234721708,0.6357514324639408,1.3312091108225372,1.8604089087322797,2.2629496947306595,2.614497203913901,2.5591411112805993,2.4124379677901615,2.3955237295716802
202106,0.105408309332137,0.40279435180011897,0.867708878006186,1.389602965536166,1.7049147970617375,1.996605053571355,2.245065431526659,2.1534491179285205,2.0236184282118597,2.0075461542217603
202107,0.0850323484078504,0.2788775316056276,0.6686993864710201,1.15728674948935,1.3341732378394968,1.6089615176111187,1.8835438142956766,1.8082722739616193,1.7951696266532409,1.8374808315831004
202108,0.0964519747667712,0.3519101488941528,0.779230429368876,1.27889770470632,1.4552192314676105,1.710707088528904,1.974709799498755,1.8460116888739702,1.8405691836150506,1.82064749217529
202109,0.103642722773185,0.448804592036553,0.975404590527728,1.592939028078522,1.786580697637992,1.9676049745327795,2.1839097891723505,1.9488924694012102,1.988489719666461,1.9603583410045182
202110,0.182680671930468,0.824711521808032,1.2906636938939149,1.7960707946349452,1.8690221570414902,2.1064226656206095,2.1577083936137296,1.63765240111689,1.7857540388401905,1.8135000212176298
202111,0.250047666243213,0.8865199382121371,1.399369440365438,1.7142351108088918,1.5970238759765198,1.8516362212797803,1.9404648290516207,1.4572447397086385,1.5645736448580898,1.513930503354171
202112,0.399052900565274,1.0638502124274258,1.4445362913793782,1.752883945341762,1.69930649037296,1.8208128019299998,1.8410400526184993,1.4374026444352612,1.7183430906064103,1.7034494863885286
202201,0.7737194036233989,1.562261944042672,1.795232793037251,2.0102429727386806,1.928753245552321,2.1137297997222184,1.9925541614522153,1.6796200032070097,1.916668608721631,1.8977243883460009
202202,1.040172894445943,1.8720975867845995,1.9547515076313222,1.9671626920331358,1.8509424980735174,1.9902741933572141,1.9185029310400346,1.7167516463269301,1.8799826871438814,2.0575795140421285
202203,1.660976486273611,3.0130695681664057,2.8552618689888325,2.551626299043617,2.269133124723334,2.430949209973157,2.1084628598423016,1.9804522782587917,2.106092879620693,2.167055715545029
202204,2.053422485734316,3.3187803907496853,3.296136988692508,3.133110256946326,2.993225361648534,3.091345356331141,2.8436561635660667,2.6227531856484774,2.8126532062916283,2.9269141538278696
202205,2.045232120750051,2.978769315811594,3.143050823445134,3.033795422043193,2.9681249076605756,3.129520169577207,2.6650958224258474,2.5491119344698703,2.9378037668630377,2.78818792461853
202206,2.807277747117077,3.1018957352424796,3.114575244924663,3.1191575843679775,3.1102754636670475,3.191556229545469,2.763084317072984,2.6845060835662657,2.906565762250043,2.9567834522378433
202207,2.906506455561152,2.8434556253034446,2.641890076446522,2.435533080586808,2.607454205374715,2.737124271177697,2.3863261666155857,2.3788081982363387,2.5473645419612687,2.6255948036022403
202208,3.387818310628659,3.5372114375582564,3.5450000899419365,3.265710568651608,3.0727528621880555,3.3300731269860044,2.757845553760159,2.6370063632410137,2.949488697113658,3.0991609636975035
202209,4.150322554006007,4.4161038692846075,4.193661827828594,3.9012478960366597,3.711665368684148,3.8931254984652703,3.294029513508871,3.08685731465766,3.5694560440675325,3.610376448861267
202210,4.544321741534607,4.41727321734088,4.204507332459848,4.02338703250247,3.8567789743889556,4.132565499304288,3.4559528848103582,3.3633049293758823,3.8844572759115685,4.137716294464383
202211,4.620249833075735,3.9493828989124653,3.3918301469864147,3.4435188096520744,3.295180641489198,3.579935873942734,3.0151524414710877,3.049793820430086,3.5621702494941268,3.629911695355748
202212,4.631984641869439,4.160591645710401,3.7132585339422395,3.6946579803713604,3.7056069818030224,3.9129409412159717,3.494245448709137,3.3073694682482753,3.6477883713109165,3.7788372032214
