Time,F1,F2,F3,F4 ,F5,F6,F7,F8,F1^3
199009,0.376764175806016,-0.0532550330658272,-0.0548611396301822,0.201415879169033,0.236946220371596,0.0621186553669437,-0.271480097902129,0.193073597523592,0.05348214351464492
199010,0.56489766547841,-0.0590144489149221,-0.141309367729206,0.0671906396984896,0.0869914657354853,-0.119127795883004,-0.137279359484772,0.207866450668861,0.1802641395366052
199011,0.86337103162628,-0.366233602479617,0.125476783197548,-0.121904320661146,0.080690279497604,0.0791070779430239,0.154708267282775,0.00387281662767271,0.6435650020242036
199012,0.580367230648333,0.0902154412451601,0.0935548227745957,-0.0366809500231622,0.146035455239297,-0.0620103301414904,0.170382254883213,-0.0473429238901017,0.19548284387334913
199101,0.694698080108853,0.298207364574788,-0.0352926558651683,0.0921377652682757,0.168719444937388,-0.0673172250682919,-0.080985086235853,0.0933269136392679,0.3352650604656836
199102,0.810996909058947,0.0229444670560788,0.37104378776115,-0.285690902054752,0.155080877763891,0.105140442263086,0.307031496414888,0.0681399213579565,0.5334056320927236
199103,0.582530110446023,0.17317737030872,0.175882377544795,0.223035642282607,0.109157098537294,0.350983584742302,0.172589192555916,-0.395023768361467,0.19767654219695655
199104,0.349157312422336,0.46587137819786,0.140615360546271,0.0596362876261172,0.16238230153621,0.136153653944505,-0.06793257920685,-0.00221732362193841,0.042566057345268415
199105,0.219345615667538,0.386934612003297,0.186259711568612,0.0969884851071127,0.238148070005984,0.171097652675428,-0.201036249506254,0.0455842803846641,0.010553265739150825
199106,0.0771565931515683,0.0691133354290489,0.373107764083995,0.224830960597339,0.238155977592063,0.254493096359525,-0.0481597404664213,-0.0687890546826855,0.0004593239906737232
199107,0.120114071174734,0.203152508366799,0.241667721923503,0.0737080391579834,0.0750242609093371,0.0440135538507181,0.0737543785731521,0.178053145792364,0.001732932560636675
199108,0.307319159979639,0.270374612688391,0.108226149098757,-0.0981318320211058,-0.0431539990578694,-0.161782494254964,-0.0272152925401266,0.0368896118799787,0.029024778375181897
199109,0.0425021405824832,0.2381977692446,0.243059830750154,-0.0110462371671545,0.116416861862085,-0.110239718282695,-0.141905913531837,0.249858956651096,7.677722486555756e-05
199110,0.322622221313315,0.0528666311610578,0.185034343969321,-0.00662362909921206,-0.0167289691675533,-0.0536725337897731,-0.0612296143605396,0.0761001101438102,0.03358016542079248
199111,0.326990981560727,0.270328805625732,0.0725250554109599,-0.0623277236128943,-0.00196322984804713,-0.0717925631241482,-0.179476564502643,0.116446796582793,0.034962890081707124
199112,0.503214745411837,-0.00665873040893064,0.191006290068877,-0.177569258850771,-0.064222864933532,-0.110685680445109,-0.0530625307233475,0.0449293253206558,0.12742659416404167
199201,0.368600374757726,0.161626695201882,0.27860931740223,-0.225773639761581,0.0357240010288148,0.155750037057967,0.310094110982406,-0.0988874858059805,0.050080345606609934
199202,-0.00441113151169583,0.280758163355581,0.137774598295103,0.202353402177072,0.0300174627021683,0.191684585025173,-0.136887227611414,0.0203679408937321,-8.583215519790036e-08
199203,-0.135622423414805,0.183566024011954,0.256842630864666,0.269697034721045,0.0278437888820043,0.240067513116091,-0.0445177419218088,-0.035146508544991,-0.002494563142755538
199204,-0.00584871934345126,0.247317751208167,0.29871937752412,-0.0129612606106337,0.0319371904616127,-0.0300179999155115,-0.0146514175917363,0.0592480904463269,-2.0007017197510685e-07
199205,0.0342616874898559,0.191216687622747,0.234766753263412,-0.0311860581987444,-0.00575410332299443,0.0104148151847119,-0.03960824290024,0.14017110405549,4.021853513018855e-05
199206,0.166539113225142,0.167881914955254,0.124477971847465,0.0317533170470413,-0.0972537807420237,-0.0110258556075885,-0.0844458489760058,0.147862610141805,0.004619008309034184
199207,0.0699868911123282,0.231609439223634,0.338783403484991,-0.243427551037482,0.0175392082447045,-0.164485062972795,-0.166911549980983,0.200515313184566,0.0003428073354359884
199208,0.268862845586678,0.0342243040430396,0.169433951126886,-0.0594546306063601,-0.219906060371437,-0.0710106115575543,0.0358855734034593,0.0417980251182606,0.01943535028665857
199209,0.19118963979922,0.127477649004847,0.176307515441037,-0.00252687679989024,-0.0247136700680062,0.02018033562776,-0.11476135441466,-0.057582048108272,0.006988646362310324
199210,-0.0506167583339512,0.209538733530807,0.210330745453621,0.219768232020756,0.0238827425590634,0.134671362612731,-0.197918727010889,-0.0828516401502819,-0.000129682980740231
199211,-0.0302768291608743,0.0153580832338412,0.323282849672043,0.306392137348871,-0.0902300388942771,0.25911349705609,0.168224133768014,-0.310221409427974,-2.775435704358085e-05
199212,-0.0836060418921976,0.141615891895042,0.381180690696076,-0.090137305971758,-0.0483878774150677,0.0660287322893264,0.190321741485425,-0.0340486771120218,-0.0005844037447842195
199301,-0.0386605162308961,0.231342044387189,0.122021954984792,0.0778985491594267,-0.19074337216788,-0.0943339685623457,-0.12107742624968,-0.0546035801692132,-5.778338059618583e-05
199302,-0.0615816192039416,0.132355086746709,0.250157260641825,-0.060455410885107,-0.113928841910479,-0.132267487231517,-0.00614615233617125,-0.0674622795889278,-0.00023353571732867293
199303,0.253693251442982,0.0328024345330154,0.15475553195453,0.0303810239329358,-0.160455695143377,-0.132924923396612,0.0321108526911753,0.159428635116941,0.016327765101566923
199304,-0.0234110787950009,0.189895432954525,0.11866353616635,-0.0490590051243426,-0.0798885725240129,-0.0752055178682099,-0.139042689778947,0.0589582732170896,-1.2831111532658732e-05
199305,0.0586749407799737,0.0365877438228384,0.149609840659629,0.0179452623145062,-0.142562523673824,-0.0155183354005318,0.0496743189285957,-0.0624680848016895,0.00020200307465725634
199306,0.0858599356903626,-0.0320128489244926,0.247779727660017,0.0434233346556288,-0.0497650832959526,0.120497336447628,0.0450000536750241,-0.108444111258094,0.0006329533117967774
199307,-0.0286343657890425,0.125501571866122,0.123069977789601,-0.0180731689793736,-0.0716355093161454,-0.0398197540075069,-0.0597417839681787,-0.191516379279771,-2.347808689344163e-05
199308,0.0967212136268621,0.141335255408282,0.13209145754683,-0.0845435063547854,-0.162513482282818,-0.0237685782864769,0.0290268688920397,0.0135951610588291,0.0009048262924336238
199309,-0.0726123895861924,0.070464014679756,0.174559918753621,-0.124902085991526,-0.0104647695434063,-0.0733580102478411,-0.0614059063598443,0.0504386839398137,-0.00038285311704056225
199310,-0.195215937239453,0.319380703346625,0.00219883110503879,0.0569382766476222,-0.0768382841953316,0.0477641655058142,-0.0634391799432038,-0.13751032836853,-0.007439535328560973
199311,-0.147002342587188,-0.112463212318952,0.252739548443842,0.146795670325144,-0.0973256124433119,0.141106542426634,0.0437354278529489,-0.0730607906997935,-0.0031766748653197317
199312,-0.305199332124838,-0.0525202455813991,0.281944372355051,-0.0751142246719559,-0.085819015726145,0.0240353219837184,0.0939337039483722,-0.0804826741580587,-0.028428289976625127
199401,-0.0420284091724262,0.156066829241266,0.0651871099195745,0.0301206119261786,-0.137550770806977,0.0111194186667281,0.0965931063831743,-0.000977616428637202,-7.423844305562378e-05
199402,-0.13153972806179,0.157578752071758,0.0196389805958746,0.160833136165032,-0.159027076451263,0.0914504701522078,0.0258187351665923,0.0551875528482743,-0.0022759924604389722
199403,-0.441213728370107,0.0457149954484409,0.19896291309046,0.239748659741832,-0.143714977691698,0.147650039002266,-0.140188101212814,-0.0674681957189389,-0.08589087976560021
199404,-0.307629650699014,-0.135888147845657,0.219443944307351,0.287844507830255,-0.232442442631689,0.0812624634788898,-0.110206864034972,-0.00482080258605644,-0.029112840235487977
199405,-0.358249042705403,0.0735469154541029,0.109012306478508,0.201642250899646,-0.26419531013139,0.0151075059942219,0.101433608841724,0.101697016992332,-0.04597853355524902
199406,-0.24328363906755,0.123094458936663,0.0597107065193892,0.0408111419649422,-0.210136823272375,-0.117289288542812,-0.0751373936524291,0.069818269681657,-0.014399211481585305
199407,-0.178627566223259,0.0274050462044264,0.0808288261761484,0.111686052812214,-0.316924035955295,-0.0901748266250962,-0.0449427804790789,0.14834711040012,-0.005699613982034181
199408,-0.350978520382341,0.106492197179387,0.161442162323883,0.0303711751660619,-0.0740065914600106,-0.00811306214868045,0.0859482078458534,-0.0695364707504309,-0.043235612554691265
199409,-0.238855891496804,-0.161956889781636,0.180764572678461,0.0989715486203343,-0.219963704187119,-0.0451704339634829,0.118684209233066,0.0759711776423026,-0.013627239021700002
199410,-0.374538701901109,0.0861060458976127,0.209328491101847,0.198529902635695,-0.131490891456518,0.0772388291986271,0.00248392994036519,0.207114716684164,-0.05254000416179604
199411,-0.384402810591678,0.0282418655470853,0.0175164639314502,0.266512263248961,-0.27794063733239,-0.0792011008241483,-0.0576299053827186,-0.0698710350403987,-0.05680148150051943
199412,-0.373970832703388,-0.0222813481314411,0.243482161665703,0.187536002122279,-0.141319211643711,0.0300586374080815,-0.0523609439969513,-0.111097501708334,-0.05230138554015287
199501,-0.136221320786635,0.0700958819955428,0.0684218314415671,0.0635136023230236,-0.273405616195896,-0.153682326834266,0.0572692813382144,0.0543116354624229,-0.0025277566436690975
199502,0.0300872443250141,0.00646215176751159,0.0343146946161842,-0.063388468389047,-0.159463879293598,-0.217536432874321,0.12470655616267,0.145217803769286,2.72362453831068e-05
199503,0.0581882037792506,-0.015289856837404,0.0602572045713045,-0.154951703774331,-0.0738038901887877,-0.234162577784261,-0.0330721232084811,0.189161730639499,0.00019701752240177883
199504,0.192763405170339,0.131186319115291,-0.15457204089112,-0.108863817246694,-0.0984774784331376,-0.128628529663299,0.0409893747670045,0.120279618351088,0.007162650635074648
199505,0.159229844443924,-0.0195389917050801,0.139158216244798,-0.154727836415972,0.146964880340869,-0.0264276491383956,0.0397400847899113,0.0495848303709964,0.004037136303482285
199506,0.0268207468493995,0.0313900056361111,0.0418387587811848,-0.253102702586305,0.0827677588086274,-0.183591042606365,0.0273891026263321,-0.0780390567586798,1.92935702669817e-05
199507,0.212862305699285,-0.0763771235458943,-0.0707653427968055,-0.00994692700777709,-0.063117555110639,0.042670615409731,0.187006754296897,0.0292392476739578,0.009644867954463303
199508,-0.211636434339353,0.130929425051038,0.0710414993824235,0.102415161415716,0.244067136301961,0.188262018418619,-0.0563485492244946,-0.192069498758292,-0.009479191733260926
199509,-0.047655751194107,0.00571003271248394,0.0564664785566524,-0.151314773844449,0.121081293594713,-0.0633603331376213,0.0281734679047456,-0.0511106198283664,-0.00010822957650030323
199510,0.189588786464978,0.0410635768115698,-0.143656307758299,-0.075186436464365,-0.0928736000708645,-0.0669036781080702,0.0617452874866611,0.0524555781349333,0.006814561889668009
199511,0.105499776881118,-0.0764807977953794,0.0597381830011256,-0.127892270679274,0.128356032522154,0.089051682865367,0.0328582580009129,-0.10628190949788,0.0011742339249089467
199512,0.0229408632024042,0.183283839959229,-0.0372513198509709,-0.15454508896473,0.117209534445911,0.0268161188469893,0.0469404217879723,-0.0131452494523102,1.2073390999501835e-05
199601,0.390262605813424,-0.0064976581166916,-0.275202791553423,-0.0203321965140315,-0.0820624033835203,0.0202948012650425,-0.0304157220492423,-0.0466641116722223,0.059438907736096634
199602,-0.225565689473373,-0.0221693121803714,0.238914982161531,-0.193528457719794,0.302625262553651,0.107130761463131,0.0753213964755401,-0.17731513028755,-0.011476755272883438
199603,0.0243572578487437,0.106535784371263,-0.164440353030365,0.146594043512145,-0.0152777033613209,0.252509036390592,0.0700900891408803,-0.051613892654284,1.4450576748856238e-05
199604,-0.164412651148289,0.068472621238634,0.0875592933148323,0.0754925604445215,0.100150984665523,0.195677310656325,-0.103209966212328,0.127029241929353,-0.004444323844357112
199605,-0.188313565029778,-0.0594824511976965,0.139557055023421,-0.0221680425917906,0.0769682089303239,0.127738966242429,0.0806161919160231,-0.141164803073889,-0.00667797541225582
199606,-0.23417374401678,-0.0366352960246907,0.213293104913547,0.0137231350276449,-0.0474594808053698,0.0587679580837397,0.0498514288862137,0.0152801973680698,-0.012841465778655551
199607,0.017174805907948,-0.00960416128974082,-0.0836767841282301,0.0198572361255135,-0.0998921927154774,0.0165402713699648,-0.122506754193626,-0.0462607968948511,5.066120476131608e-06
199608,-0.0556711902421346,0.0650733390727295,0.128485656098408,-0.171179678787678,-0.110512599340929,-0.0594760585770236,0.043778180088924,0.0284442965633766,-0.00017254068571240735
199609,-0.192549258922311,0.170917470812337,-0.0109210782529455,0.0763920673791844,0.0013370502352306,0.131864110585786,-0.00479215728441339,-0.0228385957332094,-0.00713880557920911
199610,0.0582606900478316,0.0434227816813426,0.0212755377101972,-0.192388426398086,-0.0647176167161067,-0.0709460887172652,0.138818651317081,-0.130734560785162,0.0001977547265974106
199611,-0.174671897559249,0.0890439825031154,0.128395121827904,-0.223696549252736,0.0455320625390348,-0.0625139744976148,0.0389325504511333,0.113403581640746,-0.0053292870698214805
199612,-0.0890540900375433,-0.0115506729563033,0.0666268279728807,0.0745045737490258,-0.0283261686968296,0.017415849492188,-0.0568065931291849,-0.086175485037301,-0.0007062551228908816
199701,-0.0543501607598221,-0.0263607694159746,0.0748803812786791,0.088398920632861,0.0144143173921888,0.129805721065254,0.207046751605904,-0.0590030200092964,-0.00016054711249538064
199702,-0.283069005525136,0.0571302270275189,0.213173638265581,-0.0739423496180666,0.144869573251284,0.0721370911632539,0.0697745737756665,-0.0879165102663667,-0.022681770793572798
199703,-0.215689501926418,-0.109086729063136,0.115655891778177,0.124222237933208,-0.0107404969574886,0.0835044989635645,-0.0861703400424426,-0.0713416470662839,-0.010034298648768846
199704,-0.0469507573480378,-0.108840479173097,-0.0254804765299272,0.16769231887743,-0.149288539812987,0.0425406154572375,-0.0575603661152725,-0.108048525630137,-0.00010349701072830792
199705,-0.121282524656722,0.0896308186210212,0.100882701447391,-0.212357027556396,-0.0497426690274719,-0.11319222208804,0.187330837101236,0.155281847030583,-0.0017839993277743108
199706,-0.116387484586844,0.123233222561419,0.00836828901306593,-0.190144967004056,-0.0242325738874661,-0.119758581499989,0.0565423056068659,0.028888133945044,-0.0015765902861984771
199707,-0.218287086404004,0.0584529403056173,0.103507374583074,-0.174792422006873,0.113296840750082,-0.0192716969704469,0.158387975445933,-0.00414377253138463,-0.010401216408219519
199708,-0.207100392414961,0.0821835840475438,0.0345325694804098,0.0945625511718163,0.0110894404255579,-0.0297290149377549,-0.16554952727358,0.00559392657242274,-0.008882654403611377
199709,-0.240542207386443,0.0400241403594636,-0.00503201830122448,-0.0994415185773747,0.078082396553247,-0.0377813082788705,-0.0271793568123708,-0.0474039530930878,-0.013917905267752214
199710,-0.274652272125784,-0.0574149405739462,0.0871558021733527,-0.127509273265949,0.0550312353025261,-0.12002856408824,-0.0501821646834318,0.101334819953494,-0.020718083951098313
199711,-0.288432941348896,-0.154451492067369,0.102258640467518,-0.073014407513643,0.0344875589830226,-0.110217352451716,-0.0372773935441716,0.0184436481077158,-0.023995763689493056
199712,-0.0522857617908433,-0.118882918240713,0.00726551960562536,-0.0115443041143548,0.00441181215501623,0.0249962830634415,-0.0151503705210142,-0.211601168762894,-0.0001429388619115444
199801,-0.116506462291307,-0.0708789627504312,0.00660885641871759,-0.160670516335058,0.0261121986977073,-0.129275951083717,-0.0117654494806699,-0.0315364109746917,-0.0015814302630953866
199802,-0.0876333030379761,-0.00325272396027843,-0.0399840366191582,-0.162137580044433,-0.0420406970034263,0.0276806136468471,0.211403955592162,0.0693758773563294,-0.0006729883460685012
199803,0.0185063321411239,-0.0782629741953284,-0.069483531357507,-0.0775196961643125,-0.054922298871485,0.07115339841866,0.111724728836082,-0.0729455868774437,6.338128751481481e-06
199804,-0.152848682796824,0.0586783049731209,-0.0588250956204683,-0.105712138214785,-0.102760736695599,-0.0474334396847886,0.110500987244991,-0.149359570277074,-0.003570960952983119
199805,-0.124662986204197,0.0424886801858759,-0.0764263906927064,-0.0370802102851276,0.0620575752959441,0.0733520160536972,-0.074827292455683,-0.064651760918013,-0.0019373700319062412
199806,0.24933477601107,-0.240198420196852,-0.0769033249112424,-0.118886436379633,-0.0510228602359629,0.109303626387623,0.0355703115796111,-0.274284983283066,0.015500602099915323
199807,0.233719707240777,0.0330321763191618,-0.245272637784123,-0.143685650510653,-0.15124015485206,0.13051394583701,0.139108941284826,-0.120870823847822,0.0127669159989567
199808,-0.434143180520016,-0.054144351473565,0.213799339041165,-0.0384688548877781,0.424345619655727,0.0600755739445281,-0.491541542878605,0.14607300426888,-0.08182743742488072
199809,0.19623096899307,-0.146563693854649,-0.111844644839045,-0.356906852979952,0.0431005472348618,-0.124121567818306,-0.231521994675401,0.0641304523166008,0.007556186094680105
199810,0.0222069469968429,0.168129074963311,-0.15991924919535,-0.372680970482024,0.0574521859999398,-0.0718973135712749,-0.308876135685066,0.170584341944334,1.0951322488274392e-05
199811,-0.00520445007722114,-0.0875995097152528,0.0648564383388846,-0.103958652739408,-0.00933854297878391,0.268716543121509,0.389736065510095,-0.112706277367121,-1.409692992820261e-07
199812,-0.061526272982321,0.0601553339096884,-0.0465857364830733,-0.275056076897974,-0.0329027884074727,0.0959951160689171,0.00479334756969135,-0.0731247997521758,-0.00023290661533502746
199901,-0.0585722579747785,0.110505014316822,-0.0424900542319111,-0.172353301786842,-0.0436431839938,0.15851413301425,0.0887085389436754,0.0497549906459164,-0.00020094439626304985
199902,-0.180858921650103,-0.160650874129237,0.125701907996709,-0.0224707003154693,0.140086219471448,0.261116027579595,0.0766642057478119,-0.098121960569302,-0.005915886201112917
199903,-0.0110033234355443,0.0805329489276827,-0.201622404869034,0.0717512159890524,-0.163753509032839,0.141858606670973,0.00788853937262821,-0.0612578964884139,-1.3322067716316746e-06
199904,-0.0361329962391032,0.329636496546317,-0.286174737503244,-0.11529720677426,-0.12302278799949,0.0210833516309592,-0.0673124093932561,-0.110507644729989,-4.717500203402916e-05
199905,-0.179637597789994,-0.33518335737704,0.319123416864151,-0.0105964367341185,0.0939222313962642,0.238451971570281,0.0932850207556992,0.087173606277099,-0.005796845378686573
199906,-0.00782124225516641,-0.0871139630871942,-0.0387072393957769,0.144029521646989,-0.123198734713732,0.257634073888229,0.0309363747927481,-0.0674106578611567,-4.784397048598548e-07
199907,-0.167601896197877,0.146481221202538,-0.179020125817176,-0.125311234184038,-0.174317799076029,-0.0607454238219823,0.00115604729259549,-0.04210947473882,-0.00470800356903769
199908,-0.190392793337096,-0.0882930208703818,0.0331881808290169,0.0478209202620305,-0.0532966456888178,0.104347683359099,-0.18469350045231,0.143397134126153,-0.0069016275223754775
199909,0.0410900335511973,0.0151580789321412,-0.197724906116232,-0.016796136595736,-0.216422944991684,-0.0376365223042828,0.0126302012469213,0.142526467729172,6.937603697146556e-05
199910,-0.36836996049842,-0.200317710567791,0.239912597862236,0.0369783201816356,0.099511715011233,0.107146355297043,-0.13007839456524,0.164846034258165,-0.04998648774758139
199911,-0.216991948496923,-0.0362196394523859,0.0182836467349943,-0.0978495253184583,-0.144078428998036,-0.0233049163075358,0.190631778309317,-0.0660683650911703,-0.010217175630516481
199912,-0.354001587686472,0.034183435644635,0.0287723399005137,-0.00659102358090586,-0.060646228570585,0.0984789734958196,-0.0182354199126192,-0.0183531871943212,-0.04436246089023082
200001,-0.187373842215534,-0.0563955380568145,-0.0805842133084231,0.0616899188926821,-0.189678766022008,0.0781034109000571,0.204467246646432,0.0602273350437428,-0.006578500121791653
200002,-0.113730933797863,0.0365104303245489,-0.173702872995298,0.121103331904391,-0.156861241412517,0.0748556709592959,-0.0970147951269646,-0.109468106110664,-0.0014710783870760262
200003,-0.23225201306064,0.0543156896843901,-0.058429178083161,-0.0842992557666026,-0.051170704937046,-0.0266705043287843,-0.0547395804496785,-0.0486989400753613,-0.01252790527229874
200004,-0.115385019303549,-0.568475946260305,0.408840806804437,-0.156488134909346,0.0829345878241144,-0.00723348355679328,0.0157704104542664,0.0744193594138023,-0.001536201840696632
200005,0.0628458469500013,-0.011663216245841,-0.279359855551443,0.36939608453821,-0.0161743582265779,0.298319473954841,-0.164280210610923,-0.174874665616954,0.0002482159872082752
200006,-0.0672535611826074,0.307916306963067,-0.341591527214587,-0.191969367756334,-0.0619262587235521,-0.226930677362375,-0.0129048139996719,0.293216676414291,-0.00030419064769639074
200007,0.159915130208058,-0.359903776916522,0.0996459077603113,-0.043386544484335,0.0516662662283009,0.0227236957916737,0.0775359717203397,0.0464618699332791,0.004089485456750708
200008,0.254255810399409,-0.314907119952886,-0.0267477101589293,-0.0813890793457294,0.00900175124873872,0.0705895352782548,0.079977181001381,-0.0650158321642707,0.016436625472412633
200009,-0.145805068175321,0.426189228080611,-0.361158718355687,0.0370638676197218,0.0248757237923922,0.0370532996139675,-0.193192624289719,-0.053956644527916,-0.0030996871355746533
200010,0.250610857329307,-0.504463819654379,0.0278016935360539,0.018408517681195,0.0125793025410035,0.0512074289716165,-0.0588327946768105,-0.00603986951227465,0.015739815837192018
200011,0.14775516286271,-0.100955948831316,-0.207076751201265,-0.0201623537298523,-0.00373811136230116,0.0734922914404175,-0.111550535281549,-0.086517549129934,0.003225729863036949
200012,0.284444844450629,-0.0348460016594743,-0.161124770639707,-0.349007050992186,0.10287908294454,-0.0592442155553482,-0.228229501175288,0.0120297322438469,0.023014110809429188
200101,0.456964488293551,0.179881111409234,-0.387864303340666,-0.318944291888601,0.0329116411623232,0.0117724094073246,-0.184209060488533,0.0374211921548649,0.09542174497575719
200102,0.420727441780423,-0.374341224478838,0.0269509596820553,-0.194039992058237,0.18503043225802,0.267586402662295,-0.0654412376002565,-0.104993721106245,0.07447362933128665
200103,0.45585729425898,-0.311231419679338,-0.0670734517224338,-0.141710711034837,0.136131607265826,0.138570472280468,-0.371860101246553,-0.106500732457557,0.09472982287342181
200104,0.536155853768696,0.12558807784242,-0.284126530669965,-0.076099347554512,-0.0655182366467028,0.280537382372947,-0.253326708003546,-0.0294711679916011,0.15412502355573834
200105,0.371569506128472,0.268852532940818,-0.178420087897258,-0.19033555829733,-0.0242211383245334,0.338857297750249,0.175430971732511,0.0881762156910284,0.051300334351136484
200106,0.524835563926054,-0.202538837121903,0.100468251386892,-0.213499286380522,0.0172700725620317,0.308915077172905,-0.0719545648477547,-0.0164678887488035,0.144567199503685
200107,0.467876074896275,-0.248597099344923,0.191259020359531,-0.117925514561549,-0.0235165152441943,0.379061084477821,-0.074988493586932,0.0998260541621543,0.10242182584417561
200108,0.422056268892981,0.285277573596727,-0.21509417837026,-0.193578707523987,-0.0680171298555355,0.298977741705146,-0.248127877497087,0.100988978714382,0.07518151377718545
200109,0.657339743226121,-0.100500377043057,-0.0942776493572387,-0.141381816802717,-0.337815325512229,0.0221011508544507,-0.929792239623528,-0.0319336186582977,0.2840335700142318
200110,0.536146194182075,-0.097651727790315,0.357123685348351,-0.412004933054411,0.327651139415035,0.572411304487007,0.171680167456264,0.0239398823802552,0.15411669338168893
200111,0.546631769361008,0.244101170183579,0.0455568620867223,-0.217528455346636,-0.208349803367066,0.397348021802035,-0.166307268386824,-0.0397707579612413,0.16333701169571527
200112,0.373572527629208,0.0971880106619664,0.178585374909036,-0.0740258053912062,-0.159632425576661,0.444971220619156,-0.0804174805363346,0.103850034195531,0.052134449571884525
200201,0.152541165757372,0.333236898743222,0.057015584960778,-0.0733742783621429,-0.101186068504418,0.36364749860744,-0.188981363513536,0.088093560856934,0.003549450983792866
200202,0.117906726227804,0.088425411888993,0.0793394439509832,-0.0525033802062149,-0.2044858852801,0.359489768936043,-0.126299349774061,0.00129271752512874,0.0016391388469751363
200203,-0.0210723147107215,0.375505284749675,0.0488878083220177,0.0378888632898144,-0.219643152152503,0.38987056016992,0.0221092031880225,0.210817657847968,-9.357002193743715e-06
200204,0.0919910868223854,0.119503787650399,0.116446874870412,-0.030258218307421,-0.112688038461342,0.250459445432466,-0.237333395699941,0.232500272923962,0.0007784616985200487
200205,0.0317451673176856,-0.162034428114752,0.316898194490325,-0.169668348347489,-0.140039115439518,0.207776651503021,-0.0900628109236861,0.325007637129774,3.199137166198689e-05
200206,-0.0607014235297369,0.0922100263948431,0.144592543932723,-0.131545853528707,-0.142705989398492,0.135177078499769,-0.396035346305898,0.20990213929586,-0.00022366427831225797
200207,0.162183269217159,-0.00599791241789348,-0.0358215354910969,-0.0825555786286921,-0.257803661899249,0.0458537944445319,-0.525510643160296,0.270455127224618,0.004265973481737433
200208,0.155112784225971,0.0883168278377542,0.0444552313304686,-0.156772009599668,-0.125269337056814,0.147191858888175,-0.0908851890380588,0.07300145957563,0.003732009839452464
200209,0.210424726348166,-0.109035468410265,-0.0109273997029189,-0.103333964342772,-0.149541150453814,0.158717981821535,-0.274448527658606,0.124651119335044,0.009317305019736419
200210,0.164723312051838,0.0063690965036399,-0.0574359032927057,-0.0137281070446486,-0.16236445894195,0.241744427483437,-0.213946143766282,0.0512871783201925,0.00446956438598091
200211,0.120543375338067,0.0750096672131479,0.231835170887965,-0.297334836533796,-0.045237201992429,0.283987477187476,-0.0222859218804359,0.18920453463166,0.0017515802674726222
200212,0.28454855467703,-0.0478532991771279,-0.053902502403168,-0.108769877227343,-0.282828775776203,0.255529561394158,-0.0685186112549347,0.141356949438395,0.02303929322038151
200301,-0.13527921975941,0.388684559818652,-0.113624596482965,-0.142905686541675,-0.188139374375201,0.15618085690701,-0.281169217322304,0.172475282692462,-0.002475672937402729
200302,0.222797050379699,0.0539920336293712,-0.112235592026912,-0.0427585923786498,-0.161635803509462,0.17676982638189,-0.329343424753278,0.25216373774848,0.01105931710177582
200303,0.241940755832833,-0.154528622344519,0.155959897753664,-0.184169549429633,-0.042200785480618,0.265676969623807,-0.00862616068740132,0.181659998103408,0.014162081821740752
200304,0.405656711215693,-0.5805682534016,0.434936184827107,-0.257565208531518,-0.0669203596170406,0.418285694698573,0.263227332345824,0.0224326167197077,0.06675380044727103
200305,0.112280121746258,0.365670044287405,-0.0755981246827168,-0.460242711913301,-0.238239250625167,0.0642053004940393,0.0894607237311275,0.339890992371211,0.001415495928848584
200306,0.0612314973436303,0.481010304214322,-0.206534902402825,-0.281100946972871,-0.0763397927833194,0.238809221684365,-0.0467798595629172,0.112142940367541,0.0002295750244098036
200307,-0.0104788436660973,0.0284557007146318,0.0239969469670415,0.124364012401493,-0.075927011858668,0.525689311711394,-0.169087937510137,0.000725818133848166,-1.1506416321919312e-06
200308,0.0102280368801705,0.0513632996476201,-0.0414062221279338,0.0887308447924849,-0.369004453780825,0.311516931397719,-0.0732561286846743,-0.0190275727516245,1.0699829467171537e-06
200309,-0.149952016931857,0.0663004317732508,0.133506611387076,-0.219781384228041,-0.0512730204450867,0.218243063802406,0.0197668582401656,0.312923699902388,-0.003371762178858545
200310,-0.0784031793557765,-0.208117905260099,0.16873018926783,-0.263060747109375,-0.286253422437124,0.0792038531651681,0.147707797476273,0.41712489081055,-0.0004819489326806298
200311,-0.261170084241862,0.0977103825757582,0.094923177694406,-0.101752088317972,-0.209314351223377,0.180941366444166,-0.113717836442282,0.251848590388146,-0.017814362581972377
200312,-0.144757911320769,0.134405621017954,-0.0904904476496708,-0.130151683766368,-0.412341530177848,0.0640192520789103,-0.0722847572023494,0.27195613444508,-0.003033380736383378
200401,-0.16116431561879,0.172755262174921,-0.0948902442911975,-0.183740108106307,-0.366991704055695,0.0353758302010233,0.0869783912092009,0.205426841868806,-0.004186071720718131
200402,-0.223984389488369,-0.172256681206537,0.16718079948992,-0.0842289035973891,-0.157305950296699,0.041240140069328,-0.118650066760937,0.25548989145979,-0.01123707434465979
200403,-0.21628201801914,-0.164169812272018,-0.0119513444915745,-0.110256251652326,-0.244808000945102,0.035301372603119,-0.0615143890981508,-0.0418423360932547,-0.010117221058670753
200404,-0.303283499646091,-0.234063837664403,0.00404839056439145,0.118270443976851,-0.383515756290581,0.115877841885705,-0.0639188851954186,0.0397405080679521,-0.027896283538002203
200405,-0.436138293666392,0.116812935152449,-0.0951338387787459,0.181874874103574,-0.292202779013752,0.197659058608861,-0.25980220707729,-0.0156820040302778,-0.08296074823674497
200406,-0.00278313174279177,-0.200869969030149,0.00931303069990729,-0.00631474386826537,-0.464592034253715,0.115075655679311,0.19756146091646,0.303205878813348,-2.155764391085099e-08
200407,-0.301549454932289,-0.212143826873125,0.190836654404689,-0.147401867285562,-0.292863407909233,-0.00185611712384146,-0.0774132612419402,0.267671309066614,-0.027420517281194316
200408,-0.17687726438368,-0.0527367268394335,-0.0226151314299161,-0.0722599713490442,-0.273940621834726,0.0805708628892008,-0.152562271719921,0.113593598638244,-0.005533705444780774
200409,-0.200082745257153,0.0875756805061076,-0.0388839178357118,-0.128875135629565,-0.260914487033662,0.119384068547833,0.0124057210867814,0.107314448408655,-0.008009933539491448
200410,-0.336203710274673,0.348026501818345,-0.239088419456631,-0.0899952040895344,-0.203144742113984,0.144115352092705,-0.164493170892273,0.167081125271379,-0.038002092063821005
200411,-0.105501882196367,-0.146088991594112,0.00259334560732204,-0.119559448105618,-0.248088896653872,0.146136632136672,0.144402420289496,0.411815844905581,-0.001174304224069601
200412,-0.356191265222314,-0.41205556731811,0.409605365043223,-0.257261547402156,-0.0151917901886956,0.208453749646863,0.171087459867786,0.265565412205563,-0.045190775644629956
200501,-0.0869882222495207,-0.0574063495295193,-0.157352031154457,0.0561723527243185,-0.308135073020185,0.195005998973003,-0.182490078112768,0.115329546991715,-0.0006582355988229538
200502,-0.374136845956467,0.245766680655874,-0.22778682505245,-0.0822567012639817,-0.175378949811322,0.153019671500869,-0.0733118057160826,0.0061557487014258,-0.05237106940907035
200503,-0.0747516387409976,-0.142717689553195,-0.118822522939597,0.0779307393462735,-0.343552115111849,0.173376559318327,0.0401514878057031,0.138486151082757,-0.00041769776718045786
200504,-0.232490444741401,-0.17431625784952,-0.0290885751670324,-0.119381797532007,-0.120621835222478,0.143305238361887,-0.137125366866565,-0.0823463700625434,-0.012566528624340018
200505,-0.0741591635455868,-0.379448656044577,0.114212635087645,-0.206243188470614,-0.0278050544331393,0.185419799269166,0.0219406527987342,0.0454391005584174,-0.00040784436669259754
200506,-0.240519552942405,0.0620380799778342,-0.104300905925032,-0.188747973493961,-0.194882556830196,0.181926124170525,0.0885108412312866,-0.144710255167803,-0.013913973242080418
200507,-0.160055275371749,0.254990968149135,-0.402331350915342,0.0129625681977316,-0.324763016860469,0.274338638895331,0.0143027709780229,-0.184980189680358,-0.004100246615295236
200508,-0.223443265967855,-0.0139697228799858,-0.17702913400371,-0.114188262399137,-0.0786463804988513,0.227687007535901,-0.0337518118007878,0.273073041432402,-0.011155828055317887
200509,0.108857362056836,0.276269138036294,-0.767267907719427,-0.00663770026456281,-0.520477967666942,-0.00256085967870711,-0.0986675151577361,0.115267507693026,0.0012899516058953386
200510,-0.3715374221167,-0.979225225509305,0.571625148861614,-0.0209901536231241,0.184085273753644,0.28647111881861,0.120593458191993,0.302160538290624,-0.05128704656739131
200511,-0.371483929424188,-0.690526456371249,0.367230388611983,-0.173372065502862,0.069325512338499,0.247107023651055,0.254239296617229,0.0340354180505736,-0.05126489735385059
200512,-0.235201046703805,0.347393472902615,-0.400225259140009,-0.0885664324503133,-0.271224128828352,0.0478844448457883,-0.0271912034560475,0.0464586664425452,-0.013011211916722021
200601,-0.389849299351345,0.290662248682122,-0.424490660433924,-0.136448225596753,-0.297176177478969,0.0139344794972638,-0.0241908103887988,0.0802728816848412,-0.059250261862098245
200602,-0.112576101186285,-0.676255847290144,0.171828406379392,-0.116088923005903,0.0225178850194051,0.229410931297131,0.182408659378141,0.108379656719208,-0.0014267195469518023
200603,-0.309237846111458,0.0294984092932089,-0.288839870715586,-0.0112491021721661,-0.195474154235109,0.0508763816671244,0.0399140710849327,-0.00901692224991562,-0.029571810808265826
200604,-0.175526130519789,0.121994430387555,-0.393769470647258,0.055734463853624,-0.242184975181672,0.0326092210961145,-0.10756166923531,0.165136809899338,-0.0054078587141405746
200605,-0.017322914188064,-0.313796916430667,-0.112653290451323,-0.0937839756536616,-0.0762604720975039,0.0659604017179229,0.0143188604029394,0.49012431702325,-5.198318224683107e-06
200606,-0.136202979927546,-0.218368081411344,-0.0475460953943388,0.0567741142813348,-0.0544933679744674,0.0548649380005254,-0.0623290569217802,0.00699483616406415,-0.00252673576852982
200607,0.0710571547866411,0.0224656391591012,-0.317136074911951,0.00917796886609155,-0.146860722186136,0.0678615661694534,-0.0182208892961963,-0.0476926709019712,0.0003587760478257116
200608,-0.12920129347505,-0.0174640139878291,-0.0601326655115526,-0.1729785474694,0.0742510130886159,-0.0294589669950008,0.0373292475983996,0.189858912079936,-0.0021567538631885627
200609,0.0716764514030854,-0.837016998321549,0.411750167155143,-0.298755406279824,0.132274054397128,0.00651973953760176,0.329372039902078,0.077194539625364,0.0003682387500285478
200610,0.1274350109575,-0.0627875820876466,-0.125723596083008,-0.0382533675213662,-0.117227123935061,0.0123114918874789,0.18350432426333,-0.0468931280302402,0.002069504055876777
200611,-0.014064979646791,0.420165799382053,-0.462533686242502,-0.0851461549564114,-0.0553607735826645,-0.0583299401920147,-0.0560103517112601,-0.0307210803269713,-2.7823856455690886e-06
200612,-0.294939138221043,0.312070285456194,-0.245300734250402,-0.0770937997682348,0.120062478548041,0.0204747408420916,-0.107849622945696,0.0943518842683125,-0.02565648878901154
200701,0.177763096560637,-0.460161854920292,0.0694525464674738,0.0189639818007455,0.0375381689246943,0.11669697780204,0.210995458854385,-0.0827284677392031,0.005617263810795816
200702,-0.114534284017314,0.281662862596634,-0.257411133793009,0.0166780225388901,0.109425379957343,0.0224229641969938,-0.0418572203570979,0.0906590010559613,-0.001502472444902055
200703,-0.114534779742316,0.0547242934588609,-0.1446436513227,-0.0808077363397631,0.0865144052218192,-0.0909611732144842,-0.0613742513479572,0.131822071043012,-0.001502491953900234
200704,0.0344896110737365,-0.204382646105894,0.0228107526211674,-0.0425168186972253,0.075410309393471,0.00557351861170053,0.0404130302640813,0.260558654277074,4.102653991115648e-05
200705,-0.0165834654838606,0.00725426658494024,-0.183427222169589,-0.00790651344394995,0.015641354967095,-0.0306390889640487,0.198721859178641,0.0365970657250873,-4.560640856510659e-06
200706,0.0170681945924763,-0.183047325101688,-0.0343811659562927,0.104796986730911,0.0728242761801109,0.0456940392844396,0.0965669022271485,0.151147025398265,4.9723622044406635e-06
200707,0.158211756080634,0.00243842742800615,-0.130526905154936,-0.0241632294669232,4.84588711526487e-05,-0.027617537030678,0.0956265869600874,0.145424696856273,0.003960192100348383
200708,0.282920437681522,-0.310264489928355,0.114966568486027,-0.0755194642528695,0.101470570359424,-0.129486424296994,-0.273362614633273,0.114000443551429,0.02264607617423058
200709,0.0871889234198103,0.498810600153675,-0.366409462918678,-0.0331303816672727,0.0559360600398316,-0.162115105269667,0.0323694079573705,0.118363425198934,0.0006628022064639806
200710,0.227937143560807,-0.0482579268744063,-0.0825434759565629,-0.0588061310589453,0.0466988937418748,-0.122069885634997,0.197012444369322,0.214490765390833,0.011842552114784083
200711,0.0562711636387866,0.369564515775361,-0.342424087536748,-0.0696042762496268,0.143508501601071,-0.328439064203376,-0.354279734894757,0.16535920116307,0.0001781794804450825
200712,0.28800476211961,-0.479365229267629,0.255739562653396,0.0718325774232907,0.374434175705827,-0.0697572290945894,0.142786584547038,0.0197032310899446,0.02388905698734051
200801,0.294326595266256,0.0867038247418124,-0.162973249616225,-0.0474432636724534,0.169350417948519,-0.325492433293273,-0.252013772355456,0.101563473877854,0.02549696687819914
200802,0.498081654114487,-0.0942228726765937,0.00990222590777552,-0.0221859992491969,0.0519669660536067,-0.258538298879937,-0.165663344913886,0.106895208803946,0.12356675360265938
200803,0.481057663098191,0.111095442337002,-0.127397195956647,-0.0368908710326835,0.0280034875533839,-0.332663414331872,-0.182977120793513,0.19284974441838,0.11132466877439588
200804,0.501927784407936,-0.0399465709903522,0.0735557042042776,0.232717192143785,0.0786807335939928,0.0744173620946685,0.181492921869435,0.127973903611775,0.12645141999936402
200805,0.358130043843291,0.360162907894891,-0.169551240307712,0.273017625708283,-0.0303627250183535,0.0199268834721567,0.128101634179875,0.0971002820217385,0.04593273098243874
200806,0.341109302364948,0.272839597439408,-0.243209180471166,0.419837663477212,-0.146657647117476,0.0982093462179297,-0.190630238049695,0.107196204558451,0.03968996258798954
200807,0.615342235494678,-0.176531544142677,0.178304401292459,0.243960768314843,-0.0653608401147513,-0.0793804253270731,-0.0474427718725801,0.142644092422772,0.2329969171958801
200808,0.832033703235903,-0.709777599864568,0.598890637847942,0.236291834308924,0.0588082281497855,0.0521695100060191,0.322907491483707,-0.108400081132306,0.5760003614015741
200809,1.29930241545941,0.146873664661517,-0.205225477555849,0.286229592721564,-0.486855042161001,-0.123381670145571,-0.0924204353761674,-0.271047869639485,2.193465143874093
200810,1.02664145523772,-1.16685874662109,1.13535254928309,0.695172496502904,0.272849283023477,0.366503219962069,-1.28790210538727,-0.221778040482972,1.082072576354125
200811,1.55749829368145,-0.607269989805294,0.854685749333573,0.183288936586275,-0.0253540481799531,-0.00399333879584469,-0.328527074059728,-0.148322130047888,3.778180816793996
200812,1.7291639286417,1.18088993767382,-0.20412644013569,-0.102493948099738,-0.294442583412831,-0.152087262653967,-0.222922430614315,-0.103117571438529,5.170213793400296
200901,1.62921644113471,1.35010616166456,-0.59709585622735,0.607873540200191,-0.367871360155036,0.213064150598437,0.0746685019454056,-0.106606453323425,4.324504489157738
200902,1.11640135900116,0.539203112434458,0.305221253262301,0.578911325307127,0.324738010900373,0.444287875368289,-0.264997248368899,0.0936499320108653,1.3914290603192334
200903,1.53801563523698,-0.136111662701742,0.597467692259432,0.463221537922408,0.0487581312754805,0.260108615155178,-0.213565371522873,0.0467961823231472,3.6381638259604547
200904,1.09393004079318,0.912385451821034,0.314757511794358,0.175955324086177,0.157067689373635,0.249642844569311,0.402155197918771,0.167498282821264,1.3090874109709585
200905,0.957793851388854,0.677970443130018,0.304278380275912,0.119405285378905,0.0726180973145917,0.17875599697592,0.472676068984118,0.316668381654349,0.878650446806456
200906,0.697318280050704,1.1771837931239,-0.0670943228553809,0.325333482459582,0.0337024752363183,0.148148290082927,0.207199068453606,0.332979453117282,0.3390729547945805
200907,0.417473484924762,-0.247519613660024,1.2264653701812,0.0700106540009692,0.512895576530979,0.078803273281629,0.0778523481769506,0.418651111817023,0.07275899502555089
200908,0.242049490385276,0.992648401373782,0.247964743076632,0.175142433574389,0.118892515145518,-0.0680555726061704,0.170367014924144,0.187128067932289,0.014181184843081649
200909,0.395491497515035,0.263017223483149,0.678782201831988,0.169396143434636,0.282954366760996,-0.0769293592711926,0.120071313187517,0.418116871866846,0.061860219078302595
200910,0.444622605675507,0.520789697355237,0.290792774485434,0.314347079283937,0.107687807813916,-0.173081573559462,0.0976542983403946,0.275961703875389,0.08789711455227155
200911,0.209377052703488,0.440743654089455,0.386175526980074,0.310619397144086,0.129034082130066,-0.201324111310675,0.0977934370337781,0.121721654796704,0.009178828310829022
200912,0.377234204627668,0.141319198044577,0.545780036321587,0.401610559563029,0.18018442981598,-0.0589035299194326,0.260460782362355,0.174443980044105,0.05368255685881843
201001,0.0305105415813013,0.43275790893859,0.304215035224129,0.452716584587752,0.160867342538516,-0.275358648583331,-0.0271026623489388,0.138169163806046,2.840205408711971e-05
201002,0.3874143659422,-0.303927130689989,0.539936562286074,0.449142273071403,0.0506266185581928,-0.279997742345291,-0.218097402182973,-0.00887482977058431,0.05814697993223297
201003,-0.10156933435734,0.62154105526077,0.233519174445597,0.340370592544863,0.1769000338693,-0.278770587096472,0.18641199843397,0.0963135469451015,-0.0010478227387905972
201004,-0.0339492835976569,0.191952258320313,0.417037093608597,0.344980960265595,0.0805070013058804,-0.365560011620476,0.142766396267144,0.0657969905794874,-3.912837774587735e-05
201005,-0.0628368052921918,0.0221061996798569,0.590158856607462,0.430386765706157,0.295081508368615,-0.468153860942832,-0.428512343547518,-0.225039653445969,-0.0002481088698127347
201006,0.298408966326813,0.157251786156415,0.364900186137191,0.507611674559586,0.0420259299939415,-0.419710576776293,-0.115109934450611,0.102393511319959,0.026572695130050023
201007,0.142457276551611,0.46943493237043,0.230301786721909,0.3618725695362,0.0633953209739455,-0.535726298276065,-0.192126736267431,0.281648703961737,0.0028910387461632456
201008,0.237963611859053,0.215501577096911,0.275930768675778,0.270797830632275,0.0295957074780986,-0.51336003712204,0.00326658113164404,0.167192476822074,0.013475089435789527
201009,0.186859835277199,0.201508127515956,0.285920456620476,0.394593572150724,0.109215797194823,-0.447233414942997,0.143720485821183,0.220505384947553,0.006524509758161296
201010,0.141517036556408,0.452739072063577,0.125578205544889,0.327741724298475,-0.00793341489974114,-0.527339831352482,0.132763255107093,0.119587697259302,0.00283417182878825
201011,0.214420754475506,0.0579649726821584,0.350923980976681,0.494694539784803,0.129490551634997,-0.365646317544362,0.168071614150542,-0.00835621738011868,0.009858264346407802
201012,-0.0470691368912662,0.372004365012156,0.300571186934015,0.548298918724836,0.0556261672827351,-0.293575659527886,0.0763581097872216,-0.0643368126191355,-0.00010428184447616167
201101,0.0722839533775089,0.225014679585836,0.375785956948279,0.313785507750242,0.136372946673864,-0.388010930966317,0.244142276542683,0.229582932372656,0.0003776814817984924
201102,0.14863494576508,0.187275938230072,0.381695652880195,0.474968527944391,-0.045483723759225,-0.547676770123235,0.180927873326548,0.0375905098980414,0.0032836948134165296
201103,-0.0465547449289589,0.368746205026098,0.251442820522021,0.394737647764869,0.129778789540095,-0.533790154612219,-0.0912608915043546,0.168332961508005,-0.000100900159914506
201104,0.205489858242009,0.195391576649964,0.209188177494535,0.399472442295121,-0.0832278808844074,-0.543759305583936,0.260589399233233,0.0317946102599644,0.008677031571483022
201105,0.234682250326365,0.0523842196838498,0.453751756229624,0.253464801945827,0.118430927731016,-0.45486853918074,0.0831497681635525,0.0754444256390238,0.012925302970961814
201106,0.179416097141261,-0.120413798181306,0.494755515640587,0.336711826953606,0.110361320050097,-0.445565343942197,-0.0157578653613472,0.0398196242441954,0.0057754285520294005
201107,0.061015572765537,0.527513270366526,0.265926336153157,0.289176733919297,0.0914602647670363,-0.397868727768616,0.00069443414909649,0.0676131553517696,0.00022715488316498394
201108,0.238238896078685,0.0891963071800857,0.355977496714934,0.250265864842565,0.191370795228418,-0.546076298849871,-0.491087496329169,0.0824494949510692,0.013521908851011417
201109,0.230925556481051,0.218339843814733,0.273492640211321,0.453103519754615,0.122800088485658,-0.292261887264202,0.0799957339910602,-0.305204857895091,0.01231447769823693
201110,0.123696060011451,0.0141826774875903,0.46270821049231,0.339274524474105,0.195737403956405,-0.302036782875845,0.100947859986107,-0.0111319218929269,0.0018926381933105725
201111,0.230632877025831,0.371566325667393,0.111970215707105,0.258575571530259,-0.00599253300613559,-0.327874483805598,0.116116111159309,-0.0798166824587357,0.0122677142054853
201112,0.0501481967692249,-0.0124416345009975,0.472642946229764,0.304886731757331,0.183455455443794,-0.303988667926478,0.163649880201406,-0.0217943304097092,0.00012611477336628733
201201,-0.082502660973169,0.483035594037487,0.179053892118853,0.231710992696693,0.0662109092988194,-0.392158605216435,0.142389780536078,-0.100425164575737,-0.0005615699604984059
201202,0.0644823825620512,0.167540578680917,0.26465970855527,0.239784870972152,0.106490701946863,-0.341422635724642,0.194258377842697,0.0737707802481173,0.00026811630621324475
201203,0.193144745966071,0.0973496804022618,0.15719750232372,0.326771134943044,-0.091140249273785,-0.33437754015825,0.335186152833347,-0.107762421105309,0.007205244061360694
201204,0.0979227579206369,0.0537787600064402,0.355887165027456,0.27051037916709,0.121068411790915,-0.314106439210929,-0.0308189995109748,0.0654673934449135,0.0009389682548521523
201205,0.222700368400026,-0.13556690724501,0.438392320941726,0.253774881934746,0.120186717713743,-0.280533185129784,0.029347039771217,-0.0855066914774863,0.01104492589580905
201206,0.261332900485747,0.143084288123741,0.225636072932754,0.286946704239061,0.0187182753655092,-0.300666771950738,-0.144395678467291,-0.0815894474321149,0.01784770035306191
201207,0.213695729858273,0.328713532451474,0.0597894656864132,0.223526426178731,-0.038967916683352,-0.307245451695547,0.0795655799779347,-0.0204709657422241,0.009758600342163878
201208,0.219686051023068,0.589640478939751,-0.158355838843012,0.288580824403023,-0.131648294822972,-0.277086485787392,0.0990123160576485,-0.113316980280825,0.0106024796298191
201209,0.0821172204999526,0.136075518166189,0.221328866863533,0.0787141239907536,0.062761443243336,-0.223775276833203,0.296544754109365,0.17065055158231,0.000553735953734549
201210,0.153787791510148,-0.0995957028554952,0.324171141179227,0.165835109779535,0.0845829946149321,-0.166397889122675,0.07443051506578,-0.0529251020718827,0.0036371865857964844
201211,0.109147626675575,-0.243195468331516,0.508467135600217,0.172687343668299,0.216469893498395,-0.171844252538495,0.0143084671493728,-0.080800799683411,0.001300297987333598
201212,-0.0269570780371447,0.22903892966482,0.125053498928542,0.118653540998004,0.093288140515299,-0.200241848560569,0.0152430023298207,0.050285458700923,-1.9589278814047067e-05
201301,0.079893741520681,0.273522220478466,-0.0133579374507081,0.308500842968521,-0.131165950191092,-0.201454789136651,0.140672288006797,-0.199666516611111,0.0005099625458047876
201302,-0.120980830418771,0.348987866619401,0.0586392980122081,0.287603434114993,0.0178177342262481,-0.188735706861973,0.0622736369873241,-0.0725748963870757,-0.001770719147869277
201303,0.22160745709333,-0.518523495063738,0.690873769028911,0.109796193900268,0.125723519824013,-0.11329568837813,0.231139745363237,-0.0680042978047287,0.010883112309571877
201304,0.213860936893403,0.169002870947854,0.117508943505385,0.0982523018025506,-0.0219076790538724,-0.226481347008088,0.0796416596954493,-0.0230395307557833,0.009781250810569141
201305,0.00582868890024215,0.389240676378494,0.0531837387552427,0.189539561294127,-0.00684816321248669,-0.114668552628447,0.208719692633656,-0.152574770459574,1.9802162854707272e-07
201306,0.0411968477769582,0.180132196098991,0.0881099070351581,0.347315141901072,-0.0538087183028604,-0.193299198296645,-0.0525031008069651,0.0724160886482202,6.991847709968111e-05
201307,0.22804829396439,0.0399722953765398,0.118640060712907,0.276705718717935,-0.195096267202399,-0.131712102985117,0.244009303894831,-0.155052493288409,0.011859885135745171
201308,-0.132780964605665,0.186843324128695,0.246778977511727,0.204253163301557,-0.0187886923979098,-0.244855413817318,-0.0368794349498348,0.134084689174263,-0.002341032580845356
201309,-0.0197242165769698,-0.0354620524231131,0.34326337831667,0.173964748078987,0.020426794324632,-0.248230724067522,0.0844927407038882,0.0765468888153055,-7.673602307027931e-06
201310,0.103312878956289,0.139109136822024,0.13816835555446,0.10588418767257,-0.191638412241793,-0.32779971569643,-0.0396748823215944,0.0869206824982233,0.0011027152781821034
201311,-0.144891490960654,0.201299862713411,0.190543028935359,0.19510667867553,-0.0309362716370739,-0.146243677763042,0.229872574468386,-0.0532989060403854,-0.0030417859128476984
201312,0.0121233632785344,0.213574190586554,0.128776527577182,0.218807552854451,-0.147879720351596,-0.180568128914952,0.114967296188938,0.00764294564316838,1.7818426796763964e-06
201401,0.292989348159404,-0.0157465912638032,0.14056347546222,0.219024875322711,-0.255636790831421,-0.328534027279823,0.125539393329639,-0.13154353038515,0.025151013750141647
201402,-0.0639169594796398,0.0664674586542953,0.359817390427972,0.125851204501545,0.139192439007616,-0.160848695149091,-0.0711842304395523,0.149201314377969,-0.0002611249214929691
201403,-0.168907223224217,0.196836671622946,0.242034374719883,0.106896904491612,0.0718012749188725,-0.175679913295979,0.0407885383445627,0.00600404372909743,-0.00481886397073978
201404,-0.0681045842314973,0.109518075771074,0.113570550470244,0.122812718824528,-0.208269562950803,-0.31353481158528,0.118691580329121,-0.0236115137501745,-0.00031588502492699993
201405,0.00669311508274135,0.0193500933079324,0.26047286697186,0.107952766496609,-0.0605920175430655,-0.284358182084146,0.105673354562707,0.0990995409807448,2.9983676064833984e-07
201406,-0.0817956174902025,0.116321342501075,0.186752832836496,0.157885585193208,-0.118708637467654,-0.269158813105991,0.151874621452779,-0.0872542465207284,-0.0005472554634385923
201407,-0.176866375573542,0.0528121855408475,0.189931775577995,0.0611755803057872,0.0149215650574447,-0.246484206077869,0.112244243567259,0.14793690898941,-0.005532683519908345
201408,0.116724420269287,-0.110176783088303,0.209029911288904,0.235017441339159,-0.240625789180018,-0.269665632599287,0.0894439748762398,-0.194056189369124,0.0015903224026801114
201409,-0.0243905183810144,0.0642832786780291,0.176919066377648,0.212209431038685,-0.0817810665709855,-0.166283610817017,0.0995824298335648,-0.164843698752429,-1.450985564987021e-05
201410,-0.0275814090591821,-0.0399986576199135,0.248117428485301,0.142061790019183,-0.104386821443139,-0.283580433032215,-0.00163112917162766,-0.142680390206223,-2.098211910593328e-05
201411,-0.125189722861147,0.0631095769027971,0.347962904065811,0.146831490650935,0.0827457949395243,-0.0985273352592733,0.174143636572826,-0.127997988143923,-0.0019620317639818105
201412,0.0824005436542301,-0.183153380888514,0.413525541347863,0.103728659228196,-0.148148493292738,-0.194554747629366,0.04543009673181,-0.168630320027266,0.0005594872979182985
201501,0.240057954035824,-0.263197597767616,0.393787579829796,0.0207209572005116,-0.0685567572383508,-0.17944214524264,0.0734217268209174,-0.198856090348901,0.013834016875827628
201502,0.117143004280163,0.896517665473316,-0.459098347802144,0.333632901764039,-0.369949557360056,-0.298116889664797,-0.00945749906414293,-0.239732133061602,0.0016074929377265985
201503,0.0750818423284944,0.0448091539162397,0.2081590988254,0.252378828119767,0.000381571444099566,-0.0693675256796457,-0.0753303496033952,-0.157789288679178,0.00042325759692905145
201504,0.117542607285869,-0.0392534774407221,0.19277722463815,-0.0565595664675327,-0.130968288746546,-0.152285187174066,0.239555440679311,0.0234508470198475,0.0016239997555206704
201505,0.0193768260249435,0.37394722100953,-0.175534320812461,0.176850424790055,-0.202789814463426,-0.0578749647399595,-0.000960657918206315,-0.0426548925077253,7.2752499711255925e-06
201506,0.0451624440202445,-0.176706846097439,0.144035214189552,0.154275925815356,-0.208579501674352,-0.0449855070790882,0.0496546268968188,-0.0398442769732883,9.211541409762909e-05
201507,-0.121315092382231,-0.0614214346423749,0.388917757038285,0.100840943872195,0.0151375752890432,-0.0995297724815186,-0.0781412723639886,-0.116164854532161,-0.0017854368737931054
201508,0.220548826704599,-0.0667953488942101,0.230172771777931,0.129914354052435,-0.0634377023418617,-0.0317512358374277,-0.0528309966684285,-0.0554051694601778,0.010727888601916388
201509,0.23637365480745,-0.208189714459792,0.271465014358146,0.137927461172425,-0.168441656449784,-0.0977198397635763,-0.137059910933113,-0.0276581069891131,0.013206788136120026
201510,0.0970209695960554,0.423659338167823,-0.0182025765135732,0.00878175174934045,-0.176723866082935,-0.154546756647079,0.172932055578875,-0.0507153654338009,0.0009132650367567486
201511,0.199250325236683,0.0999823976411454,0.109695269953068,0.174204190749148,-0.170640500157718,0.0907434337778025,0.0969335406491982,-0.287327164248145,0.007910375814426013
201512,0.196515102482866,-0.125937805019969,0.283556231540888,0.084614418071854,-0.0835969879598795,-0.0234569330842683,0.127464734107087,0.0679515749577152,0.007589056681991673
201601,0.020995775230889,0.0732927475539253,0.259995663970788,0.164197245184053,0.00996389657820063,-0.0701721591684258,-0.351441280540898,-0.169333041412995,9.255411754857205e-06
201602,0.232065008587755,0.0726023520470598,0.176648463251322,-0.0501918593937716,-0.0792641459550277,-0.00667273398923535,-0.00696947315364051,-0.0120331559110719,0.01249766800833378
201603,0.122446485718251,0.57319349881044,-0.229686261450811,0.0363503728035245,-0.319250085977084,-0.156255623387112,0.205645915000304,-0.0122986471258313,0.001835857531213803
201604,0.0735601954647999,0.190547235508854,0.100905117604391,-0.0818087411201338,-0.00946668188481461,-0.131678470649331,0.041864913224287,0.12264818705648,0.00039804174704768686
201605,0.154548675517426,-0.0633334756008427,0.167436686979161,0.125226364400081,-0.175430611822711,-0.10027903910839,0.132204609568823,-0.00458037093361503,0.00369144041359817
201606,0.00136254234510784,0.17161467079215,0.149487792857081,0.017565199694364,0.0206236433633356,-0.0746231899429962,-0.0651683404600892,0.000561040221428145,2.5295893521229594e-09
201607,0.0118110844166177,-0.18760015236711,0.354669952430214,-0.0387275026690282,0.0374752293505471,-0.0947105772231468,0.186477534022077,-0.147994471085614,1.6476665332673528e-06
201608,0.155925349906328,0.142417404087383,-0.0196465007601992,0.0681504558702113,-0.120962081276814,-0.0507327925168712,-0.0220049217458104,-0.0308332604705063,0.003790968553539072
201609,0.0295140532369263,0.200648090449822,-0.00197222619289132,0.168881118616791,-0.0996474569368125,-0.0628633797906237,0.0107413997805646,-0.0877166251765796,2.5709081969252685e-05
201610,0.0247439510209918,0.0242229692368339,0.0815942538274849,0.180805760128747,-0.0546264975879859,-0.0152882774403296,0.0245551798126965,-0.0311052776344923,1.514980845848595e-05
201611,0.117402590170598,-0.239695407829558,0.23950733589302,0.278691060268175,-0.236870806995005,-0.0629242116765396,0.145195142259822,-0.0872416554236024,0.0016182031254620552
201612,-0.208090519763676,0.386674393934032,-0.00364050655201712,0.216461392680772,0.0393504020267643,0.107970472215329,0.175412184942359,-0.0848051191411877,-0.009010665854857174
201701,0.0172257297624275,0.0742012136185505,0.00758086561608831,0.0271569030887116,-0.23364423030973,-0.217716793657825,0.0334094551083091,0.00877272804134014,5.111317856050099e-06
201702,0.0131053435101664,-0.241023343439095,0.26176513404724,0.0470383729966268,-0.2155899668313,-0.226324230010775,0.230668809725974,0.131248176823734,2.250843121628407e-06
201703,-0.0643901139796458,-0.124426422473236,0.244298993295561,0.173536856908322,-0.0768369951012923,-0.0795314576137829,0.0889021405616227,0.0267542439456391,-0.0002669670002249977
201704,-0.2074051475038,0.308510579785452,0.0762528586769803,0.0795383135599147,0.0188060531310466,-0.16170627558164,-0.0617129402003378,0.16733992290859,-0.008921925496408113
201705,0.0886087086992906,-0.202764634325974,0.30040326766074,0.0829730437509251,0.00753759633732751,-0.0753654145303501,0.110538072753937,0.125700142484922,0.000695711564982566
201706,-0.149201672952467,0.166005767087468,-0.0389027944746133,0.0369119602905642,-0.227354610141084,-0.25677906331103,0.10819209857675,0.120728851648304,-0.003321399212230549
201707,0.105550477837549,0.010893664067527,0.00757796465137453,0.0993095533428449,-0.159544875274368,-0.122381948397936,0.114140199287217,0.105817878794271,0.0011759276744285822
201708,-0.00660730369382691,0.224075762118362,-0.145880187218183,0.125815464077137,-0.197772108589827,-0.254646512949284,0.00613961805587395,0.0772927083549538,-2.884515033089901e-07
201709,-0.128968021793221,0.24971708111652,-0.0557444897391968,0.0933488298925603,-0.0867619286491849,-0.198380129140993,0.174501096288175,0.175338695360961,-0.0021450929476986803
201710,-0.24311202410699,-0.261722560120092,0.466265876456078,0.107331085217664,0.0991478835059638,-0.0190655814887663,0.132130381700052,0.0847207848906473,-0.014368760884399793
201711,-0.111629355258795,0.140463804060929,-0.0410861567578015,0.169987524859847,-0.15101072925372,-0.144704919023079,0.0133431105047068,-0.0229488806678078,-0.001391026005028842
201712,-0.114788563097545,-0.0290152723719078,0.148357040211636,0.110849718467174,-0.10928017323582,-0.144055286307207,0.194832724866815,0.182002324724945,-0.0015125016548621752
201801,-0.0693777197617282,0.23007256249506,-0.0842677535926665,0.127415662347511,-0.247928274880742,-0.177524033985309,0.180066995157162,0.281585159729866,-0.000333933558396089
201802,-0.245051506431708,-0.205240321566959,0.125007530140174,0.23005986454289,-0.17663592938641,-0.179868586465765,-0.0196002083243924,0.0362516760157051,-0.014715401970717154
201803,-0.16019941580849,-0.231016701803218,0.250571164399832,0.146738654118234,-0.140801086993645,-0.138456590800944,0.0876252228333505,0.072551619914832,-0.004111334230021179
201804,-0.217842725756472,0.264725937101993,0.00981111751712455,0.248555106679177,-0.00490969544250905,-0.0560106157479382,-0.187825970427993,0.107753119293547,-0.01033782526947426
201805,0.0176690845195182,-0.158347071443356,-0.0326634586402194,0.178483857027469,-0.412488903223123,-0.194691322377611,0.297896000854089,-0.245269371955336,5.516227189035742e-06
201806,-0.154962193315936,-0.0900218255521866,0.25416213760951,0.123399390581589,0.0165933559935583,-0.126653756522164,-0.0434317459795224,0.110178452642839,-0.0037211507478376402
201807,-0.0470156821065811,0.0472619311377987,0.0950678893268319,0.134776903257887,-0.0796772840618548,-0.116063363350458,0.128762623670825,0.0217230490537802,-0.00010392696000008346
201808,-0.19696798805032,-0.00346692358151491,0.0940570539482528,0.126792080782846,-0.124904455689222,-0.245365743136252,0.0415316783118498,0.106222388927822,-0.007641646550337872
201809,-0.0854852619808194,0.132450276600382,0.0222590983506988,0.180885219711763,-0.170373279441405,-0.104062056592178,0.128322485068104,0.16634665576674,-0.0006247032148968162
201810,0.0307609838913761,-0.0681741243351967,-0.0659873820424995,0.304504833252648,-0.149511679709356,-0.106656378405009,-0.0743798671149963,-0.0164251712259602,2.9107215873274586e-05
201811,0.00812282763255781,-0.41838967973651,0.334551347995605,0.166937249745784,-0.115755902090893,-0.141088712209915,0.0388114194403783,-0.0191781481846801,5.359468375614908e-07
201812,0.139297905775728,0.00596743717964972,0.029411826473287,0.166627099128532,-0.0711330580042407,-0.244531644920535,-0.256942505493408,0.0275472623855437,0.0027029235467709756
201901,0.147116418523711,-0.139515491626615,-0.00696114941950725,0.0669781221391622,-0.207889181261681,-0.25533523734348,0.115297224899774,0.0572824383724439,0.0031840760422077088
201902,0.17453815235958,0.380483700049226,-0.175403485218338,0.0665182685815434,-0.151511029246429,-0.131624627556947,0.163983561481525,-0.0425048324147066,0.005317054633725368
201903,0.0123050145564199,0.121487515824123,0.0282204369771629,0.0539049403705288,-0.0287715327194431,-0.128351048808805,0.10265012070542,0.00557325198515453,1.8631438847275322e-06
201904,0.173736352891829,-0.00469234996076766,-0.103780222642418,0.0227434527450241,-0.211729265089981,-0.190383782432796,0.280096900513746,-0.0746099147661011,0.00524411372624736
201905,0.148255646373039,-0.291273922138725,0.304497143903104,0.01591112682371,0.0947215579404996,-0.033787383711534,-0.0195172081541328,0.0265316661748607,0.003258620068823139
201906,0.119388621071508,-0.0162425374694566,0.109300594121639,-0.155529733751365,0.081832285052158,-0.152865347964379,-0.0610302014623619,0.050934304390842,0.0017017227640752787
201907,0.178247949673546,0.233792570086744,-0.281150129243511,0.00513097415643684,-0.119485203498036,-0.124278827227229,0.152328719612063,-0.122972192527739,0.00566335295742129
201908,0.0185685295554897,-0.131193362405756,0.174240017395265,-0.165853210936489,0.190297176574539,-0.100975957418615,-0.216107926771517,0.0171596315683068,6.402248687583046e-06
201909,0.212464835497639,0.102036781166229,-0.102478554349493,0.0152889775705318,-0.0730439652429608,0.00461295569728826,0.217647076915161,-0.0707504488360607,0.00959094022207297
201910,0.318320624968764,-0.00360162215990555,-0.164740891474617,-0.0605363831850445,-0.157980010448237,-0.0594050289368092,-0.0132527028200257,-0.0919871298668617,0.03225479874253779
201911,-0.0409801586055136,0.0750392846892694,0.12300643533453,-0.073827715076279,0.0883121387907194,0.068697077392945,0.00869856902116472,-0.0181063843900174,-6.882098826254894e-05
201912,0.172934747440338,0.0499333157779773,-0.111641248088152,-0.0585177068510441,-0.147635329235761,0.0332958990917441,0.0724306460481531,-0.0325454682330617,0.005171860377996094
202001,0.091112749655538,-0.151195809158616,0.141454815078865,-0.172719306709151,-0.0289229374024682,0.0336513618593194,0.313327177264861,0.09694162707196,0.0007563755116342159
202002,0.0181279091239546,-0.0764540755756054,0.0851840691049709,-0.0854595585780784,0.0540514646946696,-0.0183876798335821,-0.0474146228019898,-0.0205327614353309,5.957213241347808e-06
202003,2.11931807836201,-1.25553226150545,-0.0165281288383585,0.181504201480553,-0.941982601912367,-0.309565343560839,-0.996207731956271,-0.181514520727429,9.518936471362434
202004,0.949696285125079,-0.294669044198301,0.187166083444929,-0.192621866415257,-0.304993772144023,-0.165339945809869,-0.163992867584232,-0.541783381170221,0.8565529548399028
202005,-1.38712907497244,1.39011410746704,0.345422292087754,-0.429100338179363,0.859464939461107,0.0189173630097869,-0.142702856019171,-0.837293129742339,-2.669012603617829
202006,-1.36006825532673,1.30462848161871,0.422479342960636,-0.165430363830709,1.21031867223708,0.469233566422683,-0.266431847894268,0.106743488287448,-2.515834754165139
202007,-0.992223130208222,0.575096094191571,0.331132443292922,-0.285462336280365,0.678080400068542,0.117458978140035,-0.165099284704406,0.117043809883189,-0.9768503593931595
202008,-0.588099652625123,-0.0781473112113692,0.425928091505402,-0.302162980535375,0.135569036672142,-0.113958247830492,0.219586712543113,-0.294632320579262,-0.20340085241031017
202009,0.0100861844730317,-0.155300221347954,0.0277199478464247,-0.0547764853637633,-0.174863366875258,-0.102507121729896,0.128134933196738,-0.206831339877937,1.0260788149691364e-06
202010,-0.423747855997932,0.061897850961871,0.121171221129746,-0.0586545306539002,-0.103331144449028,-0.186570209548696,0.173275957259502,-0.0230030929832612,-0.0760891165330546
202011,-0.0908988654580768,0.0633550275431487,-0.0559825373645744,-0.0190097760036406,-0.181921332655067,-0.0781552393700911,0.021282105983132,0.20658571490512,-0.0007510613058379686
202012,-0.0699380080849821,0.197213019739436,-0.160502223486938,0.00115034563059304,-0.103780365445761,0.0168254476484136,0.0200532166753058,0.360805558012355,-0.00034208952564048287
202101,-0.0828686602641195,-0.157309742115772,0.103893640111873,-0.0829504250418394,-0.0338008284808511,0.0677463424032185,0.108688196814549,0.189933303721593,-0.0005690768946943598
202102,0.640975546290593,-0.257287853360828,-0.26403875015264,0.040467354720077,-0.628840221009381,-0.25544686508812,0.317888753079057,0.00133427214626304,0.2633445794561838
202103,-0.939683295217688,0.401348165471124,0.237812415013457,-0.0881953233128379,0.377423073042922,0.0936441880199446,-0.0943797359867755,-0.178533307926635,-0.8297447617826933
202104,-0.210855010468021,0.238738108369738,0.089818653525655,-0.20918041871482,-0.0297397053847743,-0.0804944829583964,0.193055346703776,0.17626941781018,-0.009374579066995778
202105,-0.298636041459234,0.0881509417600699,0.17285778550581,-0.103940382655991,-0.010344472687455,-0.193017803129673,-0.0994202943958267,0.346935244076471,-0.02663340300111887
202106,-0.193006115688829,0.147129019175812,0.00687691905369364,-0.140602970149642,0.0584003711490328,-0.0676067392889397,-0.00694847856142641,-0.193591851775412,-0.007189740431535359
202107,-0.522069408587178,-0.0309642890503626,0.0125873911137373,-0.0499926452047641,-0.18170297395812,-0.390002355907306,0.0582305594820834,-0.0760388000917537,-0.14229339373302657
202108,-0.19461256502243,-0.270929269733768,0.0906923933960128,0.0037838618693154,-0.105522393627899,-0.134792745787947,0.0222898957371563,0.17496198740516,-0.007370766108706618
202109,0.271158507520006,-0.403424868204668,-0.236400431927078,0.191319236537937,-0.566534078709927,-0.243262766019337,0.209567039662068,-0.0442076621848193,0.01993745428264008
202110,-0.317705608345596,0.188616703911008,-0.260865102028065,0.120299571874223,-0.200129356698935,-0.196748608465852,-0.0422652746196821,0.10662118764927,-0.03206820446929594
202111,-0.432332700861587,-0.0136911942848697,0.0803660307572983,-0.074096156984666,-0.00563984415910483,-0.164747740062265,0.0108202001696147,-0.0392108055502869,-0.08080798138766788
202112,-0.294540705872209,-0.199163264036617,-0.077391825888002,0.0320313643136604,-0.275320438011827,-0.166116130677938,0.056200904997578,0.0447048643050817,-0.02555265138041817
202201,0.0164050956982414,-0.202212666922169,-0.338339403221062,0.26809499157984,-0.343642664726149,0.0264585391607086,0.0502437216506597,0.130933634043713,4.415056894663452e-06
202202,-0.205750942808651,-0.41067317956345,0.214358391322103,0.115010709427072,-0.115757612757056,-0.056659602852506,-0.240826615887753,0.0921638600486453,-0.008710147345856312
202203,-0.239112732658537,0.11720113589083,-0.276193435011437,0.173885035087781,-0.436487217724109,-0.216925885752378,-0.226173462621664,-0.106076616308127,-0.013671246320101254
202204,-0.397663762703126,-0.176598963423654,0.394362635589105,0.0763154190309146,0.167528038451818,0.266669147265226,0.138931617742895,-0.0110393804097447,-0.06288514295195508
202205,-0.21210939931496,0.276392153235534,-0.33590345990655,0.46299134297685,-0.226202197471763,0.0217542316992809,-0.421657753619128,-0.0507159638901021,-0.009542886141525634
202206,0.103566157980063,-0.0579760787854656,-0.228293797239695,0.39237699531374,-0.28797860813127,0.122191593744295,-0.169885918847148,0.0730521689418082,0.0011108453367760752
202207,0.203441534617417,-1.31789686937927,0.810450457829463,0.0265315815928429,-0.10745356661809,0.053848172977472,0.3282267210821,0.0553929176374811,0.008420131412492224
202208,0.152189711861854,0.211026219398013,-0.160372981064279,-0.0180055474993566,0.00345415600310932,0.187824230366395,0.11069538981376,-0.00927451197372059,0.0035249737271059478
202209,-0.0745835786280522,0.13524952142754,-0.134034561764251,0.559484984394666,-0.216860056590272,0.225433713204527,-0.195682427245083,-0.132663878766299,-0.00041488683365887885
202210,0.068666580517523,0.0349852440008812,-0.108000799157457,0.455368848379411,-0.123377636128714,0.276734640171337,-0.158421110652733,-0.0790929917335135,0.0003237697443561383
202211,0.361737375878476,-0.142897475717844,0.11503796926268,-0.0487607425391989,-0.136884735410714,0.0456728085826358,0.184802213367138,0.255023563369531,0.047334756938715576
202212,0.44495340712028,-0.25607319623711,0.0862493424171745,-0.215886679920944,-0.145256552723123,-0.142476957929987,0.193834039429208,0.164646528164506,0.08809344823302592
