Time,12 m,24 m,36 m,48 m,60 m,72 m,84 m,96 m,108 m,120 m
199009,7.67698667207787,7.88964951966652,8.05174846654899,8.27216256110116,8.41545927638671,8.51338282539439,8.61448240196103,8.68606969411705,8.73296951147175,8.79392513059546
199010,7.427382005593,7.64476565889942,7.82484465427475,8.03073587410914,8.18999428980414,8.30226664495194,8.4127481976422,8.51142396437725,8.58379333302748,8.6583946038489
199011,7.30857232203915,7.4538771409196,7.57026550390161,7.75848854150078,7.87824535763656,7.99242547182808,8.09652587925802,8.17979226027201,8.22636559892726,8.27497310315914
199012,6.899355586305,7.11701414922902,7.31716967042345,7.5312652964035,7.66316340769813,7.82779864439953,7.96297559605858,8.04426748856197,8.08019791776907,8.13584281023523
199101,6.62198465676964,6.96566195487246,7.18729253129599,7.44407845183004,7.61029705979314,7.73421475963336,7.85606994899093,7.95211017951641,8.01557515108682,8.10322270295963
199102,6.49018702696539,6.92187451816963,7.17738734901347,7.44972871314811,7.63479611091659,7.7525012741483,7.86606101488351,7.96852316877583,8.02702594113174,8.10334498416979
199103,6.38963663422542,6.9527932219435,7.24714357051692,7.55509177252058,7.72619354173926,7.86889027540619,7.96119757065364,8.02443068421802,8.06065497668333,8.11342879968565
199104,6.1999403228019,6.78953564013509,7.09072554945678,7.43200300714736,7.63106639834655,7.80403514080308,7.91531263972764,7.98455570899942,8.03316951049159,8.10081101297429
199105,6.20428815121935,6.75710201261426,7.06309512160361,7.43966024127354,7.65308628527219,7.83201232483739,7.94880107167346,8.03013377273068,8.09661963036624,8.15503066266658
199106,6.34100768295617,6.88951889216068,7.29138134857675,7.67504132888703,7.87530382972371,8.04074359634241,8.14528202460645,8.2265411920322,8.2791481416985,8.30471340469429
199107,6.17646262733122,6.74849458132379,7.13449224250611,7.50383833535135,7.72175579130419,7.90946948655259,8.0357547346424,8.12073935926204,8.18437863819488,8.23484292601258
199108,5.78590192149398,6.28950127929144,6.67031118529193,7.08565700472868,7.31697055165752,7.54950997723892,7.71017112109296,7.79896722978926,7.87859033947222,7.96046532615356
199109,5.49525054234786,5.98178543402322,6.33991459989504,6.72976235445476,6.94716924673391,7.1869018483638,7.34432547860467,7.43876529491785,7.53905918805883,7.62392079593938
199110,5.15890502101903,5.67488254772063,6.08058351378716,6.52969421585409,6.78649680764925,7.07621167115547,7.27464217642002,7.42071337383908,7.55596158798703,7.6897816276838
199111,4.8029240652162,5.35753037790659,5.86295788931967,6.34727566449968,6.60511556019757,6.94802143262002,7.18135194154211,7.37702412047237,7.56517242020138,7.69956413642135
199112,4.20428173004888,4.76259109197602,5.27630017338616,5.78647456110182,6.09028770813275,6.36739304408013,6.56682583667232,6.73117122616784,6.89161162037262,7.10261749607447
199201,4.37157550837726,5.11836817249798,5.75214152634519,6.28223944470122,6.59612693035346,6.92837558000625,7.15267078306488,7.3296409190158,7.48038835021409,7.60520031089987
199202,4.45148992923353,5.23158172173082,5.86045110033378,6.39652658071393,6.68990136611967,6.99113437173951,7.19836736569964,7.32740254996631,7.41049700799612,7.52502269100279
199203,4.67050171859858,5.58632134131683,6.2832188312132,6.76444158257543,6.9885282210343,7.28899343387565,7.44098374853549,7.56120865992859,7.64918458805082,7.72578449919343
199204,4.40681915567697,5.37231436307872,6.09313955490293,6.62496570354553,6.93660063435514,7.24960170518718,7.44149619850241,7.61212425395404,7.75285615658982,7.82824737556356
199205,4.27733172940305,5.1264401436233,5.80365291815235,6.30829103886887,6.64594320789664,6.91478144027645,7.14116590147876,7.34612324379974,7.52808543340525,7.61296851627972
199206,4.09693429350971,4.80817720067897,5.45120413227394,5.98959300975604,6.36122987521871,6.68324428697221,6.9291920988932,7.14009210122552,7.33081900772033,7.43883580378512
199207,3.68553001035205,4.38127824943911,4.99731402221401,5.54233070756507,5.93915894836675,6.26717217744243,6.48259256285622,6.69067879068267,6.86824961818461,7.01709010726016
199208,3.50863864246984,4.13184347359652,4.76393647848659,5.33390335941489,5.74108584233427,6.14440263069276,6.40379761291839,6.65552274252047,6.8504565161115,6.99582214943479
199209,3.14488321588014,3.80243944006149,4.41841773163002,4.996527764135,5.44229091736919,5.84027651814593,6.16268229297179,6.44243357962248,6.64322519032456,6.81542160904343
199210,3.65983961676476,4.43672042567579,5.08751392245095,5.64437475009295,6.00063502171516,6.32243097488688,6.58370663561898,6.85325483167962,7.01885337739935,7.1591251291039
199211,3.93990385008928,4.80366673635074,5.46416272333865,5.98433942787611,6.3254017745241,6.60947548922147,6.80310637508453,6.96467733869537,7.04985220500179,7.19110912325495
199212,3.69249452362069,4.52538900179188,5.21472042374785,5.75053038155037,6.14138825576012,6.42060387521023,6.59951948408346,6.73096419079582,6.82372463199654,6.9596860456963
199301,3.48616801964107,4.17743566692965,4.80008122926353,5.25558928953027,5.63800592524635,5.97663760669218,6.19015238747722,6.43888142560526,6.59413252003149,6.69459809283286
199302,3.3572604278221,3.90501488651167,4.43324491217977,4.93301801658408,5.29930203119025,5.60464000924236,5.84567619197194,6.12385058495309,6.29224757058727,6.37749089309741
199303,3.36987004343894,3.92198082171302,4.4817710840128,4.96689392894879,5.31882161410925,5.62462648072066,5.88618508817319,6.11136489209022,6.25864276619642,6.38731759704882
199304,3.28718860690367,3.77997465084,4.34860260958347,4.83263355100574,5.2328924790296,5.56452891111,5.83827011359161,6.09255722154104,6.25463045985023,6.37670459504325
199305,3.63144409973299,4.17337013059639,4.65995799619137,5.07359400839871,5.38842298501921,5.66304996902449,5.91924877292898,6.15747270224201,6.30676602519487,6.4249145400224
199306,3.50558994076598,3.97423594279087,4.42975235852465,4.78282219450119,5.08156061785375,5.32890665895408,5.53066750212294,5.72904443330458,5.88497466547839,6.01600582962643
199307,3.55981106875929,4.08811917747804,4.52596043285149,4.89108245340255,5.17770827856638,5.39695544387664,5.56564418373261,5.72963571762588,5.8838722283515,6.0106911290361
199308,3.40626011050087,3.82103031346644,4.19695826043381,4.51435523484787,4.81198897657904,5.02740096619352,5.24136726261783,5.43372431374958,5.58761690182258,5.72018215748232
199309,3.40206481461459,3.83989927811548,4.24729446107186,4.56365235144638,4.8050435757855,5.0120138725883,5.18443417635819,5.33963054037471,5.49758829398193,5.64925528078998
199310,3.49367521911108,3.95419128401262,4.2987938291374,4.6119177768033,4.85494975969379,5.06505242532658,5.24664046941983,5.38657078404049,5.51535129187759,5.64259534500513
199311,3.61867598504686,4.16729773423981,4.54731932695251,4.91546466493939,5.17943225742904,5.40069460887166,5.60949212149852,5.7715904223779,5.89987953817218,6.02656131981527
199312,3.65191804203741,4.19734932607426,4.57201834860094,4.95474828582424,5.22456590658239,5.4095383339046,5.57834560975147,5.76109194063628,5.9029031571528,6.02712942215046
199401,3.5080286352666,4.06864282724227,4.44011209811176,4.76350171362658,5.0251099039385,5.21538157966713,5.41697162660851,5.59766506635337,5.7210209823431,5.83463231769229
199402,4.04096139784745,4.63961565679159,5.02442388176268,5.36070036950391,5.60756385569785,5.80862869315532,6.00333858253128,6.14166717869174,6.25354370608952,6.35710116317149
199403,4.49943290631712,5.17553799288875,5.65608473855157,6.00266640603987,6.24657274916221,6.43943927804541,6.61540137577979,6.7311203242956,6.8564947126134,6.9570436073781
199404,4.98401604419744,5.681641214887,6.12146058240489,6.4232675058751,6.59947939470024,6.72176766750058,6.84583391060419,6.96326525651853,7.0950936488343,7.17986445509705
199405,5.25017821671282,5.92690370360933,6.31518951068591,6.55673671755716,6.71805141733234,6.83461984967166,6.96979111663578,7.07907818178736,7.18490702256244,7.26687366467111
199406,5.38156470973639,6.08002494994638,6.46402744500617,6.73864885512917,6.90286109657917,7.02439079809978,7.13082518405466,7.22860081399922,7.35719158004574,7.44151130724458
199407,5.29494796326278,5.9126255647339,6.25007537208373,6.49552247907398,6.65956208801554,6.78425003477563,6.886918084632,7.00455883792357,7.1260908401492,7.20949655696361
199408,5.42452343092466,6.03512329025829,6.36033996516949,6.59022819804199,6.73514960111193,6.8635567028431,6.97862244245209,7.08541725819124,7.19238249841176,7.2602250605314
199409,5.84285463879985,6.47562805123215,6.82759492793226,7.07010265414303,7.21104814038331,7.30889785262351,7.39548886669328,7.50229005277809,7.59672410818372,7.6595448715379
199410,6.03993366078741,6.6904947961432,7.03134125753171,7.2608223152246,7.39726892042359,7.49138963240123,7.57705261119986,7.67355283821431,7.76069462049427,7.81941501158654
199411,6.72015196731048,7.26394673214243,7.51805971369589,7.61830830042976,7.6678784084922,7.68442796196017,7.6920287289403,7.72482215537623,7.82409585212328,7.87184676080781
199412,7.10131202242788,7.54797386929506,7.6805098986293,7.70882572353244,7.69965033059525,7.66764630657089,7.67709501344467,7.72733321334351,7.73792266602451,7.75501909338437
199501,6.72894847043066,7.12943432699097,7.30265780740223,7.40184947195754,7.4388514396211,7.44508102244579,7.46147223269527,7.51038884765819,7.52885388687524,7.55980423024498
199502,6.33835160136744,6.66467319542207,6.81313348912222,6.93056024014129,6.99267248246395,7.05861073150283,7.10159447988145,7.15691267642825,7.18328980559035,7.23197168765587
199503,6.36914738565828,6.68084724793173,6.83247778020866,6.92317102346466,6.99736214156075,7.02755450940057,7.08597877753707,7.17744306783993,7.18333198748349,7.23689899288531
199504,6.21856410379998,6.48360618026916,6.63768010388192,6.72308640002199,6.7943380695889,6.83347699850457,6.89814062038761,6.99522014586324,7.03555508868621,7.10005566591096
199505,5.75643255429933,5.78225168346459,5.87854725113143,5.95332049046672,6.00171289021642,6.05364819151504,6.14034031178611,6.25750245002594,6.32763551135219,6.38406214164611
199506,5.6533050765954,5.75250611370507,5.81970115145548,5.89328892680986,5.92483881526949,5.97190829752004,6.07375105104416,6.18811513082703,6.24431091825025,6.30085452365067
199507,5.63266100350616,5.8172892205442,5.9683195579135,6.07505647097366,6.13226665715963,6.20532013962799,6.29589738318703,6.41358289583028,6.48057099538443,6.54020622509767
199508,5.59880264404997,5.76057499506925,5.87824513639861,5.96732451221061,6.01865986768622,6.07802163911689,6.15361593866453,6.26819356383895,6.34194727229409,6.38323146796591
199509,5.65455804870381,5.78251320606835,5.84131326777006,5.92073245926693,5.96720738592066,6.01325962076958,6.05580562621584,6.1513994538327,6.2240486284357,6.265078865721
199510,5.50491044210064,5.56339993377906,5.64490583862166,5.7326205121112,5.76445827853539,5.82082020303196,5.88041323790704,5.96718590669951,6.02965973597896,6.07840909689114
199511,5.33018501551464,5.32020742265084,5.37132387500147,5.44598091251551,5.49045285427458,5.55132317831074,5.64674191388288,5.73924699732157,5.79501166992689,5.82054508326975
199512,5.1342951513102,5.1416733799686,5.2023263702089,5.29461265633147,5.35286069724347,5.40527201074203,5.46197185756378,5.55114409601544,5.61320911480736,5.64340696081874
199601,4.90581720663332,4.91343882952902,5.01153848636287,5.14585543554687,5.24701398749403,5.33564525660997,5.46259461506059,5.56177562401233,5.6382405911535,5.67839343522055
199602,5.14431596551723,5.35356415554283,5.49863188620896,5.62309809717439,5.70926763210479,5.77963854757073,5.97255182533653,6.0908275169303,6.17016594777397,6.22597927351397
199603,5.4146931265976,5.71631848812255,5.87128459359417,5.99837826485941,6.04963497542036,6.10924167800745,6.28704293461057,6.35657503255862,6.40859322158249,6.44988901137077
199604,5.57126717579664,5.95735324214512,6.14587314721328,6.28462616962675,6.35551619958149,6.44237654716717,6.55205863374282,6.63552833926602,6.68735538027734,6.72362530119304
199605,5.6850281675025,6.13048141637273,6.3583461941592,6.5100838095776,6.5706042269958,6.63522284700498,6.74478462856895,6.80464053004491,6.82959690887694,6.86666869419947
199606,5.69172387194502,6.04196252658958,6.2418428699529,6.34727676547625,6.4062367066777,6.48008585993533,6.57366470916593,6.66041521355979,6.68417375260074,6.72415848650837
199607,5.80711731601691,6.1109562321441,6.31255191151847,6.42970036390471,6.49717874167448,6.55750946570081,6.64522757149379,6.7092205941171,6.74371471901102,6.73419359504672
199608,5.79122906982461,6.23341657483852,6.44997675656878,6.58793604732227,6.65699502877495,6.72687501537618,6.82392480992251,6.87398771718235,6.90628848231923,6.89921178865911
199609,5.65641441337405,6.01003157300141,6.20801566178473,6.33233039455292,6.41083614638695,6.47568653484507,6.57250175446613,6.64263601460214,6.67619079495502,6.67355171256699
199610,5.42317926673907,5.65307953805134,5.82662327229713,5.95323372717782,6.02433644674065,6.10242259054341,6.21871829185251,6.28675675690738,6.32155749938882,6.32857271569602
199611,5.34475229610373,5.50870331670387,5.62071749007006,5.70532769338047,5.77177997534822,5.84029905551113,5.92456812166577,5.99332561045549,6.03334607297445,6.05890068633947
199612,5.52509243903967,5.79674079878966,5.97370507904896,6.08244663720752,6.143821405611,6.21386730591329,6.29492331293329,6.35643056725129,6.38988747431655,6.40907048926136
199701,5.53709869530451,5.82909854814149,6.00353848468987,6.12277581853463,6.19983058866005,6.28072322860585,6.37166184061527,6.42774704688918,6.45665053685077,6.4933596615347
199702,5.63892536011164,5.98487856431336,6.15399204684034,6.26512762302141,6.33307897221952,6.3768132943241,6.45171175079415,6.48821286173912,6.51766181364184,6.57275349460198
199703,5.9561502314579,6.33137894215479,6.51700457762206,6.62132811058487,6.69053072715412,6.75367413530079,6.82659745374481,6.85867715785367,6.86631692636174,6.90348785578566
199704,5.85200358100597,6.17495854149149,6.3453442549858,6.44660470853695,6.50759628509821,6.58252443547431,6.64317542496713,6.6845552671141,6.69116008522238,6.72600417956327
199705,5.75681811868397,6.09586328279742,6.26780436325083,6.38127811548589,6.42990708654127,6.48985012415831,6.55443350891417,6.60046622179568,6.62697334691045,6.66185898946351
199706,5.67934027055177,5.99073009439777,6.14748559906739,6.26006953087433,6.3098870412941,6.36407453383338,6.42378833612382,6.46660823697001,6.49256242563879,6.52556018977245
199707,5.47589253882753,5.64023223523909,5.72089705127605,5.79413070686036,5.84189517117833,5.90002748720971,5.94471785100665,5.9994450366422,6.03170390317804,6.04936635347427
199708,5.64321487957118,5.88810620585139,6.01579887627032,6.12261860105814,6.16455853397061,6.22578966076626,6.28503063761539,6.32683482428198,6.34922887155251,6.38458126706979
199709,5.52284472009288,5.72311386588628,5.80898550859972,5.90669505342497,5.94226608013322,6.01024215095739,6.05255180033567,6.08794916032867,6.1226877127221,6.15863156877001
199710,5.45848527650517,5.57921285666094,5.62589291431038,5.68305094692295,5.71544367507953,5.77614836308998,5.81860440401182,5.85119075251061,5.88265261798835,5.91848918798475
199711,5.6154702416318,5.73274975544518,5.75047000457204,5.80229556602255,5.81420969789075,5.83305722131988,5.85380021350745,5.84816069680857,5.86281791256175,5.89043152824587
199712,5.50903281654462,5.58811661515294,5.61762538035858,5.64945699219911,5.66057493878195,5.68615202041942,5.69762076122968,5.71327224160173,5.73639440442505,5.76449773125447
199801,5.27961704272222,5.27645754261499,5.28494928319278,5.34005608132348,5.35841707125264,5.3985570003577,5.46073287846524,5.48335315799019,5.52074002495053,5.55753414815501
199802,5.42577299950213,5.48023512758532,5.49053782288611,5.55213136805595,5.56108759448507,5.55795330677771,5.61161260244881,5.63142037864379,5.65511566042201,5.67482299168905
199803,5.43497627932504,5.51669434601163,5.549961036717,5.58186513593503,5.60265337328374,5.636480681521,5.65985390178665,5.67447092804532,5.70001896429913,5.71498779442302
199804,5.42578173772968,5.52499925593218,5.54972490164629,5.59389284009694,5.61448900096511,5.64948270645783,5.67364524065716,5.68691650579872,5.70630889107935,5.72631671136454
199805,5.43458250907411,5.48337770578231,5.51097459989752,5.546827035024,5.54942120065293,5.55649432192798,5.57884095824351,5.59952612102097,5.61977347857407,5.63397248201251
199806,5.39633965929182,5.43914491177355,5.46139816684326,5.47655421273419,5.45968951834414,5.4629778646072,5.47229780072167,5.49155920290646,5.49855381998001,5.50794615910444
199807,5.3760373981544,5.427587498718,5.4635768856763,5.49267683289124,5.49278903486686,5.50108066856274,5.5035680204403,5.51663969082372,5.5335736596654,5.55372249970219
199808,4.96251332016992,4.824109178628,4.86840055404254,4.88849386471081,4.90020516040485,4.98085421419103,4.9778907314065,5.007556435304,5.05496053805106,5.10025002290632
199809,4.50816414229581,4.34299766603166,4.33478764499718,4.3269860427179,4.34436864457758,4.3755448366689,4.35220567145784,4.42015101621156,4.49954418375405,4.58922435514953
199810,4.36728606240818,4.27258309867143,4.32759474702921,4.37004172917276,4.4132532233461,4.53879110622087,4.51709276821601,4.60558214888581,4.72171870731205,4.81853730621229
199811,4.59595629121533,4.52680877146053,4.57153976730472,4.63891178953697,4.64809029816312,4.71970820825613,4.69267473334301,4.76619327472779,4.80109951766201,4.84284935285524
199812,4.58701515150371,4.58647615026231,4.61959200450684,4.66722427309864,4.65706419013148,4.70284699164571,4.69771001244465,4.76327915704479,4.8226261592502,4.90510637234798
199901,4.58087444168957,4.58419485695107,4.59398516772657,4.62078213395628,4.62852862880654,4.67959274770436,4.68336133444362,4.73172268016885,4.77162503562539,4.82714079706519
199902,4.95350738196205,5.13297361448372,5.21589177042094,5.27801885213043,5.31617298902998,5.35805642752669,5.35471295258828,5.38905387271112,5.40846718665756,5.45012136922499
199903,4.79051720588845,4.97235489014996,5.08370397376596,5.18474381694087,5.24414586659888,5.31571268146288,5.3536216378498,5.39534707725864,5.41586474167886,5.46935777525755
199904,4.83043416095853,5.0525138666231,5.15770106470002,5.22778089345368,5.28778259603199,5.32949202269322,5.35682986863471,5.39427146573343,5.4313559838678,5.50502600431791
199905,5.0622343828441,5.378568550179,5.53088937667494,5.63670887966054,5.70000846595091,5.73131385112802,5.74456694645151,5.7551037479802,5.75478342954953,5.77398819857316
199906,5.16830915538144,5.45732789712517,5.57192097161533,5.67760166238624,5.78562516787644,5.79594198247611,5.81543236928045,5.85551154840458,5.87951799354678,5.91911617179369
199907,5.22737269197817,5.58329353663387,5.71449720736966,5.84275397771196,5.94278133839173,5.98150627291185,6.00582135412117,6.02536270101933,6.02904029331338,6.06156289915724
199908,5.40341861482991,5.68473665288496,5.80031206124475,5.92450604734326,6.0432374345582,6.07124733546645,6.09489856633858,6.12414082053893,6.12222856243538,6.15093443788018
199909,5.31068759221516,5.58302689619359,5.68590261077389,5.79806827729425,5.92295832077308,5.95693093829663,6.00526248438751,6.04175533533369,6.05616796512957,6.10838823497925
199910,5.49324462179831,5.76030396469413,5.85457532096022,5.97293670519262,6.07148597053305,6.06014018999657,6.09659716712817,6.12762845650541,6.14261736598564,6.19081724979691
199911,5.75090079367412,5.94692731978644,6.01375547874869,6.08988298663672,6.20290471378135,6.18253541484174,6.21510251585303,6.25119113067743,6.27951725983592,6.34195367067778
199912,5.95748780776305,6.16450862765564,6.25843310463573,6.33625742357651,6.44130373296164,6.42987995252804,6.46461383293359,6.48887016515189,6.51031802757843,6.56020893875465
200001,6.23273888900109,6.53361262483139,6.58659198501629,6.60427370252856,6.67209187231731,6.6438326883085,6.63679076167085,6.62193669368274,6.60846681306438,6.60828623789116
200002,6.22934272939466,6.45714350296222,6.51807254340107,6.54532272027404,6.59755689761736,6.56894336346361,6.55360214714046,6.51763686794081,6.48144051399478,6.45452592853799
200003,6.26827289219134,6.3953553198392,6.34819707045217,6.289203962723,6.26113663275826,6.20458102875471,6.16075282819493,6.12152171237131,6.09248690827526,6.07762279688145
200004,6.41380329026589,6.58171212759978,6.51813779539819,6.49445935327887,6.45933986890079,6.40686977745771,6.36455248030565,6.30439601489435,6.25465472444101,6.2259299849339
200005,6.56064420689177,6.62171403103769,6.55078495919024,6.5168612110288,6.47013685099313,6.40873338077703,6.35634560464394,6.31147205292499,6.27848515911317,6.26802233449859
200006,6.3455873901005,6.32514949711298,6.25793245451005,6.2107377800289,6.1606670029896,6.16159286430504,6.13163371457445,6.09845838967056,6.07275236273065,6.07343193669385
200007,6.34623528432705,6.25333236170397,6.22718206896386,6.17858469478718,6.11845136736905,6.08954752759193,6.06011996838373,6.03541743975846,6.01351065783329,6.01021538683746
200008,6.25455047810136,6.1002665396075,6.01907379920357,5.96854909304175,5.91434402452612,5.89568131107947,5.86534543954256,5.84221218326293,5.82444703633638,5.82723228824237
200009,6.17652102575289,5.93204492876873,5.86243340194183,5.8257888046681,5.79903510884087,5.82635369138714,5.84738285312847,5.85993676361575,5.87545124067179,5.91250617681681
200010,6.19475270369934,5.88907798434517,5.81284115356417,5.77756264630721,5.73346105031367,5.7574915672875,5.76354397664892,5.76932567982512,5.7833774778484,5.81442833722542
200011,5.9736751504398,5.60449924774532,5.52309549429623,5.48217900603394,5.44037860304112,5.44236642078343,5.43221870916229,5.44739377168183,5.47927833517291,5.5261067977072
200012,5.45331573619825,5.12978536909351,5.09056714045816,5.06259793634811,5.0279355172154,5.07933113823452,5.11860477530076,5.15492242614849,5.19784365580574,5.26405051978704
200101,4.68312675407116,4.6346625641877,4.72728377984357,4.81810737093053,4.85859332491999,4.94391062463477,5.0146806636254,5.07934001739599,5.15114137169978,5.23340813292412
200102,4.52280584985734,4.44720456002836,4.57088654296304,4.66259507798727,4.70274007943137,4.79157286073889,4.86812024987421,4.94192301571474,5.01548960120343,5.09541594760238
200103,4.16770176455154,4.25284071419826,4.42011152395621,4.54962976063739,4.62067566585604,4.74545291223155,4.84405135139033,4.93979396780174,5.04088593170492,5.14778963539179
200104,4.04993332129177,4.33301421386679,4.6465555131556,4.82923946497427,4.94210232622025,5.09285650351386,5.21156633704848,5.32168965637307,5.42971516419553,5.53243159549279
200105,3.79254819067716,4.24834337581849,4.6153161253684996,4.85294422488288,4.99819162680999,5.13709574898315,5.2446145229553,5.35057043346466,5.45737255776285,5.56120945638354
200106,3.8814421340119,4.2978384735775,4.66315801412384,4.8982050632486,5.04919987616646,5.17195486297133,5.28252678208593,5.38887232104328,5.48900168647452,5.58963547160639
200107,3.49905469028444,3.83633847469412,4.22502275092477,4.45636150105328,4.63002711719334,4.77856933277297,4.89580203701824,5.00750136447671,5.11882683530636,5.22914369521786
200108,3.34718965997278,3.65598489599207,4.05552564385001,4.29263284527585,4.47127103884812,4.61605838852919,4.73669207758968,4.85096874889769,4.96369654145285,5.06941540275609
200109,2.53325330933301,2.87935751228877,3.40330795368728,3.74799573992751,4.01778463602817,4.23662195921703,4.41407593312789,4.58108192143212,4.74480780902718,4.90293413114128
200110,1.9907586422328,2.41376432014975,2.94867804667027,3.34678542687792,3.65306846163677,3.8664441155314,4.04178090802025,4.21390370574909,4.38574786406594,4.54037977135393
200111,2.09706252822928,2.85186611851551,3.49452241259524,3.90698663727064,4.20397420895754,4.42493403568614,4.60648664705353,4.77205323980883,4.93533517847097,5.09912701957196
200112,2.09339483093473,3.03777153221383,3.80764046289912,4.21740916316319,4.51347161623476,4.72007572474587,4.89894397577717,5.06528657962384,5.22021800307868,5.36378422971163
200201,2.27891531545401,3.11531030950636,3.80964236475923,4.22307387243571,4.52636592855099,4.71755296770451,4.87478804714,5.01886820943155,5.153481668819,5.28697165133259
200202,2.19999881267651,3.01734097558208,3.63630430222671,4.0472136604655,4.35554078684622,4.56363457846411,4.73927191791344,4.8919760258911,5.02856941552861,5.16818627026595
200203,2.72917344428448,3.68836899816021,4.32543209975851,4.70705139062638,4.98239045060924,5.15866236114435,5.30729009097635,5.43791039320837,5.55388672682218,5.67261858863055
200204,2.27283672349905,3.21535628241302,3.86057332512366,4.27855288835037,4.56473730856324,4.76186554623642,4.92734363121918,5.07122208284029,5.20059886621937,5.32985882363242
200205,2.29847401464707,3.17994138700682,3.72148558403686,4.11406206987961,4.41054957004873,4.62542611508495,4.81264439068938,4.97788529008279,5.1287091410115,5.2806473592898
200206,2.0262070000174,2.86092416393243,3.43056373794589,3.83783521339402,4.13197347029008,4.36847760209301,4.57793674211479,4.75765042022458,4.92256758148086,5.08929728719014
200207,1.71131990469529,2.21807073242341,2.8134980141144,3.25308432486992,3.60461765815844,3.89235432893552,4.15158267732292,4.375195215785,4.57812378625997,4.77613063052383
200208,1.72822937766707,2.12309089498408,2.5258396945739,2.96506819535209,3.30130232280291,3.58971561901388,3.83529843729226,4.03785925071184,4.2129610790972,4.39736943543175
200209,1.452274287558,1.70021717814384,2.03318782760656,2.38730624872418,2.69086719156748,2.99986671359312,3.28506692675025,3.51649756928721,3.71909722262078,3.93638518545649
200210,1.37403279987101,1.69543303391457,2.11825238300717,2.53399837970196,2.87866680937539,3.22044952071273,3.53064897424254,3.78569173062765,4.00962635813925,4.24152560866099
200211,1.52388447652184,2.08255886581034,2.60289233241073,3.04640611603548,3.36778053301889,3.66730527738943,3.93244720202717,4.14597307507616,4.33169618790097,4.52385687201073
200212,1.24203962612564,1.59298326043456,2.04786634349124,2.47681623135645,2.82246063654102,3.14377180268479,3.43212901595831,3.68126329206015,3.90751852342402,4.13327290268874
200301,1.30201613509583,1.69864760689421,2.21097635156504,2.68920086775841,3.04446460785571,3.35723237399944,3.62378192673372,3.84685046653482,4.0493882048892,4.25389391068019
200302,1.23967658039844,1.50722336782118,1.92998180780481,2.37293361052387,2.72937195904588,3.04573098184858,3.31779755449085,3.54492531249056,3.74785121004191,3.95418205673063
200303,1.16897344327204,1.49006017121661,1.97632949426352,2.44581408912631,2.81966935079274,3.15223845500917,3.43789257481481,3.67375426012582,3.88353983264554,4.0939329721639
200304,1.17012920978164,1.47965126354209,1.98707350508455,2.46736334865222,2.85884455447891,3.188442778036,3.46449620903442,3.69366154244147,3.8972986417662,4.09741771091568
200305,1.17045625261123,1.3138320235839,1.62719047295249,1.99477131743632,2.34583993444204,2.6723504186706,2.96057291904697,3.1965406780243,3.39904184109833,3.59872867562734
200306,1.04492485954171,1.28291288142486,1.68692601016225,2.11169518764231,2.48556072016523,2.81389971726444,3.10651827460596,3.34641504407484,3.5531567248423,3.75572403020963
200307,1.24497502889374,1.73574196005211,2.31747491175454,2.88358468711352,3.33483861703723,3.71072449481532,4.02680236778517,4.2780508207672,4.48576667393546,4.69446007422628
200308,1.35375094016856,1.95096416387898,2.56982069824256,3.08356230755187,3.50041131563146,3.8303682676774,4.1030030942859,4.32100199653072,4.49762772518203,4.69096860492069
200309,1.08885463260137,1.44750610998551,1.98264561702741,2.44767347687498,2.85724840029092,3.20492599670694,3.50146661248483,3.74620526915501,3.95402028654961,4.17386317001051
200310,1.29529860137753,1.82775732472821,2.40369359771896,2.87333274571815,3.28344462294813,3.6089465639047,3.8901186205445,4.11557899280255,4.3063567420796,4.51671296444519
200311,1.45679564589359,2.02922569004587,2.57802638735502,3.01071830379971,3.38608644514203,3.67511895992058,3.94631615694239,4.16081581303801,4.35061884384035,4.54786868687394
200312,1.25757764624292,1.81033590461202,2.37879121648719,2.84875397089766,3.24904037126927,3.55414721183133,3.83938243685317,4.06593551837595,4.25724686156639,4.46189679154562
200401,1.26131221951242,1.79594743776731,2.35128702301122,2.79264609637088,3.17898719141236,3.48264164118207,3.75003352592104,3.9615167825519,4.1415728815925,4.34445680954108
200402,1.17481425307323,1.6284093668301,2.14757289573658,2.58421449652314,2.97200549367267,3.27528166579661,3.54570827477919,3.76527855373233,3.9555482754258,4.17499825073278
200403,1.1466165287336,1.55791778077677,2.00691980391161,2.43668223084084,2.82381511431964,3.13797236200113,3.4100867388581,3.6354704366232,3.83586831276632,4.05531744181981
200404,1.61332634202359,2.33257498872212,2.8823764009152,3.31598673134389,3.67345582548285,3.95192387679233,4.18103410840999,4.36454825316709,4.53103750543331,4.73623929060745
200405,1.83580413694039,2.55104905737954,3.11201228141379,3.52427033586303,3.85926203381729,4.1193887804545,4.33485843314201,4.5144145672104,4.6857233303541,4.88400350513656
200406,2.02428489387805,2.68472540613313,3.16187001350194,3.50731133136071,3.80658260653086,4.06066127172432,4.26635771758923,4.43859768698735,4.60971898266585,4.80636269463324
200407,2.06760400388503,2.66971171124605,3.10625408387405,3.44098815719209,3.7246945294806,3.97156947472795,4.17021071145904,4.33370963742573,4.49280767782581,4.68611437338045
200408,1.93448721433267,2.37092535950943,2.72783137340047,3.06032048539381,3.34789383568722,3.59974447474748,3.80079939453447,3.96451716826869,4.12315146088882,4.32717078580497
200409,2.17939128698985,2.58969892979515,2.88060872670011,3.15707496359884,3.39947580870785,3.63131165250294,3.8155335393034,3.96541831403751,4.12110031620302,4.31551142395125
200410,2.21592065258632,2.53231086341787,2.80569408710844,3.06968190308806,3.31686491738751,3.53689889455111,3.72066219207992,3.87252978376113,4.02964765802515,4.21956184329013
200411,2.62375730612136,2.98561625389914,3.25140351339698,3.49290207311005,3.72122578183662,3.91235066573224,4.07533638930976,4.21288872878075,4.35773876969029,4.5236556114953
200412,2.73563259945809,3.04211123915682,3.24239314098484,3.44583207841923,3.63395534011209,3.80568384578661,3.94886564472123,4.07586663273867,4.21992614168857,4.37587260799995
200501,2.93431189078113,3.24274162246595,3.40893147719162,3.55169071670921,3.69678378170388,3.81554970147993,3.92206362237405,4.0176062949013,4.12589082453046,4.24493756403875
200502,3.22109009130601,3.56379591126585,3.7425601632277,3.8865210638275,4.0164791411802,4.1100349301351,4.19300271775883,4.27658647908187,4.37194705338297,4.46973576373623
200503,3.39718401726879,3.74925084243523,3.9144309705313,4.04844431788297,4.15949311886031,4.2400650840366,4.30687791879872,4.38254093027884,4.47878059418869,4.57840064059209
200504,3.35026108609838,3.6066782109661,3.71192437070086,3.79691810806025,3.87892157363805,3.94558732058401,3.99651803374291,4.07292203820361,4.18236530328864,4.29138555660871
200505,3.34404743751108,3.53132184242376,3.59354038633735,3.65948042718074,3.71846072313285,3.74605275570961,3.76593979316713,3.85158181550532,3.97119803755893,4.08563542140355
200506,3.47076456392957,3.58825579575792,3.61620202099341,3.65209631034977,3.69720330799956,3.72365553795337,3.75572804491331,3.81870877791762,3.90137128842527,3.98618261160949
200507,3.83304984599203,3.96369692671441,4.02271410715765,4.08319292172115,4.11152618015845,4.11742988129357,4.13735656983016,4.18893580025998,4.25592618419677,4.33217391678601
200508,3.72807292846638,3.77248287116035,3.7907996284378,3.80724139765266,3.83221809555534,3.85964438921066,3.89558595341361,3.95208768573735,4.01645611591513,4.08589836735879
200509,4.04977169237975,4.11384349431772,4.13828220574696,4.16044141536425,4.18403734223013,4.20665074869353,4.23017009351632,4.26917844779172,4.32280739231851,4.38895940721099
200510,4.29687506852662,4.33624831182706,4.37760392037972,4.40734602783623,4.42753790137571,4.44695392498797,4.46897311513867,4.5097763936249,4.55935844443046,4.618605988465
200511,4.35722348408169,4.34785541652231,4.34808012466706,4.3668083595693,4.37511908361163,4.40186027631749,4.43297363545171,4.47074964313596,4.51720591537371,4.58649046530858
200512,4.36356169585719,4.34344204630185,4.32661498253163,4.31745066984769,4.30287532254098,4.31024263098722,4.32143286694057,4.34600259111495,4.38649704397488,4.43466229488018
200601,4.52549300767956,4.45936309431825,4.43813196619534,4.44599434854809,4.44170809861106,4.45408358417558,4.4694289078485,4.48815414494563,4.50176482655069,4.53854944918065
200602,4.66550568731807,4.61671811227298,4.5953544233205,4.58605959759122,4.55815662440757,4.55275117050968,4.55414255450852,4.56136471807858,4.55752990678674,4.57380411765671
200603,4.79938157130212,4.76576170593462,4.75774936214167,4.76869582389328,4.76776942121066,4.78405817517051,4.80499603057456,4.82585931418753,4.84646610602739,4.88617469037505
200604,4.85847032855426,4.80356722335138,4.81076646342175,4.83729223130543,4.86005888838278,4.89753052310998,4.93968556344377,4.98121030769583,5.02632697639916,5.08878656885007
200605,5.02319623418305,4.96665408823516,4.95635753608157,4.95842820237636,4.97092783890039,4.99821663798635,5.03815448601934,5.06846776915353,5.09791813282437,5.16060127671349
200606,5.18896532653939,5.08571335355803,5.04950535554256,5.02850057157515,5.02303577576165,5.0368596832593,5.05627916530781,5.0751291318609,5.09738910707206,5.14607089598161
200607,5.03257133242869,4.89537768038428,4.85229321796383,4.83254664865002,4.83430493173671,4.84521840641947,4.87264789819453,4.89975508450719,4.92878502085555,4.97947846456721
200608,4.92584859670582,4.71004903931762,4.64171543239269,4.62442185406216,4.62841146787929,4.63917258607031,4.66399723722443,4.68235757537625,4.6982133537107,4.74177911575769
200609,4.84968006321741,4.62482439135054,4.54657181787879,4.52068861919279,4.52479302899354,4.52638730692152,4.55129476813695,4.56965327982129,4.59286413400854,4.63630636971684
200610,4.84853570418508,4.62160963772909,4.5398165103941,4.50516374335311,4.49726543799721,4.50147313098676,4.52514321775562,4.54155731803293,4.55510165440357,4.59728628762487
200611,4.79589679802023,4.53500502384675,4.43364702991061,4.38613800526585,4.36970696840555,4.36326423314027,4.38708849922907,4.40438757702068,4.42129615460707,4.46529316952725
200612,4.9296765846335,4.74057966488518,4.65535972063538,4.62328780014725,4.61836040777913,4.61748720269809,4.64430692208561,4.65695421422743,4.6706720941587,4.71209942939807
200701,4.97374246944062,4.84721447757788,4.76481043776412,4.7375578118347,4.72860547638636,4.72199743454753,4.74228590121772,4.75455193902891,4.76338644377747,4.80357606861571
200702,4.82940483508263,4.5884510308944,4.49860087475179,4.46146450203334,4.45963571302581,4.45663737204072,4.49360174977154,4.52262486566412,4.54104754925958,4.58299069904549
200703,4.82971477396802,4.56055050761589,4.4787355338161,4.47207045916564,4.47514446787565,4.4913562529751,4.54581469419996,4.594735963744,4.62216772126825,4.67953818996098
200704,4.84226912776899,4.54924990689971,4.45276579372756,4.43979596537494,4.44784373200807,4.4627155084756,4.51572599167547,4.56470352637438,4.5904057906549,4.64624973585776
200705,4.96027795692927,4.85543457802257,4.79331925759121,4.78576372756281,4.77935348433838,4.77596623345392,4.81560319871561,4.83856891219611,4.85420608835152,4.90383030822994
200706,4.9130799025712,4.82256876497885,4.81579445404988,4.8417826693941,4.84835131104912,4.85560413896583,4.92071065144162,4.97947278930396,5.00912053208628,5.06236003888406
200707,4.71130682403491,4.48796671839868,4.44835652985778,4.48479560051691,4.51315981758431,4.56000808092758,4.64492542407455,4.70508503538572,4.74366726199683,4.80119913605255
200708,4.29788921154834,4.15962255121058,4.13495859055273,4.19318546221504,4.22478818558764,4.27395179513064,4.37681139086891,4.49140597970427,4.55376447875416,4.64014509586293
200709,4.03028171294122,3.95606013603922,4.00883103767369,4.1161278696118,4.20323120033337,4.27939162335136,4.40388022282108,4.51176326673347,4.59175795868926,4.69210176555107
200710,4.01883026326467,3.90537074686535,3.92526758158263,4.03707874291215,4.11500072709436,4.18883626228382,4.30400182531374,4.39611738472845,4.4731842142753,4.58138621880197
200711,3.16024306960433,2.99646309386628,3.03112519178042,3.25328580135201,3.39930299084167,3.53672135881783,3.76123704565298,3.91988505345291,4.01863768702722,4.15211143881201
200712,3.21200803537311,3.01585997128082,3.0512915362989,3.28837340732941,3.43690236004967,3.58501542219492,3.80172078456393,3.99278401874018,4.10718588332621,4.25318354337724
200801,2.06871975039755,2.0751557273563,2.22006674555655,2.53727234042818,2.7865292103116,3.01512851788775,3.3243708424008,3.55168776817926,3.70156175323189,3.89698903017782
200802,1.63604853567552,1.61838755767714,1.84947887519865,2.20820550657185,2.52191171866504,2.79779836124084,3.17227376111835,3.44684255329313,3.65021017590099,3.85639176506988
200803,1.4569960215674,1.54330864636394,1.76006790994343,2.18662329190273,2.43389985989142,2.61308926988057,2.95853705594764,3.27879355880872,3.57526980400769,3.87286023557279
200804,1.89681773311765,2.21271177335836,2.45718108218574,2.81017469646699,3.02147875759968,3.18536458866522,3.43181459329208,3.65284170020946,3.87098173859078,4.07034085596367
200805,2.22730536851755,2.62636353432443,2.94973161997757,3.24749966497723,3.43445720197814,3.59241130774708,3.82257289807196,4.01788538833359,4.20889140239803,4.37920963182545
200806,2.30740933179495,2.56210427618933,2.90720617953173,3.16912930597201,3.31558048090892,3.45177695276994,3.70502907279738,3.91506956823295,4.12771995212691,4.31008231444154
200807,2.18972083401641,2.43944036133874,2.8029734729946,3.03644803612539,3.227973601648,3.39135308465184,3.63113412588783,3.87255808357479,4.10574212034716,4.30417633939489
200808,2.15006724761762,2.29417325454005,2.62293107171086,2.87838115794181,3.08344449948479,3.24046591019865,3.46834414044724,3.71842046195868,3.9157441684571,4.09491930236473
200809,1.80757136513144,1.86919564806126,2.28301045191465,2.68099049381174,2.9496231024924,3.11054948442082,3.51331834028801,3.83977613868696,4.05309888386742,4.25750938715355
200810,1.36815193164916,1.38979135676833,1.79677915118492,2.19750675981604,2.78554809319294,3.13064272206934,3.66938984818884,4.1176056072256,4.53740107169987,4.91620053894683
200811,0.778460738810025,0.834469607410567,1.16184701765856,1.28452135622587,1.83248031023616,2.24453355379289,2.93148937397,3.17877471741098,3.42046633338951,3.75131617027091
200812,0.358375017912496,0.594006352925695,1.01832566969845,1.10989516373232,1.40194263487079,1.8710440875801,2.16688537402778,2.38355430459193,2.51363482610062,2.91578662968924
200901,0.535861457438897,0.840822241725957,1.34647275902794,1.51766625988386,1.79418494573661,2.30580293674311,2.81507450618186,3.10905112222813,3.186932066754,3.61910786192205
200902,0.695906525739142,0.930349838143097,1.38117519808907,1.66072979909184,1.96098720243084,2.48759935168818,2.93929305046868,3.19490929368606,3.25585336810214,3.64951096205525
200903,0.559087149788237,0.760001954224378,1.13416910364529,1.35581915269049,1.62775010196675,2.03969846191547,2.37848426821321,2.64999061758256,2.79343400390526,3.13962257657836
200904,0.493219564407835,0.922414815856752,1.37375079545088,1.70471121481648,2.04989397130978,2.43349116721403,2.81326813925335,3.12190809854904,3.29927277621608,3.6896184147829
200905,0.495973908124701,0.913164669373198,1.38269751241237,1.87175217806352,2.39110467713455,2.7934230165822,3.15876898911406,3.43863518179272,3.62269212642642,3.97946190978475
200906,0.522072025554452,1.09799914033132,1.61781554586936,2.16014517415659,2.61371044895672,3.01283689905424,3.31066319217738,3.57232434383969,3.67605786319379,3.96795861657638
200907,0.526320866942589,1.10870935852448,1.59207773147786,2.09634799691122,2.57149484799599,2.97732759390659,3.22789771110698,3.49188094318567,3.63306239661259,3.92481463189379
200908,0.419757639606065,0.969919705766906,1.46700053473092,1.95470548500986,2.44426502239687,2.8731652852752,3.14404980403871,3.42612024069031,3.57691880704534,3.83830662054791
200909,0.399344151377268,0.92802011792702,1.40953983678433,1.88693194283655,2.3744665162004,2.78543387170605,3.04063127027225,3.29169388146282,3.44663421901897,3.64436680746877
200910,0.379159826769895,0.8796983616247,1.38993877133802,1.89312799809871,2.36174504605134,2.76755036432131,3.07620039464803,3.32733477200113,3.50459507244962,3.70546964002793
200911,0.287638180128661,0.658335540646197,1.08435133948336,1.57240759377711,2.04085856593099,2.44850091909236,2.78637863438391,3.08101132630097,3.31533826978914,3.54573045443675
200912,0.553211752935287,1.14296676393889,1.65922142786906,2.19746590682691,2.71049854124636,3.1191029872146,3.44496484032177,3.69853280294872,3.91337969387511,4.12625072366651
201001,0.308745434600544,0.806760885592725,1.3337436281442,1.84724718303236,2.36109550155208,2.80428971360537,3.16141854483824,3.43584789294889,3.67322117379153,3.90130287704472
201002,0.334771730224677,0.798832069436614,1.32674606367972,1.84114547354124,2.3390205176942,2.78837759707641,3.1563656591476,3.43431945955615,3.69243946395224,3.92116618539314
201003,0.436101042872563,0.990440136580354,1.56835087626184,2.11638288681279,2.59356760218443,3.01742499555764,3.36427861390777,3.62259652922745,3.88889114944117,4.12513759500094
201004,0.449963067335076,0.937487359855456,1.48402488651737,1.99296223091727,2.46540505555012,2.86293955123521,3.18875884806816,3.44743990286012,3.6990563250494,3.94484428620863
201005,0.423086147959925,0.748321895880972,1.25190332905231,1.76928097096195,2.17063211487493,2.57146919413096,2.83700270347542,3.08940988026531,3.38746146727513,3.64149839943448
201006,0.351886993974055,0.579770725145513,0.958063984791313,1.44020791891625,1.83598197581723,2.21044688197343,2.46772867711694,2.67824261054208,2.98909847143549,3.24857665221842
201007,0.32290488805445,0.523230068483686,0.797914741479026,1.21061749339442,1.64849669217029,2.07305751344464,2.35861864413993,2.56891944035166,2.93111831810078,3.20486363436717
201008,0.285414598870235,0.454034687693643,0.687603881225125,1.02231853174295,1.36143268825902,1.71076210548489,1.96640131233394,2.16060442808896,2.48464144091217,2.70943948527863
201009,0.267801778323712,0.403073184837329,0.63821721542984,0.961915652949968,1.30494854277673,1.66643955643198,1.974170153829,2.24988258084003,2.55618094869689,2.78658452076241
201010,0.241063796332576,0.313526131187634,0.499524226994218,0.840843503990557,1.20657848252587,1.60476606816247,1.97865644592355,2.29394051561022,2.61758404193948,2.89273510391987
201011,0.29542276346669,0.445866485861585,0.710590185667175,1.09824664366641,1.48978560734047,1.86509095273037,2.19584216631292,2.45400110837272,2.74361707252976,3.01669510927394
201012,0.322812954057074,0.582452771474809,1.0085674570068,1.55318119023043,2.04290796976048,2.45524284026057,2.74927991727337,2.97688708799961,3.26960723729324,3.53894047339439
201101,0.285944734799467,0.551815492876774,0.955507852979827,1.45182577928654,1.96443932571154,2.43149729904591,2.76884500041141,3.04143739696432,3.33469371527578,3.61151796796809
201102,0.290273479548697,0.659496210364,1.15128040537422,1.6666265029871,2.16329547615808,2.57614141987088,2.8798688249463,3.1322279401331,3.40262800403115,3.63278528617442
201103,0.343750930089311,0.817015171199072,1.30574686276229,1.82715906301269,2.29520883452533,2.68589087708176,2.97155270314029,3.20820180790943,3.45151784066697,3.67896442642851
201104,0.250329955973426,0.582873211360824,1.02284003588954,1.51422291245444,1.99807261078997,2.4165317833884,2.7385037007798,3.01736966349448,3.30375826478988,3.55869705331987
201105,0.212065423113206,0.450259811375272,0.806244187730055,1.23963531534807,1.71219864606316,2.11072743371524,2.42995864208634,2.72508095290319,3.02887226140296,3.28290400606278
201106,0.217441685168348,0.469419493035811,0.835672301083726,1.3181506140242,1.77314895974371,2.20789582592658,2.52332760645527,2.8250756633416,3.15763163710443,3.43096442983492
201107,0.271417351726394,0.354871116341955,0.564975108881035,0.930561938027127,1.36544316246077,1.77021173270786,2.11955633620407,2.44710662323681,2.78291927505358,3.06011059931583
201108,0.118614251890759,0.208573226239697,0.349149279515213,0.645108904847103,0.98461470306608,1.30773376440382,1.57657182366812,1.86376957611497,2.167639322721,2.42461243163033
201109,0.178944513388832,0.291614022873344,0.440729014005333,0.684908308521147,0.972982299491901,1.22291733666547,1.45285472760124,1.6603017102864,1.86665374401868,2.05908493284225
201110,0.151340871615833,0.249717290896982,0.415946530086239,0.662769843670494,0.990443042238645,1.29949611390119,1.58591267156537,1.82961124443345,2.0751353891039,2.29659357267267
201111,0.141654346677051,0.27288345872957,0.432354797258603,0.671289937037487,0.978207040281729,1.266249506958,1.53970740792476,1.78503721453002,2.01269300536135,2.20086393639914
201112,0.152564594676941,0.264464504675863,0.406526775560557,0.615520367153151,0.876804397872412,1.12543270740189,1.35946026303755,1.58909792861718,1.803822975911,1.9986110599773
201201,0.139316075983911,0.218224641930418,0.309017011884361,0.472093338236827,0.726049945309346,0.99416559960663,1.23168129655841,1.46515162125203,1.70696315063798,1.91292236195098
201202,0.198653859924032,0.311250741578818,0.454352166006397,0.640914623126474,0.887198064154449,1.13711291833262,1.39299253196926,1.6309930200216,1.8615819218167,2.05705104563046
201203,0.234681807910932,0.365190718198985,0.55381086870663,0.800909422347141,1.07757721854584,1.35926591996738,1.63124138882621,1.90693830604286,2.13403814110954,2.32826142185588
201204,0.20741318566933,0.280190053172641,0.413024980762573,0.613739425005815,0.840237467677105,1.07563024056175,1.32673606482324,1.60570989239802,1.83577649131975,2.03472718163948
201205,0.208324355275606,0.284339601272272,0.382784418709323,0.535096787204665,0.687797058969945,0.838612122583137,1.00005569073577,1.23568931512776,1.45045867055629,1.63095598780556
201206,0.250170716154019,0.332496715683129,0.4409910602615,0.594805180675173,0.762882515197165,0.934721581843902,1.10858269850695,1.34243535488802,1.55081934756312,1.72838232267631
201207,0.181616218908927,0.221099658579251,0.298024288190201,0.439158132062317,0.6127708259321,0.791906717081023,0.971712797621683,1.17648718294454,1.38085634016064,1.55260154671597
201208,0.19739153268802,0.237027163873543,0.31592695482211,0.437778962939369,0.617822754372299,0.805425622571591,1.01017331970555,1.233443025897,1.43868721872108,1.61782085438686
201209,0.195917830880805,0.250900258699558,0.33410122768314,0.470595013226784,0.637997266768967,0.836570514669749,1.05469531564564,1.29383449714997,1.51456627385369,1.71109921866797
201210,0.213262571380266,0.298633506967621,0.402594648952056,0.55733798779201,0.740891645834254,0.939350807967155,1.15274483527221,1.3754699640057,1.58574943491575,1.77487547087039
201211,0.207684982613743,0.271971296973242,0.352783091962801,0.473097624013786,0.63799918215202,0.839226755022493,1.05132589717137,1.27749889314339,1.48840164915329,1.67591003017539
201212,0.189305317930486,0.266876842643546,0.383086869665683,0.548872849835207,0.737052901566895,0.952266456609109,1.1936193796177,1.42753631504938,1.64240598249464,1.83257847367354
201301,0.173923260235827,0.278482760064048,0.432111719583933,0.652739952285887,0.888311296071489,1.13945522582104,1.40694245600913,1.65845260365237,1.88518197191841,2.07683828836602
201302,0.177995990865387,0.247966305067447,0.368766182543551,0.558106340237721,0.770443533611169,1.01018998589591,1.25651304287639,1.52167973454804,1.76064581933218,1.95467127153019
201303,0.175198184554311,0.265445409163695,0.378947805129575,0.563403369137302,0.765867101313667,0.992975471281192,1.23870330918568,1.50270839033765,1.73776876201863,1.93570118767827
201304,0.139322972476741,0.224867931920213,0.325991461141472,0.489929437422116,0.673839329887916,0.885867769002182,1.11498430935593,1.35548191946953,1.5745552625247,1.75834799645112
201305,0.165258337016588,0.311874534314048,0.51602151651658,0.770345249793855,1.02548112462465,1.28597270324623,1.54526502940081,1.80619858992629,2.02022353858234,2.20686081885001
201306,0.188690111716174,0.384327913234149,0.698148880386568,1.07675687074143,1.41499957512721,1.69769559159434,1.96458765312786,2.22052913583807,2.41893473815794,2.59612330416799
201307,0.145588683964562,0.328563648312263,0.633866970196546,1.03317681706579,1.40003734882213,1.72371768198188,2.02120714185643,2.30392054832715,2.51878194986697,2.71112827985671
201308,0.170845568704008,0.432556793982143,0.829082498899755,1.2856960655967,1.66103844565404,1.99732914641142,2.28053456635591,2.55735632315549,2.75041196088164,2.91797622629018
201309,0.125986687736339,0.328395867752488,0.656465254607737,1.05518063988312,1.39585628381222,1.74019325551644,2.03204687033503,2.33194297358797,2.55953158471857,2.75166277099778
201310,0.146049023851438,0.316519870219352,0.619302513946514,1.00504948304913,1.34481493622547,1.68587625875134,1.99127092390231,2.27981616134771,2.50515583167698,2.69931565814494
201311,0.168435214297826,0.302206892809925,0.595545281317779,1.00433817323058,1.3891626105618,1.78514354916856,2.13397794394384,2.43594189318107,2.67823130060279,2.89168388131402
201312,0.16538170490399,0.391889012640447,0.819216263090987,1.32418209424311,1.76227360290481,2.1495068318934,2.49939421761425,2.7739769277945,2.97978666936326,3.16623880220478
201401,0.147513355222919,0.344806706581878,0.722693610264058,1.14265310484766,1.51686610905803,1.85969768309371,2.16649950119886,2.42051291735233,2.61104267906604,2.7812409535634
201402,0.147442391359045,0.334706202436955,0.716299105396914,1.1498907453646,1.53267999998637,1.8686798017429,2.16348611807522,2.39966007472933,2.59409030479291,2.75563628628709
201403,0.138963211506018,0.427812343941579,0.910851094785052,1.3693807818622,1.74357620265627,2.0753012975498,2.34193111765482,2.53723855173842,2.68506668759421,2.81487238710134
201404,0.116432641449761,0.417554992540629,0.885235242444015,1.32917207487965,1.69776310143109,2.01062133685003,2.27312828425976,2.46761317207974,2.61802130998396,2.74133868147113
201405,0.127703880743063,0.379264665691155,0.807451869999449,1.21333371894337,1.55604965339994,1.85198438350248,2.0896838749348,2.2774841113301,2.43046130336858,2.55827621806336
201406,0.140119627918485,0.455610581588222,0.895093056314761,1.31077184844765,1.64671222379969,1.93234899772464,2.16681230642618,2.34479326736335,2.49159060412149,2.61688760218477
201407,0.151136912027661,0.537631389534292,1.03691302011792,1.48369280543356,1.7828864835817,2.05296737261987,2.26245437766608,2.4067557025008,2.53019255483895,2.63924972040662
201408,0.148629430099809,0.531171614658512,0.985580591305818,1.38104634478399,1.65969962066612,1.89329440905955,2.06832948271712,2.19706233591654,2.31989182517724,2.41713718933727
201409,0.151974214351354,0.599334593658003,1.10240105229699,1.51680933940084,1.79544170965693,2.05133425228499,2.22913378848292,2.35890956771933,2.47376541019189,2.56688719871392
201410,0.16734119276837,0.526908230922686,0.980253906610719,1.37367560854245,1.6520834834109,1.91060963965308,2.06795599985331,2.20104611306578,2.32266621717002,2.42921480758103
201411,0.178056698975194,0.486011891570978,0.901091862367096,1.25444062600487,1.50922232920302,1.75435168802512,1.91250492468161,2.0319622639802,2.14531677283346,2.2560102209678
201412,0.300823522148004,0.685768945822668,1.11752262560345,1.45506839699552,1.66293584743854,1.87904881307859,1.99155218429111,2.07366613482452,2.15434488253056,2.22862675667144
201501,0.202406662529106,0.462674763503933,0.771606822824291,1.00493094016001,1.17696572130164,1.36575860630885,1.47031680963216,1.53614329684068,1.62675166854392,1.70331428759479
201502,0.276293620478452,0.639188456745855,1.02811663496408,1.32410222800298,1.52003997619671,1.72088698587206,1.83052470495326,1.90124830037995,1.98772928662104,2.05997892865685
201503,0.289484701534411,0.575824748538586,0.898684314281622,1.1898609957733,1.39077831685659,1.59899788683752,1.71788725888277,1.80868636950187,1.90810183373073,1.97981973091501
201504,0.26784758821611,0.596782196992232,0.921120572375058,1.22669551442686,1.45828717176072,1.68678787366609,1.80810663580959,1.91472138869526,2.01515674105676,2.10257665019323
201505,0.300578641406627,0.618789699706839,0.950954847297222,1.27387008054644,1.52055555967958,1.75181292761223,1.88205612508748,2.00209293158873,2.11100043942805,2.19492631071025
201506,0.322272788318915,0.656985392021587,1.02619314907763,1.39669468264067,1.68891994030982,1.94931330536703,2.09974297981562,2.24742690367881,2.35179181747824,2.42148559995312
201507,0.358658279092669,0.677101384371987,0.991295936313447,1.31884127295844,1.5798071806651,1.80333562241494,1.93474391007987,2.0786579667367,2.17571134759966,2.23280944410878
201508,0.435156957366955,0.767594777639407,1.08708543914162,1.38937931468982,1.61036265897798,1.84358950567423,1.9701106353555,2.11133605698785,2.21180143816546,2.28802750627304
201509,0.361936258077107,0.645251829122545,0.919458437637417,1.18894388142323,1.41029502408542,1.62389049606156,1.75551212902507,1.90911905370926,2.02972758138972,2.10725427706947
201510,0.461710886103171,0.763857174638492,1.0445748813412,1.35526771449169,1.57180963953353,1.78162573641703,1.91103036689742,2.031531558511,2.13800079448918,2.20761752807613
201511,0.679177562178545,0.952662056658098,1.22480392799894,1.49535566513145,1.71162060655947,1.88679802101035,2.00791853430091,2.10862538227685,2.20957333492519,2.27616867290665
201512,0.783884531409826,1.07823009281417,1.32016554534073,1.61009236202233,1.81263890888268,1.97964702938832,2.09938423457023,2.19857439208388,2.28973867527653,2.35468943363677
201601,0.628238702066946,0.815631200868984,0.986965225669356,1.20346810087112,1.38266087873446,1.53925225612901,1.6784649759042,1.80305928704895,1.93084468429257,2.00994777462199
201602,0.662388845524012,0.78462981460157,0.904352099353862,1.13320577247789,1.28389875434716,1.42777730820778,1.52720832674438,1.63036218184302,1.7481689801636,1.81937312981146
201603,0.600592468692059,0.734329108953543,0.865980317036804,1.07990969886307,1.25015214364949,1.42777655183496,1.5428608591407,1.65347140764001,1.76163115087675,1.83930111517698
201604,0.587594225575634,0.782246845260305,0.942475378499995,1.16237772942178,1.3292547574926,1.50127668871709,1.6226969184929,1.72179635977419,1.81319833512212,1.8898814533914
201605,0.712957514583498,0.878615935565144,1.03214012709178,1.25848521632214,1.41406121859721,1.56626707132437,1.66783207260928,1.75688636435929,1.83398624569232,1.90019936909068
201606,0.496421278670064,0.585513684820391,0.711000988059004,0.885724070260391,1.02112184576951,1.17028173799944,1.27528644672747,1.36084134105989,1.44983126239233,1.51330697797528
201607,0.564637908597134,0.657252816944323,0.765217625381435,0.926197040934399,1.05080250297718,1.18180447869588,1.28374813932788,1.35989699605014,1.43583038632944,1.48443403661125
201608,0.657201747487873,0.813316600038814,0.943602322457702,1.11880954382277,1.23934356901491,1.36212617333131,1.45275480229422,1.50939422362026,1.56230117239735,1.60558848485719
201609,0.652816981452672,0.781974021645128,0.905749449574471,1.0708290371404,1.19677004534906,1.3185591493378,1.41940830358601,1.49595593868194,1.5763215916651,1.64294880690068
201610,0.680839112353345,0.861845531790838,1.00849678285594,1.20474150346737,1.36110858776263,1.50949656734673,1.61810069176515,1.70937574302971,1.80556487666794,1.88553031881889
201611,0.858635008836558,1.11937654822347,1.40888752019678,1.71193454740348,1.91702995503518,2.09504466552444,2.21823520922473,2.317126536823,2.39771406533565,2.46582644342859
201612,0.894813096194417,1.18857099971135,1.45831514065173,1.76453180524641,1.97366283698461,2.14998454452621,2.26431277377204,2.3729129503507,2.46655936692758,2.54581592187949
201701,0.8566732834665,1.20505213136866,1.48694427347254,1.75823068416309,1.94937903252699,2.14076113133743,2.26172099839699,2.37383437090514,2.47063318637539,2.53654230129383
201702,0.929036462237942,1.2548620992979,1.53752911717797,1.79823119361407,1.96688958600215,2.12176721459243,2.23229862696484,2.32631291603544,2.40791461026049,2.46282356860435
201703,1.0609883376899,1.26072164397991,1.51580592107943,1.78031703675623,1.94709668539661,2.11035525390546,2.22027724535803,2.31552122500293,2.39453537177932,2.45127951408811
201704,1.10979847831038,1.26403190107195,1.45923948447096,1.68903626224304,1.83795947906388,1.99605851987711,2.10833133558223,2.1942817552246,2.27900478625131,2.34081152185515
201705,1.17852955687715,1.27767989826015,1.44589093509981,1.64248505181545,1.7795535996242,1.91584159486659,2.02712328952505,2.11900069242831,2.2024000728826,2.27053741122604
201706,1.2656090544335,1.38058745729484,1.55582867231787,1.74843888691759,1.90056234734188,2.03140143936059,2.14063605645041,2.21901927519841,2.28495665296493,2.33067429433486
201707,1.23475879657961,1.34831529543005,1.51534537835599,1.70819086316802,1.85539160258118,1.9989465121008,2.11630899014228,2.20198518241539,2.27915023246748,2.34649962812693
201708,1.22703334196971,1.3218516999605,1.43711297896845,1.59685163751763,1.72550420909766,1.84365522442864,1.9445081334053,2.02556667602867,2.09383330305849,2.15211496672816
201709,1.3335538303815,1.48205485082608,1.63928539204841,1.80561841068764,1.94697346967962,2.07146932314258,2.17321199242658,2.24661713219486,2.31003636148407,2.35625472468469
201710,1.44645952377216,1.59828180999358,1.73946771158974,1.89196337159673,2.02809547148131,2.14051968954617,2.23316911650536,2.3001956117573,2.34955245087282,2.38460195268561
201711,1.63454922133347,1.77922946888631,1.90107377027808,2.03641513925382,2.13958253802228,2.23452380854467,2.30407917583175,2.35993942525705,2.39643463918995,2.43174493481857
201712,1.76390019659436,1.8708681399528,1.97552871269042,2.10965439619303,2.19390805639866,2.2744431058655,2.33210707217504,2.36868558545334,2.39638202028745,2.41881244077945
201801,1.89311790528914,2.12826729685166,2.29183026689036,2.41916499927715,2.50993452138078,2.59556612479762,2.64250599795406,2.67527047300501,2.68691929913165,2.70407649008148
201802,2.04532867781425,2.2517301586815,2.41026461366405,2.54908994521435,2.63681433552333,2.7298179782328,2.7874609182521,2.82511584575321,2.85719441725348,2.88149952670942
201803,2.09065150267577,2.26569193486828,2.38422175745116,2.48427204710132,2.55266474512139,2.63300923434753,2.67719731793181,2.70321009553453,2.72045862676822,2.7440814542594
201804,2.2465557751767,2.48187219263383,2.63277448790532,2.72391908028086,2.79185866585658,2.86234426395481,2.89719899840464,2.92089047996802,2.93333655690924,2.94988844539734
201805,2.2430310237817,2.42098863809995,2.55015443053725,2.64105653013782,2.69117808214952,2.75873058734003,2.79636923215941,2.82630255453406,2.84930188502848,2.86489301174603
201806,2.32394016859215,2.52306100734901,2.61741611113739,2.69035109751103,2.73372220024559,2.78913015895113,2.81239537923833,2.82131549782003,2.84422916386424,2.86138053756685
201807,2.42488233861886,2.6606064557712,2.75512473170288,2.80125752239627,2.83569654586322,2.8829295688639,2.90943046526033,2.91980433428844,2.94132216339267,2.95982047305119
201808,2.43159966128127,2.61017381132583,2.6780426938364,2.71674073114062,2.73069309439163,2.7705617392413,2.79708828372039,2.81153945269263,2.84165963967697,2.86369840675148
201809,2.59085612015662,2.79931269751125,2.86549082122693,2.91193000731316,2.9368188209519,2.97594026360221,3.0032663733425,3.0157250984816,3.04360008300668,3.05491062489916
201810,2.67343604404348,2.85094364755956,2.90757089571098,2.94007505695133,2.96408252985402,3.01415897857624,3.05018596390834,3.08011234758969,3.12302623670726,3.14928681963507
201811,2.67909518919296,2.7706961950706,2.78266203693798,2.80603979486888,2.81994575664002,2.85953183815319,2.88830160792893,2.9183739599865,2.97304230236777,3.00079431260722
201812,2.57382162681326,2.47947946701438,2.45118568737684,2.47659869787559,2.50169644952387,2.55340560929069,2.58679153380892,2.62522670635224,2.6769416163823,2.70825742420817
201901,2.51586724303534,2.45099557791538,2.41942756888825,2.42452942211315,2.43416199120861,2.47842130038211,2.51736218625055,2.55832405974613,2.61430154587231,2.64622368876459
201902,2.51820371020607,2.51224831932493,2.48311799163877,2.49881754743022,2.51854858499135,2.5741228007626,2.6169656748839,2.64954584714981,2.6947960049478,2.70375536178596
201903,2.37015635916873,2.26725802438987,2.21037630297298,2.21533614967403,2.23317999717424,2.28227916038548,2.3160654361037,2.35017616142844,2.38187109355376,2.38905683238747
201904,2.36427818951999,2.26405696332549,2.22852562985573,2.24987127765751,2.27876341168187,2.3403850513946,2.39870245688423,2.44456638532591,2.47777605232309,2.48634101057505
201905,2.19297344815688,1.93415606159457,1.87484720071411,1.89572093088517,1.9235509963988,1.97629023668448,2.02152828593836,2.06978224686753,2.10539766658605,2.11456005984347
201906,1.94021557679519,1.77189056983519,1.72305447061697,1.73704615899515,1.7713704880316,1.83538738838331,1.88228037492283,1.9334915515424,1.97373718441368,1.99192782511329
201907,2.00636954934559,1.87890914916219,1.8224414405666,1.82140355230627,1.83348115400157,1.87496452678631,1.9068740484999,1.93965380421083,1.97264804559337,2.00199559984214
201908,1.7707547610836,1.53221276581733,1.42536683994864,1.40988377732489,1.403702358933,1.43222851439414,1.44377355574534,1.45662980044863,1.46573863036959,1.50303131194395
201909,1.79727554196397,1.64961485706202,1.56842036215011,1.55469577600284,1.55554423062508,1.5878792778673,1.60116249036824,1.62263874318732,1.63031114147527,1.6705880675584
201910,1.5826630251523,1.54714766845205,1.51075072519467,1.51716840374042,1.5347697424397,1.57826674761648,1.59665422065577,1.62724747766356,1.6427469655872,1.69892332646211
201911,1.66252851730245,1.64256329810259,1.60438109392565,1.62298259786645,1.64383339964611,1.6937044060835,1.71824522006849,1.73664080288703,1.73971885704677,1.78649325804335
201912,1.6056241051299,1.58552706739221,1.6083895024279,1.65902631516231,1.69868297179687,1.7684966102938,1.81792324121361,1.8641826775073,1.88132320397696,1.93942535296937
202001,1.47994304457286,1.33223931765462,1.28710596712723,1.29870185349037,1.31917167980133,1.3705464501737,1.3973540737223,1.43537936351351,1.48145774902402,1.51198161090031
202002,1.08768718324999,0.938980257715401,0.905634721358383,0.928794411829895,0.952675571709906,1.00828831737717,1.04129194300411,1.08185331513419,1.12861430747891,1.16307360925277
202003,0.152574563159454,0.250217624078451,0.302455063839438,0.351024095897155,0.408883758093928,0.492167347576875,0.541618577480716,0.600844229540506,0.665574874782694,0.70676370023924
202004,0.155703918869697,0.212336739483358,0.256470610519285,0.326103917157078,0.382684413588634,0.478001478906516,0.530610422151928,0.582768738948763,0.619959019797668,0.647027723639805
202005,0.19223341005855,0.179323134616231,0.20457283128657,0.25732230444855,0.330970489067717,0.430148207188733,0.499364907730174,0.560932031525798,0.612166927115023,0.651743203264015
202006,0.171208544314418,0.157286525001885,0.175350908792164,0.212365744813891,0.296949285184399,0.403901063164771,0.481465694019281,0.556710776311224,0.607409678566068,0.649886445939533
202007,0.139442964648497,0.123516044697034,0.12309840909155,0.172177727499239,0.231085591977483,0.312638683089108,0.382140321653067,0.444797375091146,0.488401225788337,0.530095896355986
202008,0.134526389022955,0.138369693370076,0.156971976015145,0.211684651522735,0.282825185752077,0.392413198778385,0.488023620501318,0.582654818690021,0.647031798758121,0.707728605812765
202009,0.128539792337724,0.132794200925496,0.162258451006791,0.211985627412626,0.289530227380123,0.377015002129214,0.469276373934101,0.555249957897378,0.617311200761987,0.679197235197608
202010,0.150906389112583,0.165166661683698,0.206907839524112,0.293618506590577,0.402003642025239,0.529943298468912,0.642469905025913,0.746276986636895,0.815077161443206,0.880619897176091
202011,0.121640374379858,0.154663278866017,0.194671896418851,0.278385969899767,0.377558280223643,0.499846485923592,0.609048202041434,0.711730473990989,0.773706665082759,0.837760713331149
202012,0.102809065666929,0.126403466264519,0.167536057286014,0.263492144873392,0.373951366891475,0.510759202559244,0.648303635407829,0.773402615993116,0.846679681694088,0.925037970415247
202101,0.102857800111917,0.123186538692328,0.181432676667717,0.294759758806628,0.436088516210394,0.596019832512333,0.760075781303854,0.900964749095325,0.991391392868817,1.07930458011465
202102,0.107613882914667,0.157152178422573,0.296310415033369,0.52279117038296,0.741540478543219,0.948481736010396,1.12651108116693,1.26112563201962,1.34639139086151,1.42589283396419
202103,0.0798969255148444,0.172183185001692,0.365804573384201,0.663023950915989,0.95150111243758,1.21068568848277,1.42810965972868,1.58468206781745,1.68879599325907,1.77200396923619
202104,0.0787678868268768,0.176367845924283,0.342954377096067,0.60673380590976,0.864024175393078,1.10908336938991,1.32360250562035,1.47818298184998,1.57928531211761,1.66057546311756
202105,0.0640317518970249,0.148580067122121,0.310970522236061,0.56603016938268,0.8249059172526,1.06457988016561,1.28599664070108,1.44513969952352,1.55261728488648,1.636907929355
202106,0.105408309332137,0.254101330566128,0.458637179712814,0.691378626168652,0.894085860347269,1.07783905921795,1.24458568383348,1.35819361309536,1.43212970366386,1.48967134871965
202107,0.0850323484078504,0.181954940006739,0.344203088828166,0.547474003993462,0.704813850762669,0.855505128570744,1.00236779796002,1.10310585746022,1.180001831815,1.24574973179181
202108,0.0964519747667712,0.224181061830462,0.4091975176766,0.62662256443403,0.792341897840746,0.945402762955439,1.09244662531877,1.18664225826317,1.25930080552449,1.31543547418957
202109,0.103642722773185,0.276223657404869,0.509283968445822,0.780197733353997,0.981474326210796,1.14582943426446,1.29412662782273,1.37597235802004,1.44402984264742,1.49566269248313
202110,0.182680671930468,0.50369609686925,0.766018629210805,1.02353167056684,1.19262976786177,1.34492858415491,1.46103998550617,1.48311653745751,1.51674292650003,1.54641863597179
202111,0.250047666243213,0.568283802227675,0.845312348273596,1.06254303890742,1.16943920632124,1.28313870881433,1.3770424402768,1.38706772770578,1.40679060738937,1.41750459698585
202112,0.399052900565274,0.73145155649635,0.969146468124026,1.16508083742846,1.27192596801736,1.3634071070028,1.4316403849479,1.43236066738382,1.46413649218633,1.48806779160655
202201,0.7737194036233989,1.1679906738330355,1.3770713802344405,1.5353642783605006,1.6140420717988646,1.6973233597860904,1.7394991885955366,1.7320142904219709,1.752531436899711,1.76705073204434
202202,1.040172894445943,1.4561352406152712,1.6223406629539547,1.70854617022375,1.7370254357937036,1.7792335620542887,1.7991291861951095,1.788831993711587,1.7989598485373977,1.8248218150878706
202203,1.660976486273611,2.3370230272200083,2.5097693078096164,2.5202335556181166,2.4700134694391602,2.4635027595281596,2.4127827738587513,2.3587414619087563,2.3306693972100825,2.3143080290435774
202204,2.053422485734316,2.6861014382420008,2.889446621725503,2.950362530530709,2.958935096754274,2.9810034733504187,2.961382429095511,2.919053773664632,2.907231488400965,2.9091997549436552
202205,2.045232120750051,2.5120007182808224,2.722350753335593,2.800211920512493,2.8337945179421093,2.8830821265479587,2.851941225959086,2.814087564522934,2.82783380922739,2.823869220766504
202206,2.807277747117077,2.9545867411797784,3.0079162424280734,3.0357265779130493,3.050636355063849,3.074123000810786,3.0296889031339567,2.9865410506879955,2.977654907528223,2.975567761999185
202207,2.906506455561152,2.8749810404322984,2.7972840524370395,2.7068463094744817,2.6869678886545283,2.695327285741723,2.6511842687237035,2.617137259912783,2.609384735695948,2.611005742486577
202208,3.387818310628659,3.4625148740934577,3.490009946042951,3.433935101695115,3.3616986537937033,3.356427732659087,3.270915992816383,3.1916772891194616,3.1647674455632613,3.1582067973766854
202209,4.150322554006007,4.283213211645307,4.2533627503730695,4.165334036788967,4.074600303168003,4.0443545023842145,3.937165218259165,3.8308767303089772,3.801829987393261,3.782684633540062
202210,4.544321741534607,4.480797479437744,4.388700763778445,4.297372330959451,4.209253659645352,4.196472299588508,4.090683811763058,3.999761451464661,3.986949876403206,4.002026518209324
202211,4.620249833075735,4.2848163659941,3.987154292991538,3.8512454221566723,3.7400324660231776,3.713349700676437,3.6136072350756727,3.5431305582449744,3.54524607949488,3.553712641080967
202212,4.631984641869439,4.39628814378992,4.168611607174026,4.05012320047336,3.9812199567392925,3.9698401208187386,3.9018980248030815,3.8275819552337307,3.8076048903534176,3.804728121640216
