Time,PC1,PC2,PC3,PC4,PC5,PC6,PC7,PC8,PC9,PC10
197108,,,,,,,,,,
197109,,,,,,,,,,
197110,,,,,,,,,,
197111,,,,,,,,,,
197112,,,,,,,,,,
197201,,,,,,,,,,
197202,,,,,,,,,,
197203,,,,,,,,,,
197204,,,,,,,,,,
197205,,,,,,,,,,
197206,,,,,,,,,,
197207,,,,,,,,,,
197208,,,,,,,,,,
197209,,,,,,,,,,
197210,,,,,,,,,,
197211,,,,,,,,,,
197212,,,,,,,,,,
197301,,,,,,,,,,
197302,,,,,,,,,,
197303,,,,,,,,,,
197304,,,,,,,,,,
197305,,,,,,,,,,
197306,,,,,,,,,,
197307,,,,,,,,,,
197308,,,,,,,,,,
197309,,,,,,,,,,
197310,,,,,,,,,,
197311,,,,,,,,,,
197312,,,,,,,,,,
197401,,,,,,,,,,
197402,,,,,,,,,,
197403,,,,,,,,,,
197404,,,,,,,,,,
197405,,,,,,,,,,
197406,,,,,,,,,,
197407,,,,,,,,,,
197408,,,,,,,,,,
197409,,,,,,,,,,
197410,,,,,,,,,,
197411,,,,,,,,,,
197412,,,,,,,,,,
197501,,,,,,,,,,
197502,,,,,,,,,,
197503,,,,,,,,,,
197504,,,,,,,,,,
197505,,,,,,,,,,
197506,,,,,,,,,,
197507,,,,,,,,,,
197508,,,,,,,,,,
197509,,,,,,,,,,
197510,,,,,,,,,,
197511,,,,,,,,,,
197512,,,,,,,,,,
197601,,,,,,,,,,
197602,,,,,,,,,,
197603,,,,,,,,,,
197604,,,,,,,,,,
197605,,,,,,,,,,
197606,,,,,,,,,,
197607,,,,,,,,,,
197608,,,,,,,,,,
197609,,,,,,,,,,
197610,,,,,,,,,,
197611,,,,,,,,,,
197612,,,,,,,,,,
197701,,,,,,,,,,
197702,,,,,,,,,,
197703,,,,,,,,,,
197704,,,,,,,,,,
197705,,,,,,,,,,
197706,,,,,,,,,,
197707,,,,,,,,,,
197708,,,,,,,,,,
197709,,,,,,,,,,
197710,,,,,,,,,,
197711,,,,,,,,,,
197712,,,,,,,,,,
197801,,,,,,,,,,
197802,,,,,,,,,,
197803,,,,,,,,,,
197804,,,,,,,,,,
197805,,,,,,,,,,
197806,,,,,,,,,,
197807,,,,,,,,,,
197808,,,,,,,,,,
197809,,,,,,,,,,
197810,,,,,,,,,,
197811,,,,,,,,,,
197812,,,,,,,,,,
197901,,,,,,,,,,
197902,,,,,,,,,,
197903,,,,,,,,,,
197904,,,,,,,,,,
197905,,,,,,,,,,
197906,,,,,,,,,,
197907,,,,,,,,,,
197908,,,,,,,,,,
197909,,,,,,,,,,
197910,,,,,,,,,,
197911,,,,,,,,,,
197912,,,,,,,,,,
198001,,,,,,,,,,
198002,,,,,,,,,,
198003,,,,,,,,,,
198004,,,,,,,,,,
198005,,,,,,,,,,
198006,,,,,,,,,,
198007,,,,,,,,,,
198008,,,,,,,,,,
198009,,,,,,,,,,
198010,,,,,,,,,,
198011,,,,,,,,,,
198012,,,,,,,,,,
198101,,,,,,,,,,
198102,,,,,,,,,,
198103,,,,,,,,,,
198104,,,,,,,,,,
198105,,,,,,,,,,
198106,,,,,,,,,,
198107,,,,,,,,,,
198108,,,,,,,,,,
198109,,,,,,,,,,
198110,,,,,,,,,,
198111,,,,,,,,,,
198112,,,,,,,,,,
198201,,,,,,,,,,
198202,,,,,,,,,,
198203,,,,,,,,,,
198204,,,,,,,,,,
198205,,,,,,,,,,
198206,,,,,,,,,,
198207,,,,,,,,,,
198208,,,,,,,,,,
198209,,,,,,,,,,
198210,,,,,,,,,,
198211,,,,,,,,,,
198212,,,,,,,,,,
198301,,,,,,,,,,
198302,,,,,,,,,,
198303,,,,,,,,,,
198304,,,,,,,,,,
198305,,,,,,,,,,
198306,,,,,,,,,,
198307,,,,,,,,,,
198308,,,,,,,,,,
198309,,,,,,,,,,
198310,,,,,,,,,,
198311,,,,,,,,,,
198312,,,,,,,,,,
198401,,,,,,,,,,
198402,,,,,,,,,,
198403,,,,,,,,,,
198404,,,,,,,,,,
198405,,,,,,,,,,
198406,,,,,,,,,,
198407,,,,,,,,,,
198408,,,,,,,,,,
198409,,,,,,,,,,
198410,,,,,,,,,,
198411,,,,,,,,,,
198412,,,,,,,,,,
198501,,,,,,,,,,
198502,,,,,,,,,,
198503,,,,,,,,,,
198504,,,,,,,,,,
198505,,,,,,,,,,
198506,,,,,,,,,,
198507,,,,,,,,,,
198508,,,,,,,,,,
198509,,,,,,,,,,
198510,,,,,,,,,,
198511,,,,,,,,,,
198512,,,,,,,,,,
198601,,,,,,,,,,
198602,,,,,,,,,,
198603,,,,,,,,,,
198604,,,,,,,,,,
198605,,,,,,,,,,
198606,,,,,,,,,,
198607,,,,,,,,,,
198608,,,,,,,,,,
198609,,,,,,,,,,
198610,,,,,,,,,,
198611,,,,,,,,,,
198612,,,,,,,,,,
198701,,,,,,,,,,
198702,,,,,,,,,,
198703,,,,,,,,,,
198704,,,,,,,,,,
198705,,,,,,,,,,
198706,,,,,,,,,,
198707,,,,,,,,,,
198708,,,,,,,,,,
198709,,,,,,,,,,
198710,,,,,,,,,,
198711,,,,,,,,,,
198712,,,,,,,,,,
198801,-5.352122981588062,-1.078076398882206,0.34492786124594876,-0.3111144663982871,-0.0935159819215015,-0.034508643478652026,0.06415645677517143,0.0016906310137586576,0.006303911234981429,0.01879744744810468
198802,-5.841020884399348,-1.1179930424384308,0.3650992586834914,-0.3562468161435598,-0.05481803724916036,-0.012522026297720057,0.07347240055062758,-0.010566701493274242,0.006842868595092699,0.009553127201115863
198803,-4.168640212763694,-1.4661530139998207,0.4394630913992639,-0.2415510164318628,-0.031170046949133,0.03519321802442877,-0.07550098025834702,0.015494633537058064,-0.004642071327001319,0.041623020654124016
198804,-2.9938048072512626,-1.5441384097462232,0.30005093099247504,-0.33653090490959225,-0.027512767647498746,0.07242460380319828,-0.03654033519314682,-0.014270275438511539,0.0210043817571636,0.013842561151103392
198805,-1.2386521463922315,-1.336186271366517,0.2054002172519642,-0.35373155114247845,-0.028349300547864668,0.07334261888316339,-0.03272322623035698,-0.026041061120562082,-0.001332346490535072,0.011784085399403807
198806,-2.567180590866989,-0.8218292336077386,0.23164700629066284,-0.30213513521718693,-0.02335791282430276,0.043286811959377676,-0.022290594032197148,0.05050441683219435,0.01182011451815313,0.008175064700826953
198807,-1.1329384583373452,-0.688765004774302,0.24387438843086867,-0.32464518357098765,-0.022729759385913068,0.05290522191440986,-0.038543301105838104,0.06542493537946747,-0.0038986025695456573,0.011992670443490826
198808,-0.18222054356207107,-0.2857006846452404,0.14519715109061818,-0.19692696523600192,0.031601950398216325,0.05311514418691713,0.04260544954286304,0.04540480003285956,-0.03187547503491918,0.027697006742852432
198809,-1.6135849218638363,0.07585952955694306,0.15095534692446042,-0.21838812325889018,0.0024867245220594977,0.03297066032204099,0.004182958455703238,0.04548191692803459,-0.013096675169070149,0.015614906153775658
198810,-2.5727668007799065,0.3180052822936632,0.23029014686820612,-0.23799743270205526,-0.015068150442551881,0.026443329998386996,0.02088873331868912,0.08210200502562784,0.001813483205856914,-0.002664738248509355
198811,-0.28566169498219196,0.5516852620230212,0.06587473755783022,-0.15348833461354963,0.009708952488660732,0.025052449664319357,0.01788299881582521,0.08910980299586033,-0.04247661416287393,0.013495676487068916
198812,0.6411545357318124,0.8043472533687086,-0.2079073846913517,-0.08586617966059264,-0.04130410564923877,0.011622158194928648,0.025243469945836722,0.037566566791829514,0.013034997686618722,0.0050495189167163316
198901,0.1684687881888347,1.1840577817828108,-0.21482904563636837,-0.012409925353343749,0.026146476781539994,-0.017754759392639926,0.03600927301589039,0.052488198577546566,0.007713714546479538,-0.016368862712543796
198902,1.8635247073450327,1.2473891027893111,-0.2996782014836879,-0.01214482387876943,0.03413768454548658,0.0023477214198228966,0.04511680080439565,0.057421675152174854,-0.0129451472080534,0.004983237161243647
198903,2.178925595061049,1.6883332417745571,-0.5361438343590365,0.006576281410421834,0.06858376632848076,-0.015100624084299574,0.07354794510203672,0.021516664322615148,-0.04035231414280975,-0.015118265071713642
198904,0.48272768329454,1.3652895825781153,-0.17235839289454383,-0.05589056375147121,0.0012625967138475704,0.001319337633529999,0.03705198747653899,0.06170703108711804,0.01645103400896095,-0.0004518470451802082
198905,-1.163904696023498,1.671448365529978,-0.007930573164278079,0.042208933405591155,0.07003800080466178,-0.018951893053643414,-0.04920841888206531,0.02751008111431398,0.011160977254266397,-0.016511420264452754
198906,-3.7949598417481187,1.518401868034872,0.29320730120218946,0.020856812481790943,0.02590815474747823,-0.012583276955221677,-0.01903269523419816,0.057755022257254436,-0.007208205786881982,0.036071306139060906
198907,-5.720587405620217,1.446517226333504,0.6237737425067462,-0.08333730093559767,0.045562207077991274,-0.0281476569088654,-0.02350979185763672,0.08911966961212837,0.02001924944361142,-0.0008932443833138931
198908,-2.9521312374887247,1.4159511802580034,-0.023340820949046492,-0.028564323667051448,0.027486560288020698,-0.043021948449429984,-0.04124698346164381,0.10405623825026529,0.001838529557444625,0.012545733824069986
198909,-2.594233149402468,1.4462909471197563,-0.0274560298883006,0.008467033731661898,0.01885537453877469,-0.03406715003773067,-0.009354703887927444,0.0760988993808657,0.0279570947758276,0.0025393060395082338
198910,-4.6271414997620015,1.392504330898431,0.23084622376293562,0.05299745195013238,0.044055578683958124,-0.023503300237527777,-0.008943584360761689,0.07529916811529576,0.0008210488554815828,0.0064239227015422656
198911,-5.085708499222211,1.2577233746474543,0.26677544313729634,0.026220220398058384,0.07086905111758188,-0.03696211645054234,-0.015079323660451492,0.06849927655267306,-0.0006913365741310981,0.0013936629896099252
198912,-4.490439661700488,1.2085169126939799,0.19583412205934186,-0.04163114132763965,0.01971853241855211,-0.015915242211193642,-0.0010336365335295503,0.09510453447921635,0.04087811164428311,-0.00021694864183724485
199001,-2.563083872031093,0.8585536082589694,0.12643493616168333,-0.007538194591967009,0.10383288624398018,-0.04052138883098431,0.02706789967627711,0.07236994005578538,-0.02063383290939484,-0.00012265159804289867
199002,-2.100557865553779,0.7002266729923213,0.0701425469717194,0.08069899327356411,0.11630183921232004,0.07780331093727429,0.031264794354743684,0.09595907115781088,-0.011332912577026056,0.013810046592805244
199003,-1.3716498260045784,0.8087904154264607,-0.11915195335871907,0.05123442480706629,0.12742265758323718,0.08009566747610505,0.014861893446064641,0.07974419290269585,-0.019497856660160497,0.005797254517394578
199004,0.1638580852961127,0.41560732229554365,-0.2460288929651368,-0.03550196348151929,0.08083472327856084,0.023867865916437865,0.026541821710198754,0.023621549792346073,-0.05103748991294884,0.0009730999329470063
199005,-1.780007987442626,0.6018847362173675,0.035839270515323166,0.09378219145494507,0.10885355081533202,0.07132117068370632,0.01552223443751434,0.06587703295606682,-0.04507169037742266,0.004426403814999157
199006,-2.640643038218988,0.650200235544179,0.1393186255330106,0.08026831241507845,0.07844526607936667,0.05053921811859302,0.015471509680739558,0.046272717594593366,-0.016548995505538604,0.017431546940653197
199007,-3.5720835682022316,0.3840383814911776,0.39784719460337464,-0.017607839125681788,0.090709819827924,0.05169111629924592,0.02575117651975818,0.02642007737416264,-0.03012956837600566,0.014871307735367064
199008,-1.805812807723649,-0.3275232342946201,0.5189029542045044,0.0024759800807978797,0.08871526760344361,0.0208379352588537,0.05273379597091864,0.0004157198570887435,-0.0572065568427242,0.0419949501877692
199009,-2.1526446587012327,-0.4683541216326272,0.5077561576347107,-0.01920841909926068,0.02786422150583578,0.005944004370423642,0.05718203964993447,-0.025335189407142456,-0.05732375777893672,0.05594615883973061
199010,-3.1314168370046978,-0.4851712085467461,0.6555705479582132,-0.04851499649503239,0.05790173455314507,0.02595023337195314,0.03862058350136568,-0.0066338119586299895,-0.043896663208791424,0.04138759528137764
199011,-4.469058835331951,-0.08260974221446483,0.5712811905187064,-0.05969467301776722,-0.004280949537561091,0.012435179568211918,0.032410165524587184,-0.017707416640388825,-0.0234931617292801,0.045036750374437225
199012,-5.566463019787625,-0.5795738155198665,0.5146442538202117,-0.10151787265074136,-0.06092484042941311,-0.0058379858071036525,0.05149719914558667,-0.031423908502120096,0.007998119987940101,0.049704380871716386
199101,-6.101078189437036,-0.8189735866073299,0.5163676817665984,-0.05456211766513963,0.044658619600834594,-0.03668476899940578,0.04955734475531736,-0.003633694953956695,-0.04816177219657286,0.0656972079445091
199102,-6.147290865723374,-1.0444560900644209,0.4480637502306274,-0.021057374569077133,0.05345472327989688,-0.05408373409134366,0.029373466648375045,0.0021937505782951257,-0.05200139175255508,0.039297415117139294
199103,-5.903114684848563,-1.318189142333919,0.271167452107894,0.08782167511440309,0.04849806916009437,-0.060094266291662674,0.028443798648311293,0.04549853609380175,-0.04185243621961954,0.0535911436663544
199104,-6.3727841864228845,-1.608635024862962,0.3154994976456364,0.025370576878757746,0.013097630046777758,0.05888116940511345,0.05293111777048273,0.022583758806256224,-0.05375678719878123,0.06078418468558051
199105,-6.258191596619831,-1.6951716248779154,0.41940194476683057,0.027971048877859724,0.00907689006382145,0.05093682875608146,-0.051727072915996236,-0.009194961863481435,-0.06956085226984493,0.05746184829457396
199106,-5.349327268562553,-1.9076682776366714,0.27412808347768475,0.06897455904194832,0.007633330590715971,0.03396282249887078,-0.050065515084664884,-0.08147988257477827,-0.038984540258860445,0.04027533379371754
199107,-5.951364038422042,-1.8770028623622559,0.44003333509801995,0.06686099726232955,0.01692400536878138,0.052877360689579746,-0.027307759549312985,-0.03483937572550797,-0.025100370239978863,0.03183353274794763
199108,-7.730119280382878,-1.8467036992347676,0.7198369108369991,0.07261468396194241,-0.007076921749083016,0.07259069255561103,-0.04666244402139188,-0.048537125140549024,-0.004007106384542466,0.04858252150948249
199109,-9.360217724540801,-1.6395139589088776,0.7204342572961051,0.01959604919530801,0.006992693689161014,0.05338394429690112,-0.032484012885363255,-0.021010796467199964,0.0009883226988516808,0.04721754835668322
199110,-10.046303873303755,-2.1203166012067145,1.0080483147152255,-0.0594277821992909,0.01131077176514792,0.06971715381523,-0.040749432862588184,-0.04293593099135225,-0.006550442371552671,-0.03873068471675419
199111,-10.800667580138214,-2.6562051084338067,1.1296749533713506,-0.1674614096986232,0.01977748590772902,0.04678979381800354,0.05359148886202856,-0.09420419993804438,0.025042299311856673,-0.02963157533270847
199112,-13.65189048607057,-2.4251527304961646,0.9878135137494009,-0.02172754746960213,0.08245793476752371,0.08595012302420954,0.04693272496969985,-0.0924930879807519,-0.026090762880416275,-0.006751371536452869
199201,-11.26361471559956,-3.191552046088753,0.9226006317327496,0.009263703174715908,0.032579243461567396,0.045755786747048055,0.024369735098547448,-0.06125287669301079,0.019933774736581904,-0.022750421763648734
199202,-10.956842587545939,-3.0000362162658387,0.6929561582544436,0.15679216198444249,0.012501857857636543,0.06694210698082402,0.008855046795052496,-0.05342623253357391,0.027084148644072412,-0.01805683620570839
199203,-9.514948354311446,-3.0469860654300485,0.38169987496094043,0.18703465817118042,0.10097569579895975,-0.008563079045107926,-0.01802657946847174,0.0038420175470430537,0.09274233542215751,0.018968894189234458
199204,-9.855123369927831,-3.603793958121751,0.5655832204008285,0.07031411556715378,0.07700600350764922,-0.003942553358819948,-0.009236653638252169,-0.030544161616551685,0.051724756506769234,0.03456039880027388
199205,-11.060080980078084,-3.24358400414671,0.7807275300899201,-0.01394993502141489,0.09943962362154572,-0.028540947774095535,-0.023970713454693482,-0.05898988403687532,0.05415660515704674,0.0292972060247373
199206,-12.20545956700726,-3.1672407543421826,1.0084558383257267,-0.05835361252518966,0.014526380355507051,0.014091626776635127,0.038098860178151346,-0.08813964036382241,0.01621085895139952,0.00998191456252266
199207,-14.256523453764519,-2.9647894946725555,0.9633710354884126,-0.040574366396721566,0.010315761494655334,0.040477449696351524,0.061114875288499286,-0.07917828442539405,-0.02959467708333704,0.01843535965847459
199208,-14.818713884722001,-3.101690916712697,1.272829503757506,-0.09220926543198109,-0.05288848684220067,0.03295396903678349,0.07681655798416588,-0.08730811267443256,-0.003976463755960035,-0.009126828277293466
199209,-16.11029126098029,-3.230728540478972,1.3437373672846726,-0.18089226327192823,-0.07554096478978818,0.04632740642453365,0.04085219257632805,-0.09335944388861583,-0.007414223292368008,-0.018123166277127734
199210,-13.594156454310564,-3.168556072970244,0.8396352918760327,-0.12600014873825421,0.01962337293951301,0.0048642885554511,-0.00931856005459729,-0.11185459091251185,0.006611592525153377,-0.012362057178581992
199211,-12.352606888796734,-2.886960734425637,0.3997974523104447,0.12161757603604968,0.01878460294776545,0.04795754601833689,-0.017527014845696777,-0.05332646498208624,-0.0007104032975826238,0.007542272473205007
199212,-13.365329169602909,-2.8118858978281334,0.4592428473954793,0.2324208783503915,0.024745664097791824,0.06261886267073052,0.025184515090410767,-0.05407896376296049,-0.01606101569623824,0.016489213449803756
199301,-15.044186277661193,-2.548357119650128,0.7873094971618838,-0.08781238604388013,-0.03565899423053346,-0.02662236278867966,0.02057528325228529,-0.04711643110316549,0.0019254440133102545,0.021147638853908055
199302,-16.397928938376534,-2.109815908994658,0.9554761256457706,-0.12541988109151256,-0.05428757345632984,-0.03433816927921521,0.014328576160108982,-0.10148912551002585,-0.030418278866076752,-0.03789974611998659
199303,-16.231252717584976,-2.079963165533807,0.8387861415816374,-0.10122467766217945,-0.0516884117494723,0.025019791403152105,0.014858652831870328,-0.08960783920146453,0.0008138822716849314,-0.039674696967608766
199304,-16.4615932074844,-2.117779873781302,1.033052198574364,-0.1112935181868707,-0.08727855561505789,0.014664745499107746,0.030002902654550148,-0.09352201788902974,-0.009026203914789031,-0.016859992907446896
199305,-15.521335101215307,-1.7170400541182382,0.701955242044546,-0.21118552857991496,-0.04056264836480222,0.00039097251808284654,-0.029619374516113895,-0.05814370120001251,0.0031457939241153867,-0.03172028053850533
199306,-16.879069123555595,-1.11110521241962,0.5758641029233511,-0.16901412964242765,0.006110775440148342,-0.007848027859601606,-0.0017632023436392219,-0.025986156888542108,0.005735819896194369,-0.006012950873604915
199307,-16.50484026118378,-1.0333862585820264,0.38941250100264685,-0.11513602554458295,0.04216904281654355,-0.005961612237809993,0.007559456826323977,-0.012501429559433713,-0.019044529207076187,-0.0034298755912274973
199308,-17.82132472599547,-0.6730176264532721,0.578671780926849,-0.20232744504856348,-0.015661082183734253,-0.007132038411158276,-0.018233374768208604,-0.010671166551136844,-0.010585994083120985,-0.009969458952915634
199309,-17.80731683013229,-0.5242374350269777,0.3857331402606956,-0.14991594300105765,0.06591289767219288,-0.0018899648713855384,-0.008213336156045501,0.000564513129174953,0.014749223717216198,-0.0077484675486759556
199310,-17.43336359886326,-0.4445751277872751,0.33058670132396767,-0.1476745249001436,-0.0025526838141040156,0.01613133061060762,-0.004653072666281876,0.011699921944223556,0.0064101230167809,-0.0198095498917044
199311,-15.906544486214374,-0.9330634158915936,0.39163854088304156,-0.12425487409689025,0.0010875722749676487,0.018329277236381815,-0.030186605275479513,0.00778563687348367,0.002345786719904639,-0.022246589155689913
199312,-15.764040538287228,-0.9088205758445311,0.29614041529086005,-0.13787799345768792,0.04096122960216861,0.0057100070576006435,-0.024654091793422338,-0.02832798969262944,-0.036935644840079676,-0.02383822773408366
199401,-16.459483647369577,-0.7408472622421276,0.300044931420054,-0.1594027264183749,0.013792843044612839,-0.011329200480662334,-0.06197408775446803,0.009229980619811819,0.008942658096063297,-0.00696608811004849
199402,-13.75300315407944,-1.0004039654226207,0.17083061412393016,-0.13858312666882505,-0.008561628603314407,0.021761847437948355,-0.03403041136245423,0.0037725224521593698,0.012062530131252216,-0.020571422385157245
199403,-10.9534859797119,-1.4775100652875497,0.01078047231529336,-0.11598705698343736,0.041007739360207525,0.03258476485573582,-0.022127263945221756,-0.009687154495454958,0.011772398327313395,-0.005776346823016418
199404,-9.333287318497733,-1.2441899673890477,-0.2917468012878463,-0.20789171268512077,0.11266974243206115,-0.0008392057963098586,-0.036297533222571544,-0.05630453658109264,0.011979136820675541,0.01762317510725154
199405,-8.582593025899996,-0.9854328853505653,-0.2833128935655388,-0.2299423295864019,0.07534616264097288,0.00011795967826033472,-0.06034052326347937,-0.02702028657433292,0.032216352495763864,0.027564940110031404
199406,-7.811641729014551,-1.1498457483679985,-0.3608922558206189,-0.2510607071423639,0.08879145755599198,0.009166015602729609,-0.00988573612359811,-0.049147142463403064,-0.002008813359702753,0.022874317373970027
199407,-8.743910003418453,-0.7879429044340913,-0.22239789618555458,-0.24377210063689286,0.07238763214153751,-0.009288168334209012,-0.02611984343342076,-0.02227901797406299,-0.006778539546873089,0.015639712878514025
199408,-8.259779509746165,-0.6481462274825959,-0.1465399808368343,-0.17279124584810918,0.08217148835480793,-0.027650454011758092,-0.06616560164951826,0.03533147873963656,0.01414442110236268,-0.004457473418837865
199409,-6.214131360389273,-0.8601758549235589,-0.31894881394493524,-0.1848695943622913,0.09478418274947688,-0.01785088699363844,-0.041266571650316344,-0.03701639581651872,0.005095562150572291,0.02061329549168277
199410,-5.307058152471727,-0.8206196075995039,-0.28500356390872933,-0.1259694084275101,0.12300818407001199,-0.031813218124997066,-0.0768423408039388,0.026143435848422554,-0.009719863716263977,-0.005917374844875247
199411,-3.954649925051113,-0.043857635854818444,-0.6741623659060008,-0.22287626275936473,0.18269558902651295,-0.04716394329075839,-0.04005497146890323,0.02313926611311712,-0.019309379749864686,0.0003307236885172053
199412,-3.63399606859103,0.45437328789397075,-0.9707407269432128,-0.38536986340377793,0.0308313587429099,-0.012975669668163246,-0.05397103650384306,-0.06731874911563998,-0.0058975305571020925,0.026536170182884677
199501,-4.841842531146099,0.5360555756624221,-0.4901725637893359,-0.09011561485150092,0.10269467629362374,-0.042789212444619085,-0.07765811090937515,0.023307967821644744,-0.006381181898515304,-0.016097757427585284
199502,-6.707147017111467,0.6727973485604054,-0.18432007297592823,-0.060175182283071435,0.054981576688257906,-0.025346449331491876,-0.058017625826008404,0.05566228577525506,0.007920525060420309,-0.0277800322589141
199503,-6.669325958341548,0.7174922389586824,-0.1709993932150012,-0.08620723494683406,0.05154447320409439,-0.05409838771598132,-0.09587300906576744,0.038630174233257195,-0.003672861016040515,-0.0077234369081697635
199504,-7.490798797563323,0.8284134410935474,-0.0485587478372845,-0.11134664317512832,0.08121906861760723,-0.06623335877465843,-0.0790256276599451,0.028782407944331463,0.014865383394077197,-0.0017163963839507792
199505,-10.805070848634267,1.552680609010268,0.2889924995574493,-0.12922355974397962,0.061796151960989504,-0.08675628923849968,-0.05113634828009017,0.0015421332355223987,0.045024131800950974,-0.021653266752108866
199506,-11.115875614549884,1.5400703714556834,0.19640749686258013,-0.16114044633900337,0.05593411378646238,-0.10040322277742736,-0.0824230212961076,0.028570334738700846,0.042371315057956015,-0.036283992208345855
199507,-10.276861232008837,1.0699112235664663,0.18689476349019743,-0.10831848219151374,0.07876546376046688,-0.09571649812331616,-0.05554745972038947,0.023440264987121377,0.054626714120356294,-0.012733754563769727
199508,-10.768444309459447,1.255908060377683,0.12225401700836476,-0.131799131822705,0.07292142651260855,-0.10601240319177323,-0.04205553420773513,0.018806143854400114,0.03336302344689151,-0.017667626767867647
199509,-10.999291557738815,1.4996252997142114,0.0296918274530946,-0.13956183493632632,0.06139519766032127,-0.0824468395807584,0.01540427127344738,0.01939902110119864,-0.002233338183197303,-0.025116689429198362
199510,-11.826160435090456,1.6459406304592479,0.13260210822192067,-0.08381610468157583,0.05796568289905762,-0.0778697310024465,0.01614038896178887,0.012436808136692042,0.0339328813282129,-0.029018939751881447
199511,-12.913496265102726,1.8579981930502323,0.2911174359344235,-0.06947916546870876,0.007239752454146169,-0.09908357930665988,0.022596879779760208,0.017198992899978557,0.05003877809314003,-0.038953497906152865
199512,-13.702876925359039,1.7857290293663495,0.11876034488743313,-0.08632987752102854,0.0027104145288164103,-0.06641101578993829,-0.014068062568594879,-0.025353615916589103,0.010432897007219173,-0.02281333530690777
199601,-14.049185942657157,1.4755548005181935,0.3998556939492328,-0.05981132324395556,-0.026170917161135277,-0.059672611898639795,0.007365546450396604,-0.00936004793748614,0.03323385158092807,-0.033657493442925665
199602,-11.849829953584722,0.85167384781177,0.2757240245477879,-0.1843934352717625,0.020026825395109284,-0.10779458329332954,0.07370096065627191,0.0227353598490798,0.0629585433759008,-0.05285721135089683
199603,-10.36532248652909,0.7542862772629287,0.0371322469906049,-0.12113928207779132,0.025649218891765604,-0.1091534829733056,0.09198407275098783,0.05499146293337164,0.07920335178825585,0.061131939861181636
199604,-9.09904913043696,0.4048026805255187,-0.12146173315463611,-0.12296987068990127,0.030504092714074383,-0.09043348765890762,0.043091712083144676,0.04655627245888198,0.028049457505555653,0.026453726477300807
199605,-8.235406306399023,0.27499902708779744,-0.2445631528187169,-0.047753507170868154,0.05857380599237241,0.09493080473676865,0.06371298690188751,0.04543946162415457,0.04263558978627197,0.027829206264025134
199606,-8.811993559825586,0.5440403560997322,-0.17842306414844553,-0.10773191897241666,0.035187068130995584,0.09800725571758502,0.03448584764544692,0.03444206711276331,0.04063477050722897,0.006126275969963273
199607,-8.447428264592476,0.5774410509245579,-0.20409274050630064,-0.06890493634870977,0.01278374882855064,0.07399864393888061,0.01371994183875304,0.009842890763482152,0.03683349680011311,0.022745370174797
199608,-7.774524726448158,0.2898517431223138,-0.27442435556444544,-0.04447820017759494,0.032111792488139494,0.09339328910877069,0.03823239209731097,0.0588049029205305,0.03726014758132574,0.04103510548295377
199609,-8.840086229530876,0.4866803009177123,-0.21105328008885893,-0.07640775204893238,0.006011457388839992,0.08742493171692862,0.027829612308638212,0.026774456072797125,0.030360161981713898,0.03213973251550683
199610,-10.43000939652852,0.8656905844089369,0.014305275029716772,-0.023719839565007696,-0.007368962332783621,0.08794136450496998,0.023580481362884508,0.023639852144492896,0.0624092029896934,0.03922227757197845
199611,-11.483536959779261,1.278766176796685,0.018449712625424587,-0.048868116284472206,0.0043590013930382724,0.08008582784230116,0.007955583628266106,0.038935284562166224,0.03728248727720964,0.030558999101883613
199612,-9.876026492340857,0.8427337851103908,-0.12532529949912344,-0.03157628324607656,0.024920807720895943,0.08288294976850864,0.0187893850601219,0.030060555141266536,0.0442372790310993,0.028102110287683387
199701,-9.60017813318755,0.7107427350752499,-0.10440517287572422,-0.03872214869823773,0.0053525203887005565,0.06262401028999301,0.032392837137767576,0.03733258647065929,0.0357913987622384,0.023813600118061586
199702,-9.072176505300257,0.7571985725610403,-0.2140483984024885,-0.00866268747127422,0.07416815673605952,0.07284032382165116,0.043021406640504446,0.05677620340046433,0.0209042066653825,0.02018583534958864
199703,-7.385022830843796,0.5146435299587232,-0.298299714020124,-0.025208114667461055,0.026189715501273116,0.06545345197420455,0.050024024664097486,0.05186453035354454,0.016476052311411093,0.013945197946633583
199704,-8.164177129775439,0.6430013494017662,-0.30205374701594445,-0.0631743794759984,-0.013733026049240885,0.0347703946034705,0.025787000036158126,0.013599626590578593,0.029388648562781644,-0.002809452620859929
199705,-8.539309106683959,0.6132591676296453,-0.34411657463004097,-0.09875048885231605,0.01849240892611277,0.04463276554564154,0.023402701650724583,0.004938941117926924,0.022017012704275734,0.009789953105116374
199706,-9.045884682762582,0.8266681428305361,-0.24127694281710876,-0.022113711094396096,0.05152773645754259,0.07062895501217883,0.02052170730711306,0.03847196248032186,0.016489742133812494,0.02506938499895124
199707,-10.982722742685755,1.452049663671159,-0.05329648672643496,-0.009209586735470404,0.02351507646543544,0.08086710005090715,-0.010118376371187726,0.04820980167841873,0.008634796870735244,0.027970523252721747
199708,-9.557851411103101,1.0398423071726268,-0.16006611158856293,-0.014936159962114266,0.03749000890736468,0.06426266418529385,0.020185459189212707,0.04206781279690661,0.01884793255026299,0.029644600762800944
199709,-10.52937650049462,1.2095715641901024,-0.21800660206646744,-0.07725766504902323,0.004110547346509821,0.024494760070543634,-0.002047048700244951,0.025138113215346248,-0.0007180438852060796,0.031787735191010275
199710,-11.413805188454452,1.6092424310135218,-0.11093038915970578,-0.058573621822856976,-0.002101254484427058,0.04099249856857872,-0.004242523723278559,0.05005497357910414,0.008153514319822242,0.017177477628609734
199711,-11.032598992355164,1.8241833475458258,-0.2742528052671913,-0.0005154508581122751,0.019298480618140962,0.028808506830146883,0.0010837170439928824,0.04551356980142299,-0.008732494368650083,0.037586551900707116
199712,-11.631931370590081,1.9340011591138155,-0.18899708065657797,-0.0010413195806568758,0.03427796902665477,0.0408606320399157,-0.017474898490474993,0.03574364400990213,0.008539638388514367,0.014293418167217582
199801,-12.838223237924415,2.0037718503542985,0.02075713865053808,-0.02987927494531323,-0.0026466266618528226,0.030961408830603138,-0.008923845579287692,0.02659417364531489,0.02765465089438925,0.04246946311463468
199802,-11.99565577070009,1.9646787325763224,-0.10365000490451284,0.006994888298224032,0.0352849885870699,0.06315233519264499,0.004494481876856391,0.017362404365607532,0.016930186051898225,0.05081768934382582
199803,-11.761362679171329,1.8554755531759595,-0.16183286432711022,0.004097976401411027,0.018034220780140522,0.05417734650416153,-0.018009176125024187,0.05748356424067935,-0.0009695068841659261,0.03885269221708891
199804,-11.722092015215058,1.7251975452505564,-0.2707193714573936,-0.05968510148065723,-0.02681865310595105,0.014572978040824655,-0.016276914025466018,0.013944482047473505,0.006183296536941709,0.02598429841263317
199805,-11.967371990870623,1.9008877614501059,-0.2608296739695758,-0.05207828120171273,0.004795751929413171,0.02570088012451538,-0.020369753304268292,-0.015123940191449945,0.017165518436199595,0.045829243304187174
199806,-12.300570603747081,2.078361032887157,-0.274136741060944,-0.011700002864313068,0.026706924622151507,0.05844733888572697,-0.021054054028145735,0.016270661501972532,0.02420995906546494,0.03797710869059319
199807,-12.175676227978263,1.9581074761488608,-0.26621947504885013,-0.00276336927326896,0.02943699904223269,0.03101026080684027,-0.028406463822570595,0.01339396251104039,0.01264728734076523,0.032009652838767826
199808,-14.59576347540168,2.2487538317870683,0.0777923227196959,-0.0060113237194432696,-0.006338686766010986,-0.015711409084986486,-0.07426489216009736,0.01773987639120717,0.02517447867586268,0.03418958168088611
199809,-17.142629059272586,2.500132010182702,-0.02698565213102876,-0.15788359383046238,0.03061716736081382,-0.03305957011212549,-0.08880976665840215,-0.021891402463979137,-0.0102235674954739,0.006253403826447485
199810,-16.65401644244782,1.9694693568071495,0.20250128208853097,-0.12928727477386281,0.03241766817044281,-0.055587855587633614,-0.11801480535319281,0.017248228383076266,0.012544208548120403,-0.00885692889936284
199811,-15.670467327335599,2.071601688792874,-0.014548170383890563,0.004136026397065535,0.012168565136195056,0.010921394726522487,-0.08080359928357726,-0.006647411453398086,0.00917950878574432,0.019269023155789343
199812,-15.518002504395758,2.0464079215416175,-0.05608104437238586,-0.0617215864333698,0.08646119053132388,0.026587938060192686,-0.04657832830426417,0.015024123426659913,0.020550097293258095,0.024364320932494837
199901,-15.571901975934676,2.0895642603059588,-0.08369730743791094,-0.033648410230038665,0.02486400600776805,0.03757795868138104,-0.04041267869874955,0.03632665167533046,0.007235886769185132,0.02203945034032409
199902,-12.675840595935988,1.4356888252015105,-0.27123094584678237,0.02622732999496824,0.0349886897181598,0.040743628204767936,-0.021603169968739136,0.04197645115328638,-0.017290733547244006,0.009984651283506153
199903,-12.92600228926589,1.2017220714586438,-0.0988884505300327,0.04822947765114941,0.022961403155983853,0.053832295714992456,-0.00048123078399857556,0.05646930787614416,-0.005808180859461081,0.03734050351620447
199904,-12.732046327505158,1.2312285371087177,-0.1944045751429244,-0.0006099402850839474,0.06421438632301962,0.04363253583642125,0.00018988619168737182,0.04610092493471932,0.001199386845878931,-0.004225227508294458
199905,-11.070777481472824,0.9126321994573519,-0.40959914681074144,0.09631634238949742,0.029751231846143856,0.04485197525794471,-0.0004832351430514973,0.028971150850953895,-0.00041508092517951385,0.007859292131476629
199906,-10.663725684163806,0.8346042649142907,-0.3344158505780117,-0.01110282850993738,0.01533922698827422,0.020547640932196392,0.002795216380097797,0.004357475361672541,-0.051569327272327097,-0.0023542937793492114
199907,-9.933400528545592,0.654013502453327,-0.3511555231667948,0.063885765950309,0.013016941592669523,0.03649233455646311,0.016540021658546917,0.038173760704695914,-0.03130210624050099,0.011322827842928289
199908,-9.432129532099935,0.7255233925185067,-0.28574191748039357,0.04373709075626782,-0.023551540673111045,0.016348436057901924,0.008906102024336318,0.012044756507410053,-0.051679760843878,0.01339954012821216
199909,-9.875640689172059,0.6835425963967244,-0.2552005135359993,-0.048037258597725785,-0.03520621860441064,0.007050809458605209,0.022073878149285624,0.014695516681222664,0.055024414652576646,0.017960304391358976
199910,-9.219358661708998,0.8239988828161771,-0.3124836213297863,-0.009728742082103484,0.022218856693835908,0.00864898957345928,0.024269568886527884,-0.02108752704352315,0.05014252766696549,0.017981412792174016
199911,-8.470714440356984,1.0011037265524834,-0.1999873337175171,-0.030848472021210882,0.04303369376352694,0.013947461264746892,0.022700886988104175,0.006391336959158428,0.07011038523326149,0.018342197879076337
199912,-7.379651733873555,0.8086256971963545,-0.3131958501121811,-0.06074804181134954,0.006766557543921847,-0.023613379518156858,0.020808809721814873,-0.03311144828376591,0.05149121517876487,0.02440726789867716
200001,-6.321215963657112,1.0675685289142587,-0.563805084536494,0.012989544717857847,0.0238330783771651,0.040906691798442224,0.025723947147170644,0.04031005573132559,0.04925418989985288,0.017766526679894402
200002,-6.64751141284121,1.3034795351835005,-0.5054824405594041,0.13353085653219005,0.01145097601261186,0.03999517752836782,0.01637126850928921,0.029102413939079037,0.025238691320921602,0.029635020131893196
200003,-7.85800523291212,2.0979711337145854,-0.564751060097859,0.046381175833104665,0.05148270804317612,0.06798740806026475,0.004447738799052942,0.05396901454947908,0.013368575290885878,0.019061376197671665
200004,-7.038756087558087,1.8720541770009538,-0.7662620098137408,-0.013174396001512871,-0.03744619656228511,0.010115251812430342,0.018249087557123917,0.010413205587126582,0.02439867596644436,0.0340441202883296
200005,-6.916762532862239,1.9169762673279491,-0.8270018575178183,-0.14853479779160617,-0.07566866159115991,-0.05722207776023851,-0.0012687820940933453,-0.056748644058559096,0.03291747158915849,0.017633107154854246
200006,-8.002876213655405,2.150563348658732,-0.41235755275155384,-0.048819154588462706,-0.04572664518293947,0.006804629544812369,-0.007974332039744654,0.030117096060323062,-0.0012533287850518293,0.0227344348617313
200007,-8.162222381930869,2.3741031318986545,-0.23193042361652577,0.07239453099589163,0.03754606713492532,0.038618250048978515,-0.022507264414388575,0.013066020710778796,-0.03471543040404943,0.017458227820874785
200008,-8.968653082861062,2.611224240790307,-0.08741711018606158,0.08526179208636879,0.026322240085236943,0.03840891889592008,-0.023918505402009755,0.0349325605794615,-0.018721459553998357,0.02862575513156986
200009,-9.251973714738783,2.3946437153702913,0.17752741395829033,-0.050745226495728914,-0.029151564746027144,0.0017643328164806907,-0.021241337926041694,0.010656374709475341,-0.023915402495503838,0.03444073379940859
200010,-9.49244997497635,2.588453306788105,0.2067558871717559,-0.007173151606857544,-0.0165606648376041,-0.0037821495729673106,-0.033800676207871666,0.006242446094025227,-0.03154396425708147,0.03712276519946495
200011,-10.843477388513879,2.803352471415222,0.2528439411979681,-0.003255827121678297,0.013264687642424725,-0.026395794797184326,-0.050179407235365875,-0.02018458705401899,-0.02081938021048685,0.025503288617381444
200012,-12.595031132799308,2.5785791160273583,0.4216458162122511,-0.025927499548284095,0.005694074935051592,0.0019497959989162206,-0.044549426244736935,-0.002777362296136475,-0.07593428719626262,0.010123357884598196
200101,-13.79244441963149,1.4939323859042162,0.39772857371001413,0.02110575273375014,0.05136745059477263,0.016097606024069247,-0.03008559901386613,0.007877545931301421,-0.05924582163163806,0.009091908208386578
200102,-14.448508824468185,1.503963949756781,0.45984707078975334,0.04792228476192713,0.06224657353016303,0.023015806923751738,-0.039125954463380706,-0.0058390039739861345,-0.07323677543550293,0.013548335470416882
200103,-14.868003825099038,0.9432498994479082,0.47793394199383143,0.013245232565692497,0.10220884829366726,0.04795722178942464,-0.028872171062589054,0.03741237184334456,-0.06955437147322222,0.008040600366781274
200104,-13.682220937451522,-0.05543683239604922,0.26088499767969586,-0.04779364831376745,0.0665889825795108,0.005345509855285556,-0.028922061037157432,-0.022452984755782845,-0.08904175278640383,-0.022333184438187166
200105,-13.734662831257111,-0.4904530101040804,0.13873841081314336,0.04073663141034987,0.11971657432436479,0.02979574048354871,-0.012301982538350718,0.011328434555141395,-0.05031099321255437,-0.01726609527264837
200106,-13.466383937106176,-0.4340802061720716,0.12730449051829204,0.03255471388202137,0.10468535766821423,0.021206161638039317,-0.009753167363333749,-0.010285001801228252,-0.04297676614638323,-0.0121266192579095
200107,-15.260141672283199,-0.2630357463915569,0.3670175789327249,0.10955871675756612,0.11029451059769453,0.020743023556038995,-0.02738214982705819,0.0009519237351735999,-0.06768228418315009,-0.028781018975557245
200108,-15.950812392116777,-0.23033924985282744,0.3726877420625034,0.10743691918320154,0.09466360014069618,0.007760187987120954,-0.032580606429565416,-0.021506089507121507,-0.0683797858724508,-0.02258968041004788
200109,-18.12711668419709,-1.133994670162612,0.5961521836230222,0.01841319794644541,0.039237069667349384,-0.06780375144004858,-0.03847974329584453,-0.07432849629783195,-0.057578362423694705,-0.011980820175016012
200110,-19.895653998135558,-1.222137695099515,0.6437760943145877,0.1145514686743952,0.07308696195907206,-0.03964233389193474,-0.030017767006100055,-0.04332789401068062,-0.024439644930501603,-0.011040059427115815
200111,-17.57919010176604,-2.055405620420721,0.2826323830094687,0.09660333204546409,0.14455618429758527,0.011162415308013835,-0.000548951223275004,-0.004784136235368684,-0.05513189790910388,-0.04246028003114118
200112,-16.346364595895185,-2.5074946507641287,0.0829633829256231,0.16622128833056107,0.22093547019430096,0.06392146292132724,-0.0013467436783729486,0.00047629077626309453,-0.0982881046915557,-0.09734925285278331
200201,-16.24238505635988,-2.218989943604076,0.016341525096387324,0.1544868900668281,0.136933315200725,0.003604787583977194,-4.1822652215584804e-05,-0.03073625219366982,-0.05132684869238987,-0.057514182263533956
200202,-16.779149774509786,-2.0496916020550735,0.13343063825662457,0.10791001547826257,0.10157806090753616,0.02018118472221287,0.013378844149889579,0.0005184547875031892,-0.03317651164220045,-0.040011842148747735
200203,-14.055469761011848,-2.324377964571785,-0.30681087191102735,0.032878481131506196,0.10877905719545487,0.02000177163131314,0.023253493484137886,-0.010057572151039538,-0.029019341735217412,-0.049355508750792906
200204,-15.8214000549916,-2.1897520545387104,-0.028230472637695722,0.1307474074852447,0.14346360351775744,0.044991440819488235,0.01874445187208128,0.013734476949442551,-0.045287005613920704,-0.047890577310362094
200205,-16.195191290933423,-2.010116214272012,0.0828797250019733,-0.033023654115678876,0.08930355004667814,0.038367444081578966,0.02768360157916448,0.03633737260888763,-0.011741484809072436,-0.03265995182908423
200206,-17.257620678563665,-1.9306857704900446,0.2884458018126173,-0.002710227077144011,0.10387490083612835,0.037966369176898405,0.01708879034308866,0.02250375120674077,-0.051010046206966045,-0.0400405535754732
200207,-19.236348616367632,-1.7152910281499356,0.8739326209890598,-0.01583437751507461,0.019885175616521325,-0.03190976070743857,-0.011673068427396854,-0.0427580034039267,-0.05867571982559848,-0.038479617314754654
200208,-20.308092896103158,-1.121672005471767,0.8333191567005511,-0.07259293339457343,-0.09227592212548391,-0.05229988715491232,0.0016363887985346827,-0.019126864026565892,0.0011866843104075624,0.01818584481874488
200209,-22.405817176095063,-0.5713725682294769,1.021240205463526,-0.23420643128888913,-0.09681953626900344,-0.012753850757186288,0.0032286566036571966,0.01708297149531453,-0.01841676332808889,0.024986347625190402
200210,-21.543753821905863,-1.1601257520603954,1.1134623816715932,-0.21461383877701243,-0.08344378928631992,-0.02851764409474945,0.0018645830211397197,-0.0008536826806623782,-0.02106047428005546,0.023660549115785336
200211,-19.749255091420974,-1.61170734713274,0.594568318294581,-0.10830585777494861,-0.029160402357105073,-0.015704296233155446,0.00870872597227075,-0.010204242381007393,-0.028631387252678463,0.015865599998598236
200212,-21.714205473563542,-1.1928781563658923,0.9353678328591828,-0.19159121148764308,-0.0709481386588834,-0.05429293518135273,-0.013698689830749646,-0.037442290160522224,-0.028127350243088815,-0.01053648828614388
200301,-20.872751718931703,-1.3930538060365485,0.801830808227956,-0.07170479101195126,-0.07308571331798798,-0.07923845957537479,-0.015072277062436754,-0.05819394030474748,-0.014763962421803794,0.02607487856661579
200302,-21.89956979911688,-0.9319066534421675,0.9183860018459125,-0.11314185169820341,-0.1172128444413123,-0.07317234240179349,-0.014279495520093218,-0.03854463165279122,0.0032665428553991884,0.03188342801646262
200303,-21.443344678680738,-1.2395450085528434,0.9236286501540626,-0.09864603646892812,-0.10545876552618916,-0.07237904937609274,-0.012175774156185025,-0.0428703382839069,-0.0013896520366049132,0.03969734650725152
200304,-21.23211524762662,-1.2621547939770907,0.8974851250499128,-0.055495605060401666,-0.12076745916090062,-0.0866751262530951,-0.018243490439450654,-0.055009415299089724,0.0020266891818279745,0.02434461378151237
200305,-22.828432379619528,-0.42224533632772276,0.9159754709044496,-0.24627234615192978,-0.1838116489108345,-0.04545425914415784,-0.008187136152294555,-0.005570791673111343,0.02286642755226587,0.041725771341990646
200306,-22.312992462595815,-0.8772151164807183,0.8340167666523893,-0.20483731279398149,-0.16693304656628638,-0.06596915318819709,-0.008844649900555881,-0.03840075739511081,0.016463539088276358,0.03545067173061076
200307,-18.965894447788425,-2.165024159496437,0.8360988436469174,-0.08649067523399942,-0.14818421459021539,-0.08496512596923378,0.005668176763181924,-0.04982139797659684,0.017277215660644173,0.025980182007146076
200308,-18.34899608453403,-2.015364664426517,0.5516657901636629,0.011219475801595092,-0.07336839260043358,-0.05066738422722055,0.008101318542768658,-0.03242806948156321,-0.0058714266592350415,-0.005019053111357871
200309,-20.59778633156251,-1.4108392030743495,0.8088237118975748,-0.1054187929077237,-0.11947837366113609,-0.0700549328685671,-0.011556372214958801,-0.04938311697017238,-0.01839675501286191,-0.019889819539008504
200310,-18.905322033970485,-1.7202589759902625,0.574437676964585,-0.06416092754755291,-0.07207336686210417,-0.04628222601250392,0.00808502493539226,-0.02492623778471622,-0.00829745078257684,-0.013318670283791146
200311,-18.387243002364844,-1.5938450142923202,0.37268755677562115,-0.12190521262224292,-0.04106181286590531,-0.027156586358578736,0.01505500586210474,-0.020366653575782462,-0.004264433416681621,-9.507853469787785e-05
200312,-18.891118004566454,-1.650382303484809,0.5052007256007867,-0.07378881140069066,-0.05747093099847945,-0.039982462362145844,0.011537929089561744,-0.03943804397022797,-0.012537815114387998,-0.011595353772299912
200401,-19.06599276332599,-1.4442838204855784,0.4374690336991127,-0.06567907694724891,-0.0638701800936802,-0.041891937502351144,0.007739725370802203,-0.02770741156936176,-0.013560541335759728,-0.009177636357882128
200402,-19.726761719253226,-1.1942510068225531,0.5643876595166657,-0.058408307090174964,-0.05601919529361006,-0.04334046327956671,0.0046707418998383965,-0.024211937820717927,-0.00969062945995976,-0.018742434035537218
200403,-20.113687598995185,-1.0124695016381182,0.6113828626352823,-0.11398113864154166,-0.08037776158856536,-0.03940045597444703,0.005729314215412466,0.0005804406251253353,0.022239036819628667,0.005371688742938639
200404,-16.887988049875748,-1.6507667683664833,0.07216871805671352,-0.09500857072649312,-0.025744308539547452,-0.041902278079294954,0.025055120101488516,-0.0011140236043488197,0.007303028787276408,-0.02125276894014001
200405,-16.04353845612275,-1.6087045159433468,-0.002374813045593726,-0.11712271814806349,-0.006188173568539078,-0.04811467177476643,0.015768299804070705,-0.016838678517539646,-0.0016542655508198535,-0.029917256174543813
200406,-15.981737427991888,-1.2028145258794767,-0.025586278487223977,-0.1947867442045907,-0.01718087715004053,-0.037081377066152194,0.011998361717120236,0.002698702146025174,-0.01177941053633841,-0.04152370704667149
200407,-16.187045602241202,-0.9265529699732469,0.00743412241615104,-0.16540705608784068,-0.019968966169758608,-0.0313922411154112,0.012907642159008286,0.008982988942557942,-0.010672157471180296,-0.028038960171862345
200408,-17.510386099178024,-0.44471100404706354,0.22042361380710876,-0.13372141712470775,-0.0525897028697198,-0.043731988164423884,0.007053356951092287,0.01124559640753702,0.0036128515822377713,-0.015854652947726165
200409,-17.090774003587743,-0.134353708243252,0.09732065168240826,-0.21106336464163028,-0.05410116250571797,-0.037238123839351225,0.005029790232867967,0.02005034826964999,-0.0026923681276316896,-0.02146126206044421
200410,-17.288337898088987,0.11183642773946625,0.21792525109781116,-0.17375273862561,-0.05290476789939408,-0.0384949310964562,-0.002795011491609722,0.008157262750668389,-0.0047324091486562045,-0.02117638868342471
200411,-15.614290524816418,0.06276055202716793,0.039536319527897976,-0.19550707042440799,-0.0411756144140239,-0.027469098858288406,0.0029416872800212546,0.013203339553310173,0.013732251577549264,-0.005769605852251462
200412,-15.812721631487129,0.4101554957479504,-0.055733922485917055,-0.2669245560598527,-0.06701465404172766,-0.04626736118033191,-0.0117064171315802,-0.01163296208237611,-0.0012359126422642121,-0.02522309141803986
200501,-15.534782384111498,0.832977573657872,-0.22738430043482674,-0.1881081712813488,-0.027525990019981975,-0.006385153878166296,-0.009057509921600398,0.004955778884216639,-0.002981651812233855,-0.0074163160803722905
200502,-14.256428595003724,0.7994629770642518,-0.32638229658191875,-0.13914700061716564,0.0028071770818379636,0.0052158539340550515,-0.009454790358509197,0.006966289761558111,0.008021337180360208,0.0036962883423758263
200503,-13.6258149157542,0.8346863571342051,-0.3963766487163942,-0.15267343255647386,0.018493298230386528,-0.003936107221691792,-0.011917186800268419,0.0038980983645619293,0.012846906575560072,0.007997449023157186
200504,-14.570180054481476,1.2867982739497832,-0.349754843955005,-0.18605763800037553,0.0338636315003443,-0.006715604131673273,-0.026626620474338034,0.004986047306588799,0.0035383091846978624,-0.008154316190787641
200505,-15.155143936697929,1.631140565959274,-0.3623624765722939,-0.18788465225572576,0.08236661834992692,-0.00456407490745449,-0.03709834824580138,-0.001886813574533399,0.0316919816551965,0.006733565700456513
200506,-15.091304479647032,1.8823240818659213,-0.341552529012818,-0.14807445619160348,0.026179761366935374,0.012386319527680538,-0.02616394308566861,0.00039133556258193273,0.009442908126968765,0.01267625671479674
200507,-13.443851150968436,1.7236087584678486,-0.42916181330250736,-0.11728543433040446,0.03178605163396619,-0.005707433829523108,-0.023709839481978096,-0.029122693045536583,0.007988314856697744,0.015752515718620373
200508,-14.314816259427698,2.0378699269425464,-0.2549070403015999,-0.10795047102924034,0.015430386802591846,0.02604127999217613,-0.025595323722040982,0.0006922021828759631,-0.013617006890693827,0.006423156031388421
200509,-12.920003500300792,1.833972508463143,-0.42270956336764864,-0.1696244423481598,-0.042891398609993185,-0.024519718412098327,-0.027273500084369722,-0.03730500572697455,-0.009020263878424356,-0.000927499288343265
200510,-11.860658764185926,1.8112507343253308,-0.3302343886311717,-0.10462408070528571,-0.012205832686047668,-0.010615700810059872,-0.02691106221442282,-0.03149980049381599,-0.010057056724544844,0.007213913319736313
200511,-11.923692187547589,1.9387750917091215,-0.2866407256913239,-0.13596122646635875,-0.03140014557760979,-0.009744522934000566,-0.018445116929562383,-0.021239103110894907,-0.010363814722751915,0.012730252918996125
200512,-12.168121269155534,2.2029354070052714,-0.30557042079019026,-0.08140067495878343,-0.003408486295624237,0.007231941670743709,-0.02745118562561256,-0.012460841758115293,-0.02564486523136358,0.0010225338661609515
200601,-11.553515978732948,2.2420219295847987,-0.19730176250001175,0.003786058008859955,-0.02668763841716831,0.021355157789530593,-0.02067010082631997,-0.00471194382229091,-0.01868844420579125,0.01433050279621021
200602,-11.06554465840103,2.334544840467578,-0.27556107262807794,0.03610449484083942,-0.0131651235882245,0.03426378689535171,-0.022241835862012123,-0.008942225195213366,-0.032392356791390006,0.014605914560338282
200603,-10.144705964111706,2.0416832641536726,-0.17538477933577176,-0.007144764976625724,-0.004430201713479319,0.026395899050997988,-0.013156490381786307,0.006860380397116727,-0.013613563616914908,0.020127051148448493
200604,-9.670049960984738,1.8457898758225486,-0.034072630855657905,-0.05315234920069195,-0.01146368482610736,0.004033054540565344,-0.017736002625806737,-0.010938895116984874,-0.02070189437501354,0.0031110717645736804
200605,-9.174295589733015,1.9119387240351864,-0.0969313820623397,-0.06604856464118523,-0.019079711914171252,0.008152242667787399,-0.00624736209308836,-0.004996457249130563,-0.02420404026358088,-0.003826872380381777
200606,-8.912228048978099,2.106163444572602,-0.14301151491298325,-0.065746015899363,-0.02920637222678738,-0.000645644692632148,-0.01723127233275315,-0.01144894436642772,-0.02143513753342365,-0.002618355225952856
200607,-9.615671896767422,2.247081625730096,-0.006003204660544439,-0.011286332079100007,0.005063314676100085,0.024471046583591692,-0.015210839339879467,0.006199691812314401,-0.017561262082465428,0.010306153599891761
200608,-10.409797943022117,2.4662965605989613,0.05930292616824652,0.03509930310321904,-0.020505972450371154,0.02228302418339333,-0.017053164859091172,0.007555838710542664,-0.011859779213869763,0.024427497798951987
200609,-10.831953617506032,2.4738546995916906,-0.015610770250616319,-0.02693067392022887,-0.04938212728211837,-0.0013009660377279126,-0.022951992721298466,-0.019697256255751753,-0.012765907312923982,0.011683291133747345
200610,-10.851379478778739,2.60980348133183,0.08078620808042955,0.05514830217557484,-0.004349661298739749,0.03687135225798756,-0.016065277088475813,0.015500667924120208,-0.019681440220648598,0.019697877769225162
200611,-11.306821111768304,2.743633031369425,0.08469325497841974,0.039265337234428495,0.0003528884631198716,0.03606526396679715,-0.015787101347619376,0.011136173849849511,-0.017858784998348556,0.01979960844692145
200612,-10.362247012497072,2.421015858353428,-0.06176138634061924,-0.03119598618895666,-0.04496146625310976,0.009003233854927505,-0.011539368455214862,-0.007979702431623149,-0.012349113127225739,0.013903216469095559
200701,-9.921661072699116,2.37458936721421,-0.06412843732595933,0.016610481438488214,-0.0023883853635751702,0.035306967802198,-0.0034883194081592314,0.017123948779039066,-0.010368043853058862,0.0106149664300365
200702,-10.864727106562004,2.5913544081516573,0.13619916231497023,0.04272072999086787,0.007071546635958505,0.052269773333461104,-0.009322028802487791,0.018297314933354923,-0.013114764641046753,0.01777935983853205
200703,-10.729825347887301,2.4115375391956517,0.18501503220674614,-0.021561873118612778,-0.022901141709616123,0.030721960526198196,-0.009283541312053818,-0.005649413096710933,-0.006783808234452896,0.03029317128638549
200704,-10.823260023981563,2.4025960647876983,0.12559111954312563,-0.0760153853135789,-0.06236170207667905,0.012195851935678096,-0.010414725127872044,-0.021217646151228016,0.003950621088127319,0.028439027439460206
200705,-9.654526440474042,2.0755747022998485,-0.1592593883794925,-0.06880058227680132,-0.016540667947648715,0.02912653443479522,0.013282975731248967,0.006635634889851168,0.010660944464188844,0.03860068651715056
200706,-9.351023846782688,1.7901242977848852,-0.05467322666600732,-0.08532513817964524,-0.010980616413371615,0.02412424525615891,0.0033005183487806464,-0.040194855897837806,-0.014272459401855049,0.0199791076355798
200707,-10.509545499347135,2.0391132236034895,0.27038475455071365,-0.013719453627816009,-0.03599007940064647,0.033205867510214315,-0.004840315766646386,-0.009981147670331394,-0.019974802078168208,0.02778296602100633
200708,-11.739824013580664,1.662474695932861,0.10558671230787897,-0.19860152016699148,-0.04226228263072595,0.025089738830987078,-0.0050607717464695706,-0.05373627425227746,-0.005559431069018748,0.014681923444173878
200709,-11.96934085333953,1.2314796784446294,0.15483743643971157,-0.17293498394269724,-0.0724217081456298,-0.01853575488706651,-0.005565044600747223,-0.07266069349284816,-0.018792923462213486,-0.0019549720866484347
200710,-12.257703401795291,1.4417988094227834,0.2283191270722334,-0.1005629758711574,-0.03712395944264746,-0.004432562900929112,0.0023937625513792754,-0.030112091153071438,0.008946914344880229,0.03728692318582414
200711,-15.057059263927517,1.0152099529499234,0.5786550290242123,-0.17870234018833855,-0.12396406664197512,0.0071983364494765615,0.01960299450827856,-0.06371177846754265,0.01809449597631517,0.05805537213639056
200712,-14.80769967567791,0.9214185361560099,0.6126292134469264,-0.2470508852203818,-0.13958418107546613,-0.03215379150011143,-0.00832068366017999,-0.11084090756537104,-0.00038702773882784983,0.029014072553376874
200801,-17.595242343662438,-0.009681403223471783,0.6674971284457741,-0.33295954166485425,-0.17439631898972952,-0.017868101039184313,0.02691721180477467,-0.0749748789555223,0.010304091206729645,0.04660057554810121
200802,-18.47909447884974,-0.26952824162926403,1.1692709058316009,-0.19873885661578916,-0.0791425908315832,0.04141314350780979,0.028335266566431018,-0.025606067792450664,-2.557559371602013e-06,0.05354439616976778
200803,-18.952802349540093,-0.45439808440338475,0.8637371881075253,-0.42983246431732175,0.0720727544295706,-0.055490949990810015,0.015443775178079747,-0.11878156073145493,0.0646012024320288,0.08700386863794556
200804,-16.871732270094757,-0.490621289285038,0.21182873622007048,-0.3331479458996015,0.013828388180697529,-0.025298961508497253,0.01306785238484374,-0.061525886290508,-0.062314153468176946,0.0814782146130955
200805,-15.152039144629594,-0.46498958383445305,0.18811996405082437,-0.16369702224717794,0.10564907216350364,0.03976235677124344,0.00774582927556252,-0.027381102665675904,0.011696195793156887,0.0446430556997477
200806,-15.435300399345753,-0.3206945001551912,0.16484271083891988,-0.2983163820605732,0.07783910668103601,-0.011371664569739821,-0.01188408904134575,-0.11164145331036483,-0.07335910529877808,-0.0036721686954715627
200807,-15.721933190844915,-0.4488067597457225,0.21343478291661372,-0.3536704334267935,0.07463414496588384,-0.00284886868662191,-0.022781677671454753,-0.07437567617946182,-0.035813321673982726,-0.019083220227287544
200808,-16.255971697428006,-0.18987572707392683,0.30211336010521017,-0.2624519270450471,0.015112957910583038,0.010227367323519252,-0.036559241878575455,-0.10633398224579509,-0.019374807414887632,-0.006666547359145598
200809,-16.759471924387903,-1.0725557570320765,0.4709517037782481,-0.5128802949556983,-0.10675264069936832,-0.056076234951285296,0.005134850966779999,-0.26007722525963856,-0.008482101610016689,0.06572073428008911
200810,-16.97953278321714,-2.2809879191573645,1.3875769478205653,-0.8676308975925698,-0.17012637948460754,-0.11504953132513235,0.0315757164412176,-0.09268283742384534,0.11102081894722209,0.024059059639665707
200811,-20.287776679216254,-1.3220044371492932,1.2103139404607905,-0.6823925486646752,-0.34295046656494416,0.07583108048746696,0.1541978875708102,0.09702127891045895,0.10378053753337828,-0.01965178972084165
200812,-22.174821591593954,-0.39418860429398705,0.4937404011164518,-0.2686420924838932,-0.11033087522855747,0.06314625025267294,0.022640487640894522,0.14143430967134943,0.18704544571696172,-0.024143833574163796
200901,-20.18563243500742,-1.1996864726018572,0.8100910598454641,-0.3964176986208603,-0.148865960219338,0.1839109445566019,0.08602357376028769,0.10672281606508395,0.21757916809696337,-0.024816013356065852
200902,-19.65322763234865,-1.205450764212764,0.7579784807980672,-0.288550727645718,-0.2525534097759098,0.0748933791037939,0.0662285446757717,0.0876660408234221,0.14382406361372252,0.005257934396909999
200903,-21.023857612062702,-0.5441027485584458,0.5703108528902291,-0.30490099648556657,-0.11047611781828066,0.027319092993801253,0.0034101953708844113,0.0764795901091243,0.08917214313502947,-0.011422102300317679
200904,-19.580247691403006,-1.33276452532377,0.593635933797511,-0.2901932677763624,-0.009002859636125281,0.02962068025172855,0.05444457068517983,0.047285149506449305,0.0319963484005156,-0.03979131881252206
200905,-18.627192091731086,-1.8695029409766806,0.7634471641930469,-0.08564185634477828,-0.1376378760891225,-0.07932383523830946,0.051862410984243906,0.02178121493370842,-0.07922592051591976,-0.03428906487112316
200906,-17.937432072252243,-1.9220011002424462,0.4633182578959186,0.0846808071547775,-0.15317645497379972,-0.048297211696057205,0.036224056928901974,0.008367438822958132,-0.02992615828978893,-0.019089293821719443
200907,-18.019585403871258,-1.7961190329560341,0.4297137229656372,0.03395333488648635,-0.11987596004069244,-0.05230814121817401,0.02501867401552046,0.049564689953118496,-0.08194232940164191,-0.018448615215208714
200908,-18.34545072973785,-1.7992110661514211,0.5212521971895012,0.03504541862302873,-0.13904951747339786,-0.0258943882711502,0.009153971913994342,0.04837603751454443,-0.057132159371131794,-0.051447873151222234
200909,-18.620054503369175,-1.6200732489978689,0.42012686438069125,0.06636853749631759,-0.1675745952589849,-0.0215834019389139,-0.01852750196957833,0.0354960017676925,-0.068113083907121,-0.030970708710223654
200910,-18.51623402579375,-1.7017962661195571,0.4913782499504685,0.04365474587039402,-0.1483904229000691,-0.01999617164111643,-0.006763630023435972,0.01601102791465678,-0.02562019147413319,-0.015750971627049273
200911,-19.402058371798418,-1.4585653273251529,0.7104535303237718,-0.08885426214504309,-0.12319406301429121,-0.02162604360478935,-0.010764028168715552,0.006576064563273496,-0.06766440573252809,0.001370270428522501
200912,-17.09354112690884,-2.099827518661708,0.4675665603384266,-0.04335577202969407,-0.1374053879572492,-0.037005827649460823,0.0043452893479166725,0.0231416030828536,-0.08021587532573522,0.017101138745788242
201001,-18.151075671979797,-1.9281136551252767,0.7035698248627676,-0.017308633514327723,-0.1246683658337511,-0.017616513782931862,-0.008666684669296584,0.035922049953193244,-0.02692336607549264,-0.011868479243408477
201002,-18.077753794341582,-1.8908563061480776,0.7446008250726963,-0.03647199038885258,-0.11095688244821048,-0.019743238803332366,-0.01937941505364775,0.026174523475035127,-0.01908619693129201,0.001923826866346315
201003,-17.193925342445677,-2.04952326502301,0.6014163845942421,-0.0029009942447539164,-0.053314785678429885,-0.04175821831533356,-0.014264798792257246,0.02519276207131612,-0.016747404382958297,0.017239843553619384
201004,-17.607539829807287,-1.7480187150749906,0.564686621575822,-0.015342588213984362,-0.050818091385981826,-0.049934955170167536,-0.019707714680594967,0.012291363372287692,-0.02402570596464033,0.009360911504319187
201005,-18.526698676817396,-1.2880193085841563,0.55945895151769,-0.048984028540192306,-0.012787981971332487,-0.1119761710325676,-0.061997418269507054,0.007752377655389103,-0.024407823275587413,0.04200730220469066
201006,-19.6482926492498,-0.7664640675934734,0.5558375519088522,-0.07140521860559385,-0.03561080983745586,-0.14044098616057626,-0.05219913232875323,0.031165145728235772,-0.0601359958061598,0.05019273568157137
201007,-19.999851204359736,-0.6567542718792925,0.7236424350676385,-0.18977516623582702,-0.06606628942715226,-0.12662575866798909,-0.04906885444358176,0.10220669090090925,-0.09036057841660645,0.03712801538254582
201008,-20.963322401223625,-0.0022100136870611712,0.488265324141228,-0.18010186387096838,-0.02898556927493034,-0.07149080621006194,-0.053021622887976363,0.08142887949823033,-0.052170157603904734,0.03852282423771935
201009,-20.87683885139573,-0.11548726555810762,0.6423123445936806,-0.2545204267890489,-0.028100365720724767,-0.009928374067156197,-0.04808557221086201,0.04675016070794431,-0.04073370687343021,0.03361911787926985
201010,-20.90710147577595,-0.23894210712660105,0.8787156554718603,-0.3444865032144624,-0.05077523917852901,-0.004137401933282816,-0.027085982878646955,0.045290643639743305,-0.0532977974766065,0.039870810370290166
201011,-20.108669068266963,-0.4154143837645549,0.6878314288169293,-0.1957679362314881,-0.06850424839514675,-0.050169788673389996,-0.01967925290161845,0.0353605231572741,-0.05146750507231628,0.03280664052077085
201012,-18.437115399771812,-1.235847490799379,0.653852969949629,-0.0030783755497071417,-0.10570447612724874,-0.14510678137761643,-0.025608175507586428,0.0027237349257008894,-0.06506791453030011,0.017352681332159847
201101,-18.39868268725167,-1.315368575485882,0.8204163946382842,-0.0730438329643742,-0.1213357965827055,-0.08258678387967719,-0.015813838241960084,0.04688251847054521,-0.0653818822352995,0.012664630829282382
201102,-17.882254491776866,-1.39230444239551,0.5947820914495645,0.036712716213127244,-0.0809124506082783,-0.07401730623880265,-0.031874912116539096,0.015674640225854353,-0.03945832413485024,0.003991468574399555
201103,-17.428515308107194,-1.4068977488656162,0.4084487548216906,0.03824410133282582,-0.07025414683037506,-0.060578945475055,-0.017436934547886047,0.01637374393144012,-0.039059438405909794,0.004411107990785409
201104,-18.197270880026895,-1.2673470836480096,0.6396728813076191,-0.062037312846726776,-0.07261196881030954,-0.060623015980008,-0.022845491329684078,0.011939434717046591,-0.04155589099914525,0.002945292508840975
201105,-19.021524169204433,-0.869029143399672,0.6853750310939255,-0.13986322834981052,-0.06018490539429503,-0.04884023770451035,-0.03310443827164275,0.02351382945925925,-0.06124862306841914,0.0018194160968043438
201106,-18.660158326571313,-1.0370389008689247,0.7195594943858176,-0.15489441795374048,-0.042550716770554824,-0.06853204418995276,-0.03624091471285809,0.02344604105625224,-0.06028303842126699,0.014058387842565658
201107,-19.73437965906438,-0.3883818731013463,0.8483385175492225,-0.296239985149169,-0.05659627650544556,-0.02397973296964694,-0.037163351133932467,0.041236060655444065,-0.07967564010807604,0.01430164703271314
201108,-21.141412813957608,0.36009767587856023,0.5253480572340863,-0.2630872398776313,-0.004355649796198688,-0.014894082458492507,-0.04845315616325812,0.04499465674610156,-0.07461947134715013,0.012435608771332146
201109,-21.31832949130017,0.800368914248284,0.17344356851217044,-0.13782502833038868,-0.05267995688331096,0.014870727996737386,-0.030018931000064374,0.030949905719805285,-0.04028466716187748,0.01463807272130077
201110,-20.956261767386252,0.4703335660782732,0.39444298513979276,-0.21317999456853123,-0.05582220890743674,0.0214177366633804,-0.02450135453657663,0.05004220696423654,-0.03449176020465214,0.01308759798084449
201111,-20.93745373323877,0.565021260603043,0.30711027072275665,-0.1856341338678129,-0.04822134723575092,0.048946398831760454,-0.032458548729592106,0.043756313000874285,-0.0334870445331649,0.01304443816472577
201112,-21.242201567133055,0.8725627061018438,0.18319998923427203,-0.17226459438785707,-0.012606686110047382,0.04103616352604225,-0.03465371056456662,0.03542159721351333,-0.030211143520430455,0.00960237739266896
201201,-21.514828791332693,1.0199004431315448,0.2429884875397107,-0.2345487910267653,-0.0049993279546526005,0.046062146263426425,-0.03706660889865909,0.06742147340037212,-0.023083645856892973,0.005462018122720646
201202,-20.893325755522387,0.8458132859850415,0.20572882903204887,-0.21089460527352027,0.005357629962532667,0.05512227775181086,-0.027407428225868023,0.03747461211199445,-0.013166413931404762,0.013513812086369694
201203,-20.13373302717562,0.4752054588599327,0.2964375535952609,-0.20030290843898507,-0.012745888458129458,0.051793638477858034,-0.03022792101682918,0.013072517287077342,-0.02101326221859069,0.01238003383601368
201204,-20.82532617341885,0.8887324770906001,0.2369718924169339,-0.23051019158222405,0.02928450779290269,0.05758004726434959,-0.037010557323977275,0.006785351387389695,-0.020975292074674048,0.008137301372989354
201205,-21.440429619406604,1.4274042260069,-0.06217657887082845,-0.19119845964308052,0.08411382250535303,0.034369449942528184,-0.05272004399815459,-0.004177804649985828,-0.022294229739640837,0.0061608589191873625
201206,-21.04525192126456,1.2986533698282428,-0.03711808630316299,-0.1928497774539858,0.055868469726031975,0.03722748979715967,-0.04453491927206719,0.0002569097834961762,-0.014433633640195589,0.008911417584779369
201207,-21.44535245818256,1.4497770858148689,-0.007435849096598329,-0.1610679200408003,0.02565850690908185,0.03643834902715312,-0.040253129815874644,0.018505952891887653,-0.014224452951449005,0.014789426501332482
201208,-21.24116709083776,1.3740780143010067,0.04369191118712076,-0.19777392070068125,0.025022619084917926,0.05805165376986465,-0.03390487961851981,0.02096445574836946,-0.007421016155728746,0.008722406586607247
201209,-21.00378275050653,1.26578229026857,0.08330976652351071,-0.22378740157886934,0.04893259267708223,0.061020548872019006,-0.029135179818496854,0.0195316115668016,-0.0036031772813157397,0.007942169207943515
201210,-20.63651605329927,1.1595707688013481,0.05214791188548537,-0.1768675463174902,0.03721200455908792,0.052573764846732825,-0.024629331189179083,0.02164991981747636,-0.004887471986638576,0.009758343337130932
201211,-20.81809061218006,1.2771241902370405,0.0375434445222036,-0.21500408687564312,0.03686536339460701,0.062752152808278,-0.028767341043824786,0.029437352736636547,0.0007162712283216784,0.0070185558236000875
201212,-20.406846915824378,1.016513716325236,0.09961264835823545,-0.19717804021566984,0.026710802959898153,0.05883834664999256,-0.023688579630410066,0.016308051386451337,0.0014107661072358592,0.013820652306447863
201301,-19.816932638705623,0.6550352353074437,0.215572862059315,-0.17775670071526847,0.006390189118098906,0.051671478366193804,-0.021360786262311075,0.011659170981867067,-0.007792121158156166,0.01783086832981724
201302,-20.07012780486045,0.8512203198078551,0.21049198107552616,-0.20418395124672703,0.033743460669542855,0.052386688495341054,-0.03128801312504279,0.016180283234941414,-0.010273152615746621,0.01272629416913459
201303,-20.010626649184974,0.869819184381063,0.16816247056314915,-0.21275059892160464,0.041042673020159987,0.057176374628742414,-0.025275511536088407,0.012648776656181401,-0.007998365372779056,0.013343110758467884
201304,-20.276220633069155,1.0376973998351164,0.08205617069072023,-0.1859893193702344,0.03551538423536906,0.05912057597538165,-0.02591423901351289,0.01716872676266945,-0.0027946099616169774,0.0159692560103232
201305,-19.101852231351828,0.408745127843527,0.19087649246014465,-0.12623413525066832,-0.0021093774845585647,0.044531782416225664,-0.023836687670974892,-0.005683379384009407,-0.005044759285828983,0.016414654875933014
201306,-17.966517468034098,-0.16839648288871314,0.2473129004302853,0.0010312125635971925,-0.051693355092820845,0.004835688838292122,-0.02394529174075845,-0.037695262838938336,-0.022159117989741836,0.02405990279791881
201307,-17.852278858416256,-0.34280159123305043,0.38375051371744745,-0.031882046269365645,-0.06963007927383419,0.007814608388684757,-0.027468105138958483,-0.025224231800704166,-0.03101533787588361,0.027397791595376652
201308,-17.062266533098907,-0.6519838065975451,0.3168324685633632,0.05147931238483972,-0.0791002355931836,0.001473951893529164,-0.029422528827327207,-0.043686826431141294,-0.01657923054202458,0.03262402295973287
201309,-17.675654454825327,-0.3892475705147511,0.3938767203619461,-0.04357988667031874,-0.04040650507388256,0.018235555086233236,-0.03179890974834061,-0.021228293961593418,-0.014744431044065441,0.032141852852906695
201310,-17.742238906500955,-0.29549501639405024,0.40531434592107607,-0.060828868834454736,-0.05658414994762357,0.015538027498404194,-0.025255241455242158,-0.020667509060254417,-0.013124978426727697,0.03171584513842787
201311,-17.405723388919142,-0.5168291573977462,0.5808339765158645,-0.09601926136778051,-0.09863796849574707,0.00988721133855806,-0.01579144554104533,-0.007992538490526849,-0.02066804253227723,0.03167813607200717
201312,-16.420966537305116,-0.9796039110107798,0.5018161512590262,0.057346464129739975,-0.12566587913343946,-0.010436162208723157,-0.01287430844123253,-0.040892342793211654,-0.016419942067362903,0.034539458675874296
201401,-17.166354796296886,-0.4664210031345029,0.3460466422059841,0.050646255077823873,-0.09274581553710985,0.010326205004250176,-0.01817917796051367,-0.027538792075175882,-0.003418727956050372,0.02944648496001008
201402,-17.12488833171594,-0.4498511700066394,0.3205787039696114,0.07524681426260627,-0.10154736363459298,-0.012033072311134313,-0.025556174020000856,-0.03093219636762453,-0.006490048723839592,0.027783163204060553
201403,-16.581798856085342,-0.6076383297353581,0.1447769506008029,0.2012462229960595,-0.10958834935338756,-0.009078704208193114,-0.02334167222144254,-0.03704062757732497,0.028028428407129158,0.027588766883385466
201404,-16.695510527807134,-0.5209094987818891,0.1134589179550999,0.19308149544444433,-0.09708174957736128,-0.002134338913560697,-0.022052241228492347,-0.034809965244485194,0.022089072210809507,0.023491212963932195
201405,-17.076320084948755,-0.24438336467759467,0.07675825214824367,0.17106373400432143,-0.08458205311632337,-0.0066643707188203645,-0.029229315364593795,-0.029030624748994,0.01922030989652484,0.023190752230919775
201406,-16.77847963986309,-0.31141424435037995,0.011450278690900565,0.18468242020351952,-0.07215495500726068,-0.003000331511407939,-0.022796613647796244,-0.028373766664837128,0.024514034553054686,0.02434185177141573
201407,-16.41568136623432,-0.3602557665930895,-0.13778556451399152,0.26383393755931717,-0.05417183352884367,-0.010187117179979869,-0.020614781416550935,-0.040128444280630574,0.048583018188127866,0.03394677033272861
201408,-16.800266452483452,-0.057440413613690566,-0.2366025009968681,0.2519419647926393,-0.03690812823094335,-0.008071540943533814,-0.027359145474778426,-0.02745707983211983,0.03443387993599761,0.028914308834743177
201409,-16.32218238438818,-0.2648580682854118,-0.25590928096856047,0.2742677236779626,-0.033234180091563294,0.0029091439723709298,-0.025729204707756397,-0.021204667261213905,0.047917541734096694,0.029033359714178423
201410,-16.68710270250266,-0.055353339669997254,-0.2194726969841579,0.24161125060010705,-0.04705197867513803,-0.016945737700590095,-0.03556433473660812,-0.016113481140847218,0.030926112358366963,0.029744914947327616
201411,-17.047227464620736,0.18469150001129905,-0.24044941582070012,0.21711735174517333,-0.052942433060663555,-0.014307143000169024,-0.030414083765621568,-0.01100101634949618,0.04099459793053369,0.017416164906461615
201412,-16.605281738562464,0.26709945176048644,-0.4847373258695651,0.2359077269873937,-0.048281396904988595,-0.008911055886061591,-0.03500054192652549,-0.010704302058576849,0.0397786460813019,0.03324688204021118
201501,-17.993232521156123,0.9030231650883289,-0.46796502729222555,0.17405689699179266,-0.04415051644137908,0.005554476187766583,-0.03657030061695317,0.014322424575067908,0.04114246689425396,0.028436833960038595
201502,-16.921509393032085,0.4704877541241303,-0.5019098831628257,0.20313018181624962,-0.04054373727416201,-0.0010785954432107237,-0.031967874927296386,0.005453013190077426,0.03761749469550185,0.029933089412310893
201503,-17.182404119111442,0.5916799329064294,-0.40431538463861993,0.15267137111129295,-0.059704677540446234,-0.004938909074238814,-0.041576024973956176,0.005017594529422866,0.019626433995913243,0.03727787759531991
201504,-16.915694152990785,0.41632385987691606,-0.3688975548846636,0.14020579349998075,-0.06589950801475038,-0.0009086852791221224,-0.03263945524545211,0.020205629482420887,0.005438336358068672,0.02969264209679828
201505,-16.654809388733536,0.3193742235231807,-0.3204412718021227,0.13426373006977194,-0.06761255715221236,-0.004043596520247514,-0.03618644833992037,0.01014508074509899,-0.003003284666824795,0.028686031371356533
201506,-16.076657687248314,0.0008740972326292325,-0.2382886612219697,0.14561835958791003,-0.09881032454866955,-4.1164559443580194e-05,-0.041055783584875494,-0.0028392008151403914,-0.01429861904439141,0.027941349994543136
201507,-16.35967458814599,0.2970124836882152,-0.2958226071473538,0.12917452477864905,-0.0822237974924719,0.010033676234427358,-0.04208429372229983,-0.007792736361090363,-0.013036486165401895,0.022751807368862453
201508,-16.124230064933354,0.3250770926739109,-0.3389343090638045,0.08017537692538353,-0.06700891750775324,0.009182873681516142,-0.03731744864512455,0.0003837224287711947,0.009402502179208742,0.012410896836196726
201509,-16.682190205022668,0.4957592279651923,-0.31019320834238984,0.03744047642780174,-0.04662377157327465,0.02039221265503716,-0.03936001430925287,0.00869700847031693,-0.01146991031589325,0.02067523844020982
201510,-16.17357078244328,0.433231794950505,-0.35238501732584554,0.07662833882917837,-0.07582853908282819,-0.003164431174612124,-0.03318218954473031,-0.007159614440118327,-0.0015033023376030655,0.025706536913648385
201511,-15.692288692133994,0.5209724179725228,-0.43412428465866093,0.03800743867939623,-0.08560817817378215,-0.014911718004643304,-0.029858733713847646,-0.014205711187177332,-0.010956310243195969,0.024340172009258212
201512,-15.307627780042584,0.5280202295105729,-0.4463653023559685,0.0329595304443745,-0.08970879672975456,-0.016118922624448122,-0.025820984065498577,-0.02050030959177554,-0.016788180594018768,0.03293825688174889
201601,-16.44888896090938,0.9304694458694245,-0.29069043044773,-0.011677464807618401,-0.04169724016842517,0.014470730393336921,-0.030943378218439312,7.526192745863757e-05,-0.012089477507823562,0.030705453393298283
201602,-16.757492962893252,1.154598665622961,-0.36571226454485184,-0.013790616433873274,-0.06861564017716763,-0.01763069785440509,-0.04178084650355836,-0.011786801914970432,-0.027848118178920876,0.043974631477863346
201603,-16.767753371240172,1.0486920652006466,-0.32787048808891106,-0.03051684803018405,-0.08829558848979654,-0.0016828757626920618,-0.03305442556991237,0.007125915904517588,-0.02306587078137463,0.0395809197330081
201604,-16.512874748730876,0.9648221904166174,-0.3744027791740346,0.0028514753190488915,-0.07858956342953692,0.01133301044431594,-0.020663574748310494,0.00744993654898868,-0.010807053675150164,0.035944465342423196
201605,-16.227763036286387,1.0407957044927256,-0.41760463744753534,0.018682154830028604,-0.0880292302952735,-0.0032644089020510366,-0.021768453173780827,-0.007009851609143247,-0.014993279849222144,0.03516257472802311
201606,-17.362881420265342,1.3513746956372665,-0.3645144000722658,0.022391872964990917,-0.06754203124482276,0.013747209036659455,-0.02854425559104213,0.00979014172928235,-0.0013292992990242862,0.03647820396227499
201607,-17.222503424686316,1.4202370415548666,-0.41680916294041004,0.01696921816418354,-0.07545230765081026,0.02009884262329711,-0.024314890843530317,0.006340202462307032,-0.00395885218943104,0.04050438600444251
201608,-16.644343623575573,1.3175184574506613,-0.5076676633073343,0.040104962973552934,-0.08484509154527246,0.01425933506515619,-0.01333342595200478,0.00237912757256592,-0.0013532250806219566,-0.037399063544265206
201609,-16.674294747205423,1.2867406184643466,-0.4534190234625524,-0.017405452469606352,-0.06741724947759763,0.002936825350436892,-0.017311244531075166,-0.007378753272360629,0.0003694986337235251,-0.026607034936145812
201610,-16.098339627989777,1.0197006028112265,-0.391747463898191,-0.016146775711317327,-0.0634358422291172,-0.0008122037116508039,-0.016223735414257083,0.001864998994206174,-0.005980806127966638,-0.020992535635384366
201611,-14.422812542551908,0.3986249856526608,-0.3628768236927733,0.07841632998811343,-0.08285163821054811,-0.016951169068111234,-0.015712144778833606,-0.02537178015446246,-0.0078022744006971175,-0.0337891988225624
201612,-14.194973138295737,0.37212599092781246,-0.34175961018219553,0.07755012143751802,-0.056266158156559075,-0.020065779337495458,-0.018906069855397264,-0.01675268542719848,-0.017737256252807445,-0.027280744470659615
201701,-14.17076135657955,0.36711970066000155,-0.34901522844453925,0.07494301428981827,-0.030435103830511543,0.022337348061885753,-0.018596477354805876,0.005157902695095761,0.004278266376688331,-0.015836115741116482
201702,-14.128049431886685,0.509561978454259,-0.42299907005711923,0.08316568584890892,-0.03059444899669806,0.01384681412043063,-0.017755090151154496,-0.015453067990270247,0.009153552720434386,-0.02017379298428867
201703,-14.064836657281537,0.656131132321946,-0.3213176615510758,0.09337920205300312,-0.0580558499495683,-0.000917629295893514,-0.025286959317750577,-0.02418489284223644,0.0010473668311563131,-0.028320979256804466
201704,-14.289287675426673,0.8498558528657978,-0.31817292295609184,0.037139569579476145,-0.07098802401701575,-0.006374171431420628,-0.023623775365973494,-0.019306023688888552,0.005420448321750194,-0.028199196359795658
201705,-14.378203513377013,1.0424086067738192,-0.2779683286357876,0.030031890894838507,-0.05480270688978749,-0.003070009495592567,-0.024793503231042457,-0.02597339019726378,0.010483731643547878,-0.017926975988622237
201706,-14.000473600049773,1.0083145712575012,-0.3117388243521719,0.0486388405853201,-0.07411310854177564,0.005646192077654081,-0.022470977308211744,-0.01964410566363127,0.0032211219668653655,-0.01922073468211741
201707,-14.045889999969436,1.0113588300767047,-0.24422413892116498,0.05563286008462808,-0.05048120613207811,0.008892021916340016,-0.017547045151067812,-0.003920396728722515,0.006071457552764511,-0.025941172441873835
201708,-14.42006395788781,1.2359631047920254,-0.29761335391224353,0.03355537689400207,-0.04751638755404044,0.016101450844443338,-0.01729647578640287,5.212756054048693e-05,-0.0021130526589316456,-0.02595373241598824
201709,-13.725018040495806,1.038717392901538,-0.34929000885067896,0.031668344435166904,-0.06101349472952431,0.014798819174471964,-0.016687692322054574,-0.0023406285644873674,0.0039012678554650893,-0.01843063164002264
201710,-13.440382870973826,1.087813019890608,-0.393448899169059,0.025915203448893875,-0.0715677556223818,0.019004312678286173,-0.014047218753991075,-0.0036164306928003157,0.0011664253082638645,-0.015767777891321607
201711,-13.03526074769076,1.202320331245066,-0.47275764367589657,0.004475954521026224,-0.0673630480312945,0.011596812974131362,-0.013314557367852161,-0.00533241722856636,0.0006132347485692788,-0.023010966673366277
201712,-12.834881116223212,1.3189308995079603,-0.5050373780045339,0.015757603842343586,-0.07537542319128512,0.00420778866900364,-0.014161170565900678,-0.01083698329343761,-0.0015098331032104206,-0.0317979102206223
201801,-11.861730786145483,1.0852317254654507,-0.5871152605313293,0.03906535380526035,-0.0535348392468117,0.022437499539635655,-0.006693477764379483,0.0043006204993738355,0.01013460794595161,-0.015875113980308365
201802,-11.3469908213383,1.0542812863166537,-0.4947748324708981,0.035563850318482304,-0.04342502797362625,0.014862354677677577,-0.00962044174876018,-0.0012475026521524728,0.016098880498599685,-0.014676362491452889
201803,-11.548101792328536,1.286062103702296,-0.5134549391437696,0.03560549688201243,-0.040462684354173405,0.025135836579279463,-0.004699200894467197,0.010885644032254862,0.015312894292267117,-0.013666586759315884
201804,-10.803342170286808,1.1645905947277717,-0.5867217872988738,0.024403836663495874,-0.030800882133646963,0.0257157214973023,-0.005012336495288603,0.007819584273803895,0.018165163145669183,-0.00720104720532946
201805,-11.0309822579048,1.3004708835682106,-0.5102346832441451,0.03786792537025447,-0.015851796836510976,0.027919263556296876,-0.011135233343035074,0.0035438663207145995,0.022086525996398855,-0.01230313501849551
201806,-10.889608966920813,1.3720812533175826,-0.5802689847991895,0.012361997097021356,-0.0203132814353434,0.020644999393695164,-0.004640324879248293,0.01626975689769345,0.010843903237516633,-0.011525709474985345
201807,-10.507217696887842,1.3682031137526987,-0.5995637533817583,-0.00357359364408524,0.0005905670841473113,0.03869495177343532,-0.00012543469003759348,0.025874667925442716,0.015726519065101904,-0.005659255990592605
201808,-10.757527419682686,1.522863923256861,-0.5485072084189745,-0.008553530273697452,0.01277546234503516,0.032684568442263265,-0.006561692376640037,0.018338089428716117,0.019563129273341445,-0.009238271006486347
201809,-10.085935819249666,1.4224518286968997,-0.5581818051072525,-0.010086602859690687,0.006213581992922212,0.039510863882664025,-0.001502356007056463,0.023823106636165728,0.0073788422785964845,-0.013575931507891633
201810,-9.882793537773436,1.415082802398517,-0.4880975389650316,-0.050888611542564154,0.011470018205975336,0.035959803673278744,-0.007510764658310632,0.023444045312880354,0.010531671434985986,-0.010935798489091002
201811,-10.270347414999604,1.6228840489896033,-0.4283200398871185,-0.055112410219365485,0.01081341547668765,0.025713919552232935,-0.01525705037630146,0.020059120198839573,0.0015261098279231535,-0.014754906098703172
201812,-11.183506792540715,1.887375535463857,-0.2508694734828136,-0.016326683184262582,-0.023353277772891635,0.013054620299432305,-0.02210907603278824,0.008244798148827576,-0.0025580331330084744,-0.018184447977765347
