model,benchmark,target_group,target_name,maturity_months,horizon,n_oos,rmse_model,rmse_benchmark,mae_model,mae_benchmark,mse_model,mse_benchmark,oos_r2,source_used,run_tag
DLNSModel,RandomWalk,yield,m001,1,12,267,0.09044955670833588,0.013771881349384785,0.0610223263502121,0.008944378234446049,0.00818112213164568,0.0001896647154353559,-42.1346549987793,mat,dlns_lee2023_h12
DLNSModel,RandomWalk,yield,m002,2,12,267,0.08383159339427948,0.01370145007967949,0.05543306842446327,0.008946191519498825,0.007027735933661461,0.00018772973271552473,-36.43539047241211,mat,dlns_lee2023_h12
DLNSModel,RandomWalk,yield,m003,3,12,267,0.0777871310710907,0.013637025840580463,0.050283025950193405,0.008947226218879223,0.006050837226212025,0.0001859684707596898,-31.53689956665039,mat,dlns_lee2023_h12
DLNSModel,RandomWalk,yield,m004,4,12,267,0.07228584587574005,0.013572907075285912,0.0455990731716156,0.008946766145527363,0.005225243046879768,0.00018422381253913045,-27.36355972290039,mat,dlns_lee2023_h12
DLNSModel,RandomWalk,yield,m005,5,12,267,0.06729942560195923,0.013505378738045692,0.041433561593294144,0.008938822895288467,0.0045292130671441555,0.00018239524797536433,-23.831859588623047,mat,dlns_lee2023_h12
DLNSModel,RandomWalk,yield,m006,6,12,267,0.06280183792114258,0.01343332976102829,0.03776434808969498,0.008934306912124157,0.003944071009755135,0.00018045435717795044,-20.85633659362793,mat,dlns_lee2023_h12
DLNSModel,RandomWalk,yield,m007,7,12,267,0.058769237250089645,0.01335805281996727,0.03455905616283417,0.008926412090659142,0.0034538230393081903,0.00017843757814262062,-18.35591697692871,mat,dlns_lee2023_h12
DLNSModel,RandomWalk,yield,m008,8,12,267,0.055179137736558914,0.013281818479299545,0.031755950301885605,0.00891115702688694,0.003044737037271261,0.00017640669830143452,-16.25975799560547,mat,dlns_lee2023_h12
DLNSModel,RandomWalk,yield,m009,9,12,267,0.0520084947347641,0.013206169940531254,0.02933690883219242,0.008890715427696705,0.002704883459955454,0.00017440291412640363,-14.509393692016602,mat,dlns_lee2023_h12
DLNSModel,RandomWalk,yield,m010,10,12,267,0.04923304542899132,0.013131076470017433,0.027402730658650398,0.008866170421242714,0.002423892728984356,0.0001724251633277163,-13.057650566101074,mat,dlns_lee2023_h12
DLNSModel,RandomWalk,yield,m011,11,12,267,0.046826839447021484,0.013055257499217987,0.025997551158070564,0.008839907124638557,0.0021927529014647007,0.00017043975822161883,-11.865266799926758,mat,dlns_lee2023_h12
DLNSModel,RandomWalk,yield,m012,12,12,267,0.044762518256902695,0.0129770552739501,0.025021683424711227,0.008817334659397602,0.0020036830101162195,0.00016840397438500077,-10.89807415008545,mat,dlns_lee2023_h12
DLNSModel,RandomWalk,yield,m013,13,12,267,0.04301154613494873,0.012895188294351101,0.024334566667675972,0.00879143550992012,0.001849993015639484,0.00016628588491585106,-10.125375747680664,mat,dlns_lee2023_h12
DLNSModel,RandomWalk,yield,m014,14,12,267,0.04154447093605995,0.012809153646230698,0.023945946246385574,0.008764400146901608,0.001725942944176495,0.00016407441580668092,-9.519268989562988,mat,dlns_lee2023_h12
DLNSModel,RandomWalk,yield,m015,15,12,267,0.040331173688173294,0.012719050981104374,0.023867381736636162,0.008733478374779224,0.0016266035381704569,0.00016177425277419388,-9.054774284362793,mat,dlns_lee2023_h12
DLNSModel,RandomWalk,yield,m016,16,12,267,0.039341043680906296,0.012625259347259998,0.02390037477016449,0.008703531697392464,0.0015477178385481238,0.0001593971683178097,-8.709819793701172,mat,dlns_lee2023_h12
DLNSModel,RandomWalk,yield,m017,17,12,267,0.03854386880993843,0.012528304941952229,0.024066798388957977,0.008672394789755344,0.001485629822127521,0.00015695842739660293,-8.465116500854492,mat,dlns_lee2023_h12
DLNSModel,RandomWalk,yield,m018,18,12,267,0.037910737097263336,0.01242884248495102,0.02426886186003685,0.008640210144221783,0.0014372240984812379,0.00015447611804120243,-8.30385971069336,mat,dlns_lee2023_h12
DLNSModel,RandomWalk,yield,m019,19,12,267,0.03741500526666641,0.012327787466347218,0.024516301229596138,0.00860583409667015,0.0013998824870213866,0.00015197433822322637,-8.211308479309082,mat,dlns_lee2023_h12
DLNSModel,RandomWalk,yield,m020,20,12,267,0.03703270107507706,0.012226451188325882,0.024813324213027954,0.008569901809096336,0.0013714209198951721,0.00014948610623832792,-8.174236297607422,mat,dlns_lee2023_h12
DLNSModel,RandomWalk,yield,m021,21,12,267,0.03674270585179329,0.012126530520617962,0.025114620104432106,0.008533105254173279,0.0013500264612957835,0.00014705274952575564,-8.180559158325195,mat,dlns_lee2023_h12
DLNSModel,RandomWalk,yield,m022,22,12,267,0.03652627766132355,0.012029673904180527,0.02541276067495346,0.008498002775013447,0.0013341690646484494,0.00014471306349150836,-8.219409942626953,mat,dlns_lee2023_h12
DLNSModel,RandomWalk,yield,m023,23,12,267,0.03636695444583893,0.011936911381781101,0.025692880153656006,0.008462502621114254,0.0013225554721429944,0.00014248985098674893,-8.28175163269043,mat,dlns_lee2023_h12
DLNSModel,RandomWalk,yield,m024,24,12,267,0.03625030815601349,0.011848566122353077,0.02599506452679634,0.008428234606981277,0.001314084860496223,0.0001403885253239423,-8.360343933105469,mat,dlns_lee2023_h12
DLNSModel,RandomWalk,yield,m025,25,12,267,0.036164041608572006,0.01176443137228489,0.026329606771469116,0.008397863246500492,0.0013078378979116678,0.00013840185420121998,-8.449568748474121,mat,dlns_lee2023_h12
DLNSModel,RandomWalk,yield,m026,26,12,267,0.0360979288816452,0.011683886870741844,0.026630651205778122,0.00836759153753519,0.001303060562349856,0.00013651321933139116,-8.545307159423828,mat,dlns_lee2023_h12
DLNSModel,RandomWalk,yield,m027,27,12,267,0.03604358807206154,0.011605987325310707,0.026913180947303772,0.008339431136846542,0.0012991402763873339,0.0001346989447483793,-8.644769668579102,mat,dlns_lee2023_h12
DLNSModel,RandomWalk,yield,m028,28,12,267,0.03599417954683304,0.011529696173965931,0.027164394035935402,0.008311509154736996,0.0012955808779224753,0.000132933899294585,-8.746053695678711,mat,dlns_lee2023_h12
DLNSModel,RandomWalk,yield,m029,29,12,267,0.03594409301877022,0.01145410630851984,0.02738027833402157,0.008283048868179321,0.0012919778237119317,0.00013119654613547027,-8.847651481628418,mat,dlns_lee2023_h12
DLNSModel,RandomWalk,yield,m030,30,12,267,0.03588876873254776,0.011378612369298935,0.027565186843276024,0.00825489778071642,0.0012880037538707256,0.0001294728135690093,-8.948062896728516,mat,dlns_lee2023_h12
DLNSModel,RandomWalk,yield,m031,31,12,267,0.035824477672576904,0.011302904225885868,0.027712374925613403,0.0082249091938138,0.0012833931250497699,0.00012775564391631633,-9.045686721801758,mat,dlns_lee2023_h12
DLNSModel,RandomWalk,yield,m032,32,12,267,0.03574812039732933,0.011226821690797806,0.02781953290104866,0.00819322094321251,0.0012779280077666044,0.00012604153016582131,-9.138943672180176,mat,dlns_lee2023_h12
DLNSModel,RandomWalk,yield,m033,33,12,267,0.035657498985528946,0.011150307022035122,0.027899323031306267,0.008162219077348709,0.001271457294933498,0.00012432933726813644,-9.226527214050293,mat,dlns_lee2023_h12
DLNSModel,RandomWalk,yield,m034,34,12,267,0.03555138409137726,0.011073501780629158,0.02794499136507511,0.008133374154567719,0.0012639010092243552,0.0001226224412675947,-9.307256698608398,mat,dlns_lee2023_h12
DLNSModel,RandomWalk,yield,m035,35,12,267,0.035429585725069046,0.010996830649673939,0.0279573742300272,0.008104709908366203,0.0012552555417641997,0.00012093028635717928,-9.379993438720703,mat,dlns_lee2023_h12
DLNSModel,RandomWalk,yield,m036,36,12,267,0.03529255837202072,0.010920963250100613,0.027942761778831482,0.008077418431639671,0.0012455645482987165,0.00011926743172807619,-9.443459510803223,mat,dlns_lee2023_h12
DLNSModel,RandomWalk,yield,m037,37,12,267,0.035141050815582275,0.010846741497516632,0.02790762297809124,0.008050340227782726,0.0012348935706540942,0.00011765179806388915,-9.496172904968262,mat,dlns_lee2023_h12
DLNSModel,RandomWalk,yield,m038,38,12,267,0.03497594967484474,0.010775065049529076,0.02784867398440838,0.008024830371141434,0.001223317114636302,0.0001161020336439833,-9.536569595336914,mat,dlns_lee2023_h12
DLNSModel,RandomWalk,yield,m039,39,12,267,0.03479810059070587,0.010706711560487747,0.027770187705755234,0.008001072332262993,0.001210907706990838,0.00011463367263786495,-9.563281059265137,mat,dlns_lee2023_h12
DLNSModel,RandomWalk,yield,m040,40,12,267,0.03460831940174103,0.010642149485647678,0.027672316879034042,0.007981239818036556,0.0011977358954027295,0.0001132553443312645,-9.575535774230957,mat,dlns_lee2023_h12
DLNSModel,RandomWalk,yield,m041,41,12,267,0.03440723195672035,0.010581497102975845,0.027556676417589188,0.007965993136167526,0.0011838575592264533,0.00011196808918612078,-9.573169708251953,mat,dlns_lee2023_h12
DLNSModel,RandomWalk,yield,m042,42,12,267,0.034195270389318466,0.010524604469537735,0.027424857020378113,0.007952735759317875,0.0011693164706230164,0.00011076730879722163,-9.556512832641602,mat,dlns_lee2023_h12
DLNSModel,RandomWalk,yield,m043,43,12,267,0.033972762525081635,0.010471045970916748,0.027278060093522072,0.007940889336168766,0.001154148718342185,0.00010964279499603435,-9.526443481445312,mat,dlns_lee2023_h12
DLNSModel,RandomWalk,yield,m044,44,12,267,0.033739954233169556,0.010420059785246849,0.027117149904370308,0.007929175160825253,0.0011383845703676343,0.00010857765300897881,-9.484519958496094,mat,dlns_lee2023_h12
DLNSModel,RandomWalk,yield,m045,45,12,267,0.03349711745977402,0.010370563715696335,0.02694283425807953,0.00791659951210022,0.0011220569722354412,0.00010754859977168962,-9.433022499084473,mat,dlns_lee2023_h12
DLNSModel,RandomWalk,yield,m046,46,12,267,0.033244628459215164,0.010321390815079212,0.02675727568566799,0.007902943529188633,0.001105205388739705,0.00010653110075509176,-9.374485969543457,mat,dlns_lee2023_h12
DLNSModel,RandomWalk,yield,m047,47,12,267,0.03298310190439224,0.010271642357110977,0.026559904217720032,0.007888604886829853,0.0010878851171582937,0.00010550663864705712,-9.311058044433594,mat,dlns_lee2023_h12
DLNSModel,RandomWalk,yield,m048,48,12,267,0.03271329775452614,0.010220908559858799,0.02635146863758564,0.007872493006289005,0.0010701599530875683,0.00010446696978760883,-9.244003295898438,mat,dlns_lee2023_h12
DLNSModel,RandomWalk,yield,m049,49,12,267,0.03243629261851311,0.010169219225645065,0.026133082807064056,0.007854730822145939,0.001052113133482635,0.00010341302549932152,-9.173893928527832,mat,dlns_lee2023_h12
DLNSModel,RandomWalk,yield,m050,50,12,267,0.03215321525931358,0.010116908699274063,0.02590731717646122,0.007835832424461842,0.0010338292922824621,0.00010235184890916571,-9.100738525390625,mat,dlns_lee2023_h12
DLNSModel,RandomWalk,yield,m051,51,12,267,0.031865283846855164,0.01006449293345213,0.025677142664790154,0.00781582947820425,0.001015396323055029,0.00010129401198355481,-9.024248123168945,mat,dlns_lee2023_h12
DLNSModel,RandomWalk,yield,m052,52,12,267,0.031573690474033356,0.010012605227530003,0.0254430640488863,0.007794676814228296,0.000996897928416729,0.00010025226947618648,-8.943893432617188,mat,dlns_lee2023_h12
DLNSModel,RandomWalk,yield,m053,53,12,267,0.03127957880496979,0.009961945936083794,0.02520485408604145,0.007772834040224552,0.0009784119902178645,9.924035839503631e-05,-8.859012603759766,mat,dlns_lee2023_h12
DLNSModel,RandomWalk,yield,m054,54,12,267,0.030983982607722282,0.009913238696753979,0.024962587282061577,0.007752216886729002,0.0009600071352906525,9.827230678638443e-05,-8.768847465515137,mat,dlns_lee2023_h12
DLNSModel,RandomWalk,yield,m055,55,12,267,0.030687687918543816,0.009867144748568535,0.0247171800583601,0.007732690311968327,0.0009417341789230704,9.73605492617935e-05,-8.672646522521973,mat,dlns_lee2023_h12
DLNSModel,RandomWalk,yield,m056,56,12,267,0.030391113832592964,0.00982412789016962,0.024469217285513878,0.007716543041169643,0.0009236197802238166,9.651348227635026e-05,-8.569852828979492,mat,dlns_lee2023_h12
DLNSModel,RandomWalk,yield,m057,57,12,267,0.030094213783740997,0.009784226305782795,0.02421874925494194,0.0077012344263494015,0.0009056617273017764,9.573108400218189e-05,-8.460476875305176,mat,dlns_lee2023_h12
DLNSModel,RandomWalk,yield,m058,58,12,267,0.029796764254570007,0.009746990166604519,0.02396649494767189,0.007685993332415819,0.0008878471562638879,9.500381565885618e-05,-8.34538459777832,mat,dlns_lee2023_h12
DLNSModel,RandomWalk,yield,m059,59,12,267,0.029498577117919922,0.0097117330878973,0.023714449256658554,0.007670385763049126,0.0008701660553924739,9.431775833945721e-05,-8.225898742675781,mat,dlns_lee2023_h12
DLNSModel,RandomWalk,yield,m060,60,12,267,0.029199684038758278,0.009677877649664879,0.02345908060669899,0.007655096240341663,0.000852621509693563,9.366130689159036e-05,-8.103241920471191,mat,dlns_lee2023_h12
DLNSModel,RandomWalk,yield,m061,61,12,267,0.028900345787405968,0.009645032696425915,0.023202190175652504,0.0076397438533604145,0.0008352299337275326,9.302664693677798e-05,-7.978394508361816,mat,dlns_lee2023_h12
DLNSModel,RandomWalk,yield,m062,62,12,267,0.028600847348570824,0.00961281731724739,0.022950978949666023,0.007623310666531324,0.0008180084405466914,9.24062478588894e-05,-7.852306365966797,mat,dlns_lee2023_h12
DLNSModel,RandomWalk,yield,m063,63,12,267,0.028301430866122246,0.009580660611391068,0.022697310894727707,0.007605536375194788,0.0008009709999896586,9.178905747830868e-05,-7.726214408874512,mat,dlns_lee2023_h12
DLNSModel,RandomWalk,yield,m064,64,12,267,0.02800227515399456,0.009547813795506954,0.022442150861024857,0.00758611224591732,0.0007841274491511285,9.116074215853587e-05,-7.601591110229492,mat,dlns_lee2023_h12
DLNSModel,RandomWalk,yield,m065,65,12,267,0.02770368754863739,0.009513642638921738,0.02218461222946644,0.0075653973035514355,0.0007674943190068007,9.050939115695655e-05,-7.479720115661621,mat,dlns_lee2023_h12
DLNSModel,RandomWalk,yield,m066,66,12,267,0.027406157925724983,0.009477922692894936,0.021925197914242744,0.007542784325778484,0.0007510975119657815,8.983100997284055e-05,-7.361227035522461,mat,dlns_lee2023_h12
DLNSModel,RandomWalk,yield,m067,67,12,267,0.027110213413834572,0.009440870955586433,0.021664589643478394,0.00751859787851572,0.0007349636871367693,8.913004421629012e-05,-7.245969772338867,mat,dlns_lee2023_h12
DLNSModel,RandomWalk,yield,m068,68,12,267,0.026816457509994507,0.009402924217283726,0.021404867991805077,0.00749330036342144,0.0007191223558038473,8.84149776538834e-05,-7.133490562438965,mat,dlns_lee2023_h12
DLNSModel,RandomWalk,yield,m069,69,12,267,0.026525376364588737,0.009364482015371323,0.021146459504961967,0.007467376533895731,0.0007035955786705017,8.769353007664904e-05,-7.023346900939941,mat,dlns_lee2023_h12
DLNSModel,RandomWalk,yield,m070,70,12,267,0.026237331330776215,0.009325800463557243,0.02089252695441246,0.007441879250109196,0.0006883975584059954,8.697054727235809e-05,-6.915295124053955,mat,dlns_lee2023_h12
DLNSModel,RandomWalk,yield,m071,71,12,267,0.025952482596039772,0.009286993183195591,0.020644523203372955,0.0074165817350149155,0.0006735313800163567,8.624824113212526e-05,-6.809218883514404,mat,dlns_lee2023_h12
DLNSModel,RandomWalk,yield,m072,72,12,267,0.02567102201282978,0.009248143993318081,0.020400352776050568,0.007392020430415869,0.0006590013508684933,8.552816871087998e-05,-6.705079555511475,mat,dlns_lee2023_h12
DLNSModel,RandomWalk,yield,m073,73,12,267,0.025393085554242134,0.009209328331053257,0.02015766315162182,0.0073684449307620525,0.0006448088097386062,8.481172699248418e-05,-6.602826118469238,mat,dlns_lee2023_h12
DLNSModel,RandomWalk,yield,m074,74,12,267,0.025118866935372353,0.00917048193514347,0.019916627556085587,0.007344821933656931,0.0006309574819169939,8.409774454776198e-05,-6.502668380737305,mat,dlns_lee2023_h12
DLNSModel,RandomWalk,yield,m075,75,12,267,0.024848535656929016,0.00913146324455738,0.01967768743634224,0.007321133743971586,0.0006174497539177537,8.33836238598451e-05,-6.404928207397461,mat,dlns_lee2023_h12
DLNSModel,RandomWalk,yield,m076,76,12,267,0.024582291021943092,0.009092352353036404,0.019443552941083908,0.007297099102288485,0.0006042890017852187,8.267086377600208e-05,-6.309576511383057,mat,dlns_lee2023_h12
DLNSModel,RandomWalk,yield,m077,77,12,267,0.024320458993315697,0.009053616784512997,0.019215432927012444,0.007272735238075256,0.0005914847133681178,8.196796989068389e-05,-6.2160468101501465,mat,dlns_lee2023_h12
DLNSModel,RandomWalk,yield,m078,78,12,267,0.024063456803560257,0.009015914052724838,0.018994703888893127,0.007250216789543629,0.0005790499853901565,8.128670742735267e-05,-6.123550891876221,mat,dlns_lee2023_h12
DLNSModel,RandomWalk,yield,m079,79,12,267,0.02381165698170662,0.00897975917905569,0.018778743222355843,0.007230285555124283,0.0005669950041919947,8.063606946961954e-05,-6.031530857086182,mat,dlns_lee2023_h12
DLNSModel,RandomWalk,yield,m080,80,12,267,0.023565318435430527,0.008945428766310215,0.018566135317087173,0.007210544776171446,0.0005553241935558617,8.002069080248475e-05,-5.939757347106934,mat,dlns_lee2023_h12
DLNSModel,RandomWalk,yield,m081,81,12,267,0.023324577137827873,0.008912974037230015,0.018358903005719185,0.007190946955233812,0.0005440358654595912,7.944110257085413e-05,-5.848291873931885,mat,dlns_lee2023_h12
DLNSModel,RandomWalk,yield,m082,82,12,267,0.023089414462447166,0.008882285095751286,0.01815498247742653,0.007172184530645609,0.0005331210559234023,7.889498374424875e-05,-5.757350444793701,mat,dlns_lee2023_h12
DLNSModel,RandomWalk,yield,m083,83,12,267,0.02285955287516117,0.008853139355778694,0.017953533679246902,0.0071542952209711075,0.0005225591594353318,7.837807788746431e-05,-5.667159557342529,mat,dlns_lee2023_h12
DLNSModel,RandomWalk,yield,m084,84,12,267,0.02263444848358631,0.008825212717056274,0.017756640911102295,0.007137043867260218,0.0005123182199895382,7.788438233546913e-05,-5.577932834625244,mat,dlns_lee2023_h12
DLNSModel,RandomWalk,yield,m085,85,12,267,0.02241346798837185,0.00879816897213459,0.017562007531523705,0.0071202488616108894,0.000502363545820117,7.740777800790966e-05,-5.489832878112793,mat,dlns_lee2023_h12
DLNSModel,RandomWalk,yield,m086,86,12,267,0.022196205332875252,0.008771930821239948,0.01736973226070404,0.00710355956107378,0.0004926715628243983,7.694676605751738e-05,-5.402758598327637,mat,dlns_lee2023_h12
DLNSModel,RandomWalk,yield,m087,87,12,267,0.021982664242386818,0.0087467972189188,0.017182903364300728,0.007086628582328558,0.00048323755618184805,7.650645420653746e-05,-5.316298007965088,mat,dlns_lee2023_h12
DLNSModel,RandomWalk,yield,m088,88,12,267,0.021773144602775574,0.008723060600459576,0.016997789964079857,0.00706907594576478,0.000474069791380316,7.609179010614753e-05,-5.230235576629639,mat,dlns_lee2023_h12
DLNSModel,RandomWalk,yield,m089,89,12,267,0.021568015217781067,0.008700522594153881,0.01681685447692871,0.007050541695207357,0.0004651792405638844,7.569909212179482e-05,-5.145110130310059,mat,dlns_lee2023_h12
DLNSModel,RandomWalk,yield,m090,90,12,267,0.02136746421456337,0.008678575046360493,0.01663905568420887,0.007031742949038744,0.0004565685521811247,7.531766459578648e-05,-5.061905384063721,mat,dlns_lee2023_h12
DLNSModel,RandomWalk,yield,m091,91,12,267,0.021171411499381065,0.00865661446005106,0.016463952139019966,0.007011984474956989,0.0004482286749407649,7.493697194149718e-05,-4.981409072875977,mat,dlns_lee2023_h12
DLNSModel,RandomWalk,yield,m092,92,12,267,0.02097964659333229,0.008634282276034355,0.016291286796331406,0.006991510279476643,0.00044014560990035534,7.455083687091246e-05,-4.903965950012207,mat,dlns_lee2023_h12
DLNSModel,RandomWalk,yield,m093,93,12,267,0.020792081952095032,0.00861144345253706,0.016122978180646896,0.006970351096242666,0.00043231065501458943,7.415696018142626e-05,-4.829670429229736,mat,dlns_lee2023_h12
DLNSModel,RandomWalk,yield,m094,94,12,267,0.02060874179005623,0.008588144555687904,0.01595848612487316,0.006948864087462425,0.00042472025961615145,7.375622226390988e-05,-4.758432865142822,mat,dlns_lee2023_h12
DLNSModel,RandomWalk,yield,m095,95,12,267,0.020429665222764015,0.008564584888517857,0.015796132385730743,0.00692771514877677,0.0004173711931798607,7.335210830206051e-05,-4.689968585968018,mat,dlns_lee2023_h12
DLNSModel,RandomWalk,yield,m096,96,12,267,0.02025485597550869,0.008541105315089226,0.015637677162885666,0.006907840259373188,0.00041025917744264007,7.29504827177152e-05,-4.623803615570068,mat,dlns_lee2023_h12
DLNSModel,RandomWalk,yield,m097,97,12,267,0.020084382966160774,0.008518250659108162,0.015481182374060154,0.006888338830322027,0.0004033824079670012,7.256059325300157e-05,-4.559248924255371,mat,dlns_lee2023_h12
DLNSModel,RandomWalk,yield,m098,98,12,267,0.019918326288461685,0.00849668774753809,0.015327353961765766,0.006869937293231487,0.00039673972059972584,7.219370309030637e-05,-4.495489120483398,mat,dlns_lee2023_h12
DLNSModel,RandomWalk,yield,m099,99,12,267,0.019756680354475975,0.00847707036882639,0.015177853405475616,0.006853941828012466,0.00039032642962411046,7.186071889009327e-05,-4.431707859039307,mat,dlns_lee2023_h12
DLNSModel,RandomWalk,yield,m100,100,12,267,0.019599325954914093,0.008459891192615032,0.015036184340715408,0.006840565241873264,0.00038413360016420484,7.156976062105969e-05,-4.3672614097595215,mat,dlns_lee2023_h12
DLNSModel,RandomWalk,yield,m101,101,12,267,0.01944606564939022,0.008445356972515583,0.014896554872393608,0.006829483900219202,0.00037814947427250445,7.132405880838633e-05,-4.301850318908691,mat,dlns_lee2023_h12
DLNSModel,RandomWalk,yield,m102,102,12,267,0.019296690821647644,0.00843330193310976,0.014761671423912048,0.006820307113230228,0.0003723622940015048,7.112057937774807e-05,-4.235647678375244,mat,dlns_lee2023_h12
DLNSModel,RandomWalk,yield,m103,103,12,267,0.019151026383042336,0.008423224091529846,0.01463189534842968,0.006812332663685083,0.00036676181480288506,7.095070759532973e-05,-4.169248104095459,mat,dlns_lee2023_h12
DLNSModel,RandomWalk,yield,m104,104,12,267,0.0190089400857687,0.008414472453296185,0.014504515565931797,0.006804781500250101,0.0003613398293964565,7.080334034981206e-05,-4.103429317474365,mat,dlns_lee2023_h12
DLNSModel,RandomWalk,yield,m105,105,12,267,0.018870297819375992,0.008406403474509716,0.014380255714058876,0.006796914152801037,0.00035608813050203025,7.06676219124347e-05,-4.038914680480957,mat,dlns_lee2023_h12
DLNSModel,RandomWalk,yield,m106,106,12,267,0.018734917044639587,0.008398414589464664,0.014258520677685738,0.006788925267755985,0.0003509970847517252,7.053336594253778e-05,-3.9763269424438477,mat,dlns_lee2023_h12
DLNSModel,RandomWalk,yield,m107,107,12,267,0.018602564930915833,0.008389944210648537,0.014137610793113708,0.00678131403401494,0.00034605542896315455,7.039115735096857e-05,-3.916177749633789,mat,dlns_lee2023_h12
DLNSModel,RandomWalk,yield,m108,108,12,267,0.018473004922270775,0.008380504325032234,0.014016639441251755,0.0067721218802034855,0.00034125189995393157,7.023284706519917e-05,-3.8588647842407227,mat,dlns_lee2023_h12
DLNSModel,RandomWalk,yield,m109,109,12,267,0.01834602653980255,0.008369801566004753,0.013897453434765339,0.006761491764336824,0.0003365767188370228,7.005358202150092e-05,-3.804561138153076,mat,dlns_lee2023_h12
DLNSModel,RandomWalk,yield,m110,110,12,267,0.018221542239189148,0.008357817307114601,0.01377954427152872,0.006749271415174007,0.0003320246178191155,6.985310756135732e-05,-3.753183364868164,mat,dlns_lee2023_h12
DLNSModel,RandomWalk,yield,m111,111,12,267,0.01809956505894661,0.008344749920070171,0.013666726648807526,0.006736086681485176,0.0003275942581240088,6.963485066080466e-05,-3.704458236694336,mat,dlns_lee2023_h12
DLNSModel,RandomWalk,yield,m112,112,12,267,0.01798020675778389,0.008330904878675938,0.013554089702665806,0.006722140125930309,0.0003232878225389868,6.940396997379139e-05,-3.658059597015381,mat,dlns_lee2023_h12
DLNSModel,RandomWalk,yield,m113,113,12,267,0.0178635586053133,0.008316601626574993,0.013444332405924797,0.0067076790146529675,0.000319106737151742,6.916585698490962e-05,-3.613645553588867,mat,dlns_lee2023_h12
DLNSModel,RandomWalk,yield,m114,114,12,267,0.017749687656760216,0.008302097208797932,0.013338345102965832,0.006693176459521055,0.00031505138031207025,6.892481906106696e-05,-3.5709424018859863,mat,dlns_lee2023_h12
DLNSModel,RandomWalk,yield,m115,115,12,267,0.017638646066188812,0.008287548087537289,0.013234053738415241,0.006678567733615637,0.0003111218102276325,6.868344644317403e-05,-3.5297932624816895,mat,dlns_lee2023_h12
DLNSModel,RandomWalk,yield,m116,116,12,267,0.017530476674437523,0.008273081853985786,0.013130784034729004,0.006663814187049866,0.0003073176194448024,6.844388553872705e-05,-3.4900670051574707,mat,dlns_lee2023_h12
DLNSModel,RandomWalk,yield,m117,117,12,267,0.017425311729311943,0.008258858695626259,0.013029837049543858,0.006648944225162268,0.00030364151461981237,6.820874841650948e-05,-3.451650619506836,mat,dlns_lee2023_h12
DLNSModel,RandomWalk,yield,m118,118,12,267,0.017323285341262817,0.008245044387876987,0.012930721044540405,0.006634039804339409,0.00030009623151272535,6.798075628466904e-05,-3.414429187774658,mat,dlns_lee2023_h12
DLNSModel,RandomWalk,yield,m119,119,12,267,0.017224512994289398,0.00823177769780159,0.012835719622671604,0.006619207561016083,0.0002966838364955038,6.776216469006613e-05,-3.3783111572265625,mat,dlns_lee2023_h12
DLNSModel,RandomWalk,yield,m120,120,12,267,0.01712902821600437,0.008219129405915737,0.01274306420236826,0.006604540161788464,0.00029340360197238624,6.755408685421571e-05,-3.3432397842407227,mat,dlns_lee2023_h12
DLNSModel,RandomWalk,yield,m121,121,12,267,0.01703677326440811,0.008207090198993683,0.012652989476919174,0.006590094417333603,0.000290251657133922,6.73563263262622e-05,-3.3091964721679688,mat,dlns_lee2023_h12
DLNSModel,RandomWalk,yield,m122,122,12,267,0.016947686672210693,0.008195614442229271,0.01256429124623537,0.006575913168489933,0.00028722407296299934,6.716809002682567e-05,-3.276198387145996,mat,dlns_lee2023_h12
DLNSModel,RandomWalk,yield,m123,123,12,267,0.016861623153090477,0.008184616453945637,0.012480371631681919,0.006562028545886278,0.000284314330201596,6.69879445922561e-05,-3.2442612648010254,mat,dlns_lee2023_h12
DLNSModel,RandomWalk,yield,m124,124,12,267,0.0167784933000803,0.00817403756082058,0.012398330494761467,0.006548661272972822,0.00028151783044449985,6.681488594040275e-05,-3.213399887084961,mat,dlns_lee2023_h12
DLNSModel,RandomWalk,yield,m125,125,12,267,0.01669820211827755,0.008163835853338242,0.012318219058215618,0.006535764317959547,0.0002788299461826682,6.664820830337703e-05,-3.183607578277588,mat,dlns_lee2023_h12
DLNSModel,RandomWalk,yield,m126,126,12,267,0.016620688140392303,0.008153990842401981,0.012240951880812645,0.006523437798023224,0.0002762473013717681,6.648756243521348e-05,-3.154871940612793,mat,dlns_lee2023_h12
DLNSModel,RandomWalk,yield,m127,127,12,267,0.016545915976166725,0.008144513703882694,0.012167997658252716,0.00651154899969697,0.00027376736397854984,6.633310113102198e-05,-3.1271605491638184,mat,dlns_lee2023_h12
DLNSModel,RandomWalk,yield,m128,128,12,267,0.016473857685923576,0.008135405369102955,0.012096521444618702,0.006500863004475832,0.00027138800942339003,6.618481711484492e-05,-3.100457191467285,mat,dlns_lee2023_h12
DLNSModel,RandomWalk,yield,m129,129,12,267,0.016404474154114723,0.008126664906740189,0.012025767005980015,0.006491012405604124,0.00026910679298453033,6.604268128285185e-05,-3.074740409851074,mat,dlns_lee2023_h12
DLNSModel,RandomWalk,yield,m130,130,12,267,0.01633775234222412,0.0081182811409235,0.011955990456044674,0.006481878459453583,0.00026692214305512607,6.590648990822956e-05,-3.0500130653381348,mat,dlns_lee2023_h12
DLNSModel,RandomWalk,yield,m131,131,12,267,0.016273656859993935,0.00811022613197565,0.011888444423675537,0.0064731501042842865,0.00026483190595172346,6.577577005373314e-05,-3.0262837409973145,mat,dlns_lee2023_h12
DLNSModel,RandomWalk,yield,m132,132,12,267,0.016212161630392075,0.008102454245090485,0.011821710504591465,0.006464692298322916,0.00026283416082151234,6.56497577438131e-05,-3.0035815238952637,mat,dlns_lee2023_h12
DLNSModel,RandomWalk,yield,m133,133,12,267,0.01615322381258011,0.00809490866959095,0.011755825951695442,0.006456518080085516,0.0002609266375657171,6.552755075972527e-05,-2.981937885284424,mat,dlns_lee2023_h12
DLNSModel,RandomWalk,yield,m134,134,12,267,0.0160968080163002,0.008087538182735443,0.01169278472661972,0.006448610220104456,0.00025910724070854485,6.540826871059835e-05,-2.961383581161499,mat,dlns_lee2023_h12
DLNSModel,RandomWalk,yield,m135,135,12,267,0.016042865812778473,0.008080280385911465,0.011632400564849377,0.006440877448767424,0.0002573735255282372,6.529093661811203e-05,-2.941948652267456,mat,dlns_lee2023_h12
DLNSModel,RandomWalk,yield,m136,136,12,267,0.01599135994911194,0.00807308591902256,0.01157317589968443,0.006433294154703617,0.0002557235711719841,6.517471774714068e-05,-2.9236621856689453,mat,dlns_lee2023_h12
DLNSModel,RandomWalk,yield,m137,137,12,267,0.01594224013388157,0.008065915666520596,0.011515017598867416,0.006425847765058279,0.00025415504933334887,6.505899364128709e-05,-2.906532049179077,mat,dlns_lee2023_h12
DLNSModel,RandomWalk,yield,m138,138,12,267,0.015895459800958633,0.008058740757405758,0.011458208784461021,0.0064185126684606075,0.0002526656608097255,6.494330591522157e-05,-2.8905575275421143,mat,dlns_lee2023_h12
DLNSModel,RandomWalk,yield,m139,139,12,267,0.01585095375776291,0.008051547221839428,0.011402744799852371,0.006411289796233177,0.000251252728048712,6.482740718638524e-05,-2.8757176399230957,mat,dlns_lee2023_h12
DLNSModel,RandomWalk,yield,m140,140,12,267,0.015808679163455963,0.008044338785111904,0.01134917140007019,0.006404169835150242,0.0002499143301974982,6.471139204222709e-05,-2.86198353767395,mat,dlns_lee2023_h12
DLNSModel,RandomWalk,yield,m141,141,12,267,0.01576855592429638,0.008037122897803783,0.011296377517282963,0.006397159770131111,0.00024864738225005567,6.459534051828086e-05,-2.8493082523345947,mat,dlns_lee2023_h12
DLNSModel,RandomWalk,yield,m142,142,12,267,0.01573052816092968,0.008029919117689133,0.011246428824961185,0.0063902693800628185,0.00024744949769228697,6.447959458455443e-05,-2.8376405239105225,mat,dlns_lee2023_h12
DLNSModel,RandomWalk,yield,m143,143,12,267,0.01569453440606594,0.00802275724709034,0.011199120432138443,0.006383509375154972,0.0002463184355292469,6.436462717829272e-05,-2.8269224166870117,mat,dlns_lee2023_h12
DLNSModel,RandomWalk,yield,m144,144,12,267,0.015660498291254044,0.008015666157007217,0.011152969673275948,0.006376896984875202,0.0002452511980663985,6.425090396078303e-05,-2.8170855045318604,mat,dlns_lee2023_h12
DLNSModel,RandomWalk,yield,m145,145,12,267,0.01562836393713951,0.008008679375052452,0.011107489466667175,0.0063707041554152966,0.0002442457480356097,6.413894152501598e-05,-2.808072566986084,mat,dlns_lee2023_h12
DLNSModel,RandomWalk,yield,m146,146,12,267,0.015598068945109844,0.008001831360161304,0.011064201593399048,0.006364741828292608,0.00024329974257852882,6.402930739568546e-05,-2.799818515777588,mat,dlns_lee2023_h12
DLNSModel,RandomWalk,yield,m147,147,12,267,0.01556954812258482,0.00799515563994646,0.011022735387086868,0.006358942482620478,0.00024241083883680403,6.39225181657821e-05,-2.7922604084014893,mat,dlns_lee2023_h12
DLNSModel,RandomWalk,yield,m148,148,12,267,0.015542751178145409,0.00798867642879486,0.010982215404510498,0.00635331217199564,0.0002415771159576252,6.381895218510181e-05,-2.785350799560547,mat,dlns_lee2023_h12
DLNSModel,RandomWalk,yield,m149,149,12,267,0.015517634339630604,0.007982419803738594,0.010943696834146976,0.00634784996509552,0.00024079698778223246,6.371903145918623e-05,-2.779043436050415,mat,dlns_lee2023_h12
DLNSModel,RandomWalk,yield,m150,150,12,267,0.015494145452976227,0.007976410910487175,0.010908445343375206,0.00634255725890398,0.00024006853345781565,6.362312706187367e-05,-2.7732903957366943,mat,dlns_lee2023_h12
DLNSModel,RandomWalk,yield,m151,151,12,267,0.015472238883376122,0.007970666512846947,0.010877019725739956,0.006337434519082308,0.00023939016682561487,6.35315227555111e-05,-2.7680532932281494,mat,dlns_lee2023_h12
DLNSModel,RandomWalk,yield,m152,152,12,267,0.015451876446604729,0.007965195924043655,0.010847017168998718,0.0063324798829853535,0.0002387604909017682,6.344434223137796e-05,-2.7633063793182373,mat,dlns_lee2023_h12
DLNSModel,RandomWalk,yield,m153,153,12,267,0.01543301809579134,0.007960018701851368,0.010817511938512325,0.00632792292162776,0.0002381780359428376,6.336189835565165e-05,-2.7590103149414062,mat,dlns_lee2023_h12
DLNSModel,RandomWalk,yield,m154,154,12,267,0.015415623784065247,0.007955139502882957,0.010790061205625534,0.006323599256575108,0.00023764146317262203,6.328424933599308e-05,-2.755143880844116,mat,dlns_lee2023_h12
DLNSModel,RandomWalk,yield,m155,155,12,267,0.015399654395878315,0.007950571365654469,0.010765889659523964,0.006319445092231035,0.00023714936105534434,6.321158434730023e-05,-2.751675605773926,mat,dlns_lee2023_h12
DLNSModel,RandomWalk,yield,m156,156,12,267,0.015385068021714687,0.007946314290165901,0.010744567960500717,0.006315642036497593,0.0002367003180552274,6.314391066553071e-05,-2.7485849857330322,mat,dlns_lee2023_h12
DLNSModel,RandomWalk,yield,m157,157,12,267,0.015371832996606827,0.0079423813149333,0.01072678342461586,0.006312209647148848,0.00023629324277862906,6.308141746558249e-05,-2.7458455562591553,mat,dlns_lee2023_h12
DLNSModel,RandomWalk,yield,m158,158,12,267,0.015359899960458279,0.007938780821859837,0.010709719732403755,0.006308977957814932,0.000235926519962959,6.302424299065024e-05,-2.743424892425537,mat,dlns_lee2023_h12
DLNSModel,RandomWalk,yield,m159,159,12,267,0.015349239110946655,0.007935521192848682,0.010694433003664017,0.006306014489382505,0.0002355991309741512,6.297250365605578e-05,-2.7413015365600586,mat,dlns_lee2023_h12
DLNSModel,RandomWalk,yield,m160,160,12,267,0.015339805744588375,0.007932611741125584,0.010679975152015686,0.006303366739302874,0.0002353096497245133,6.292633042903617e-05,-2.7394466400146484,mat,dlns_lee2023_h12
DLNSModel,RandomWalk,yield,m161,161,12,267,0.015331557020545006,0.007930060848593712,0.010668116621673107,0.006300978362560272,0.00023505663557443768,6.288586155278608e-05,-2.7378296852111816,mat,dlns_lee2023_h12
DLNSModel,RandomWalk,yield,m162,162,12,267,0.015324442647397518,0.007927876897156239,0.01065846998244524,0.006298854015767574,0.00023483853146899492,6.285122799454257e-05,-2.736419200897217,mat,dlns_lee2023_h12
DLNSModel,RandomWalk,yield,m163,163,12,267,0.015318441204726696,0.007926071994006634,0.010649556294083595,0.006297019310295582,0.00023465463891625404,6.282261165324599e-05,-2.735193967819214,mat,dlns_lee2023_h12
DLNSModel,RandomWalk,yield,m164,164,12,267,0.015313496813178062,0.00792465079575777,0.010641288943588734,0.006295826751738787,0.00023450319713447243,6.280009256443009e-05,-2.734121799468994,mat,dlns_lee2023_h12
DLNSModel,RandomWalk,yield,m165,165,12,267,0.015309580601751804,0.007923628203570843,0.010633740574121475,0.006294948514550924,0.000234383245697245,6.27838890068233e-05,-2.733175039291382,mat,dlns_lee2023_h12
DLNSModel,RandomWalk,yield,m166,166,12,267,0.015306644141674042,0.007923000492155552,0.010626391507685184,0.0062943631783127785,0.00023429335851687938,6.27739354968071e-05,-2.732335090637207,mat,dlns_lee2023_h12
DLNSModel,RandomWalk,yield,m167,167,12,267,0.015304658561944962,0.007922773249447346,0.010619212873280048,0.006295215804129839,0.0002342325751669705,6.277033389778808e-05,-2.7315807342529297,mat,dlns_lee2023_h12
DLNSModel,RandomWalk,yield,m168,168,12,267,0.015303588472306728,0.007922939024865627,0.010612216778099537,0.006296588107943535,0.00023419981880579144,6.277296779444441e-05,-2.7309024333953857,mat,dlns_lee2023_h12
DLNSModel,RandomWalk,yield,m169,169,12,267,0.015303407795727253,0.007923493161797523,0.010605843737721443,0.00629825983196497,0.00023419428907800466,6.278174259932712e-05,-2.730292797088623,mat,dlns_lee2023_h12
DLNSModel,RandomWalk,yield,m170,170,12,267,0.01530406903475523,0.007924419827759266,0.010599756613373756,0.0063002160750329494,0.00023421453079208732,6.279643275775015e-05,-2.7297425270080566,mat,dlns_lee2023_h12
DLNSModel,RandomWalk,yield,m171,171,12,267,0.015305554494261742,0.007925700396299362,0.010594841092824936,0.006302425637841225,0.00023426000552717596,6.281672540353611e-05,-2.729261636734009,mat,dlns_lee2023_h12
DLNSModel,RandomWalk,yield,m172,172,12,267,0.015307839959859848,0.007927305996418,0.010590418241918087,0.006304851267486811,0.00023432997113559395,6.284217670327052e-05,-2.7288646697998047,mat,dlns_lee2023_h12
DLNSModel,RandomWalk,yield,m173,173,12,267,0.01531088538467884,0.007929210551083088,0.010586409829556942,0.006307446863502264,0.0002344232052564621,6.287238647928461e-05,-2.728555917739868,mat,dlns_lee2023_h12
DLNSModel,RandomWalk,yield,m174,174,12,267,0.015314669348299503,0.007931374944746494,0.010583985596895218,0.006310166325420141,0.00023453911126125604,6.290671444730833e-05,-2.7283637523651123,mat,dlns_lee2023_h12
DLNSModel,RandomWalk,yield,m175,175,12,267,0.01531917229294777,0.007933764718472958,0.01058258768171072,0.006312962621450424,0.00023467704886570573,6.294462218647823e-05,-2.7283098697662354,mat,dlns_lee2023_h12
DLNSModel,RandomWalk,yield,m176,176,12,267,0.015324359759688377,0.007936335168778896,0.01058175228536129,0.006315781734883785,0.00023483599943574518,6.298541848082095e-05,-2.7284185886383057,mat,dlns_lee2023_h12
DLNSModel,RandomWalk,yield,m177,177,12,267,0.015330206602811813,0.007939044386148453,0.010581894777715206,0.006318902596831322,0.00023501522082369775,6.302842666627839e-05,-2.728717803955078,mat,dlns_lee2023_h12
DLNSModel,RandomWalk,yield,m178,178,12,267,0.015336684882640839,0.007941849529743195,0.010582887567579746,0.0063219876028597355,0.00023521391267422587,6.307297007879242e-05,-2.7292346954345703,mat,dlns_lee2023_h12
DLNSModel,RandomWalk,yield,m179,179,12,267,0.015343763865530491,0.007944708690047264,0.010584104806184769,0.006324952933937311,0.00023543108545709401,6.311839388217777e-05,-2.7299916744232178,mat,dlns_lee2023_h12
DLNSModel,RandomWalk,yield,m180,180,12,267,0.015351423993706703,0.007947572506964207,0.01058533787727356,0.006327745504677296,0.00023566621530335397,6.316390499705449e-05,-2.7310266494750977,mat,dlns_lee2023_h12
DLNSModel,RandomWalk,yield,m181,181,12,267,0.015359632670879364,0.00795040000230074,0.010586582124233246,0.0063303373754024506,0.0002359183126827702,6.320886313915253e-05,-2.732361316680908,mat,dlns_lee2023_h12
DLNSModel,RandomWalk,yield,m182,182,12,267,0.01536836288869381,0.007953143678605556,0.010587827302515507,0.0063326857052743435,0.00023618659179192036,6.325248978100717e-05,-2.7340283393859863,mat,dlns_lee2023_h12
DLNSModel,RandomWalk,yield,m183,183,12,267,0.015377596952021122,0.0079557616263628,0.01058907713741064,0.006334766745567322,0.00023647048510611057,6.329413736239076e-05,-2.7360568046569824,mat,dlns_lee2023_h12
DLNSModel,RandomWalk,yield,m184,184,12,267,0.015387299470603466,0.007958218455314636,0.01059032417833805,0.006336560007184744,0.00023676898854319006,6.333323835860938e-05,-2.7384634017944336,mat,dlns_lee2023_h12
DLNSModel,RandomWalk,yield,m185,185,12,267,0.01539746392518282,0.007960488088428974,0.01059156097471714,0.006338049191981554,0.0002370818838244304,6.33693634881638e-05,-2.741269826889038,mat,dlns_lee2023_h12
DLNSModel,RandomWalk,yield,m186,186,12,267,0.015408054925501347,0.00796253327280283,0.010592968203127384,0.0063392240554094315,0.00023740815231576562,6.340193067444488e-05,-2.7444939613342285,mat,dlns_lee2023_h12
DLNSModel,RandomWalk,yield,m187,187,12,267,0.015419069677591324,0.00796432700008154,0.010595271363854408,0.0063400850631296635,0.00023774772125761956,6.343050335999578e-05,-2.7481608390808105,mat,dlns_lee2023_h12
DLNSModel,RandomWalk,yield,m188,188,12,267,0.015430479310452938,0.007965842261910439,0.010599099099636078,0.006340634077787399,0.00023809968843124807,6.345464498735964e-05,-2.752281427383423,mat,dlns_lee2023_h12
DLNSModel,RandomWalk,yield,m189,189,12,267,0.01544228196144104,0.007967057637870312,0.010603874921798706,0.006341013126075268,0.00023846406838856637,6.34740135865286e-05,-2.7568771839141846,mat,dlns_lee2023_h12
DLNSModel,RandomWalk,yield,m190,190,12,267,0.015454469248652458,0.007967948913574219,0.010609131306409836,0.006341251544654369,0.0002388406137470156,6.348820897983387e-05,-2.7619681358337402,mat,dlns_lee2023_h12
DLNSModel,RandomWalk,yield,m191,191,12,267,0.015467018820345402,0.007968476042151451,0.010615106672048569,0.006341408472508192,0.00023922868422232568,6.349661271087825e-05,-2.7675819396972656,mat,dlns_lee2023_h12
DLNSModel,RandomWalk,yield,m192,192,12,267,0.015479941852390766,0.007968595251441002,0.010621439665555954,0.006341198459267616,0.00023962858540471643,6.349851173581555e-05,-2.7737669944763184,mat,dlns_lee2023_h12
DLNSModel,RandomWalk,yield,m193,193,12,267,0.015493213199079037,0.007968256250023842,0.010629941709339619,0.0063405814580619335,0.00024003964790608734,6.349311297526583e-05,-2.780561923980713,mat,dlns_lee2023_h12
DLNSModel,RandomWalk,yield,m194,194,12,267,0.015506806783378124,0.007967404089868069,0.010638691484928131,0.006339498795568943,0.00024046104226727039,6.347952876240015e-05,-2.7880091667175293,mat,dlns_lee2023_h12
DLNSModel,RandomWalk,yield,m195,195,12,267,0.01552069652825594,0.007966005243360996,0.010647697374224663,0.0063378955237567425,0.00024089202634058893,6.345723522827029e-05,-2.7961318492889404,mat,dlns_lee2023_h12
DLNSModel,RandomWalk,yield,m196,196,12,267,0.015534864738583565,0.007964047603309155,0.010657590813934803,0.0063357045873999596,0.00024133203260134906,6.34260504739359e-05,-2.8049354553222656,mat,dlns_lee2023_h12
DLNSModel,RandomWalk,yield,m197,197,12,267,0.01554929930716753,0.007961554452776909,0.010667762719094753,0.006333057302981615,0.0002417807118035853,6.33863455732353e-05,-2.8143973350524902,mat,dlns_lee2023_h12
DLNSModel,RandomWalk,yield,m198,198,12,267,0.015564016066491604,0.007958583533763885,0.010678264312446117,0.006329837255179882,0.00024223860236816108,6.333905184874311e-05,-2.824474811553955,mat,dlns_lee2023_h12
DLNSModel,RandomWalk,yield,m199,199,12,267,0.015579045750200748,0.007955200970172882,0.010689510963857174,0.006326001603156328,0.00024270667927339673,6.328522431431338e-05,-2.8351240158081055,mat,dlns_lee2023_h12
DLNSModel,RandomWalk,yield,m200,200,12,267,0.015594386495649815,0.007951470091938972,0.010701333172619343,0.006321577820926905,0.00024318488431163132,6.322587432805449e-05,-2.846287488937378,mat,dlns_lee2023_h12
DLNSModel,RandomWalk,yield,m201,201,12,267,0.015610026195645332,0.007947430945932865,0.010713581927120686,0.006316605024039745,0.00024367291189264506,6.31616567261517e-05,-2.857924699783325,mat,dlns_lee2023_h12
DLNSModel,RandomWalk,yield,m202,202,12,267,0.01562592014670372,0.00794310588389635,0.010725651867687702,0.006311121396720409,0.0002441694086883217,6.309293530648574e-05,-2.8699960708618164,mat,dlns_lee2023_h12
DLNSModel,RandomWalk,yield,m203,203,12,267,0.01564199849963188,0.007938512600958347,0.010737763717770576,0.006305161397904158,0.0002446720900479704,6.301998655544594e-05,-2.8824522495269775,mat,dlns_lee2023_h12
DLNSModel,RandomWalk,yield,m204,204,12,267,0.0156581848859787,0.007933668792247772,0.010750996880233288,0.006298760883510113,0.0002451787586323917,6.294309423537925e-05,-2.895244836807251,mat,dlns_lee2023_h12
DLNSModel,RandomWalk,yield,m205,205,12,267,0.015674419701099396,0.007928604260087013,0.01076449640095234,0.006291958969086409,0.0002456874353811145,6.286276766331866e-05,-2.9083139896392822,mat,dlns_lee2023_h12
DLNSModel,RandomWalk,yield,m206,206,12,267,0.015690678730607033,0.007923366501927376,0.010777710005640984,0.006284940987825394,0.00024619739269837737,6.277974171098322e-05,-2.9216055870056152,mat,dlns_lee2023_h12
DLNSModel,RandomWalk,yield,m207,207,12,267,0.01570696011185646,0.007918027229607105,0.01079061534255743,0.006277686450630426,0.00024670857237651944,6.269515142776072e-05,-2.9350502490997314,mat,dlns_lee2023_h12
DLNSModel,RandomWalk,yield,m208,208,12,267,0.015723297372460365,0.007912646979093552,0.010804046876728535,0.006270283833146095,0.0002472221094649285,6.260997906792909e-05,-2.948605537414551,mat,dlns_lee2023_h12
DLNSModel,RandomWalk,yield,m209,209,12,267,0.01573970727622509,0.00790725089609623,0.010817954316735268,0.0062628211453557014,0.00024773841141723096,6.252461753319949e-05,-2.9622538089752197,mat,dlns_lee2023_h12
DLNSModel,RandomWalk,yield,m210,210,12,267,0.015756212174892426,0.007901816628873348,0.010831969790160656,0.0062553770840168,0.0002482582349330187,6.243870302569121e-05,-2.9760313034057617,mat,dlns_lee2023_h12
DLNSModel,RandomWalk,yield,m211,211,12,267,0.01577279344201088,0.007896261289715767,0.010846310295164585,0.006247987039387226,0.00024878099793568254,6.235094042494893e-05,-2.9900119304656982,mat,dlns_lee2023_h12
DLNSModel,RandomWalk,yield,m212,212,12,267,0.015789397060871124,0.00789046660065651,0.010860254988074303,0.006240724120289087,0.0002493050415068865,6.225946708582342e-05,-3.00429105758667,mat,dlns_lee2023_h12
DLNSModel,RandomWalk,yield,m213,213,12,267,0.01580597087740898,0.007884322665631771,0.010873725637793541,0.006233612075448036,0.00024982873583212495,6.216253677848727e-05,-3.0189599990844727,mat,dlns_lee2023_h12
DLNSModel,RandomWalk,yield,m214,214,12,267,0.015822451561689377,0.007877745665609837,0.010886956937611103,0.006226548925042152,0.0002503499563317746,6.2058876210358e-05,-3.034071922302246,mat,dlns_lee2023_h12
DLNSModel,RandomWalk,yield,m215,215,12,267,0.015838803723454475,0.007870715111494064,0.010900157503783703,0.0062195356003940105,0.0002508677134755999,6.194815068738535e-05,-3.04964017868042,mat,dlns_lee2023_h12
DLNSModel,RandomWalk,yield,m216,216,12,267,0.015855003148317337,0.007863268256187439,0.010913169011473656,0.006212498061358929,0.0002513811341486871,6.183098594192415e-05,-3.065617561340332,mat,dlns_lee2023_h12
DLNSModel,RandomWalk,yield,m217,217,12,267,0.015871061012148857,0.007855524308979511,0.010925796814262867,0.006205356679856777,0.0002518905675970018,6.170926644699648e-05,-3.0818920135498047,mat,dlns_lee2023_h12
DLNSModel,RandomWalk,yield,m218,218,12,267,0.015886986628174782,0.007847669534385204,0.010937968268990517,0.006198081653565168,0.00025239636306650937,6.158590986160561e-05,-3.098280906677246,mat,dlns_lee2023_h12
DLNSModel,RandomWalk,yield,m219,219,12,267,0.015902811661362648,0.007839927449822426,0.010949927382171154,0.006190678104758263,0.00025289939367212355,6.146445957710966e-05,-3.11456298828125,mat,dlns_lee2023_h12
DLNSModel,RandomWalk,yield,m220,220,12,267,0.015918554738163948,0.007832510396838188,0.010961920954287052,0.006183180958032608,0.00025340038700960577,6.134822615422308e-05,-3.1305251121520996,mat,dlns_lee2023_h12
DLNSModel,RandomWalk,yield,m221,221,12,267,0.015934238210320473,0.007825578562915325,0.010973669588565826,0.006175635382533073,0.00025389992515556514,6.12396834185347e-05,-3.146003246307373,mat,dlns_lee2023_h12
DLNSModel,RandomWalk,yield,m222,222,12,267,0.015949849039316177,0.007819199934601784,0.0109851760789752,0.006168080493807793,0.00025439768796786666,6.113988638389856e-05,-3.160912036895752,mat,dlns_lee2023_h12
DLNSModel,RandomWalk,yield,m223,223,12,267,0.015965398401021957,0.007813336327672005,0.010997048579156399,0.006160551682114601,0.0002548939373809844,6.104823114583269e-05,-3.1752877235412598,mat,dlns_lee2023_h12
DLNSModel,RandomWalk,yield,m224,224,12,267,0.015980852767825127,0.007807874120771885,0.011011164635419846,0.006153051275759935,0.0002553876838646829,6.096289507695474e-05,-3.1892313957214355,mat,dlns_lee2023_h12
DLNSModel,RandomWalk,yield,m225,225,12,267,0.01599622517824173,0.007802640553563833,0.011026369407773018,0.006145673803985119,0.0002558792184572667,6.088119698688388e-05,-3.2029266357421875,mat,dlns_lee2023_h12
DLNSModel,RandomWalk,yield,m226,226,12,267,0.016011498868465424,0.007797466591000557,0.011041258461773396,0.006138427183032036,0.00025636807549744844,6.080048478906974e-05,-3.2165465354919434,mat,dlns_lee2023_h12
DLNSModel,RandomWalk,yield,m227,227,12,267,0.01602667197585106,0.007792206946760416,0.011056276969611645,0.006131261587142944,0.0002568542258813977,6.071849202271551e-05,-3.2302470207214355,mat,dlns_lee2023_h12
DLNSModel,RandomWalk,yield,m228,228,12,267,0.016041748225688934,0.007786780595779419,0.011071223765611649,0.0061241933144629,0.000257337698712945,6.0633949033217505e-05,-3.244119167327881,mat,dlns_lee2023_h12
DLNSModel,RandomWalk,yield,m229,229,12,267,0.016056716442108154,0.007781155873090029,0.01108612585812807,0.006117222830653191,0.0002578181156422943,6.054639015928842e-05,-3.2581915855407715,mat,dlns_lee2023_h12
DLNSModel,RandomWalk,yield,m230,230,12,267,0.016071531921625137,0.007775349076837301,0.011101515032351017,0.00611037015914917,0.0002582941669970751,6.045605550752953e-05,-3.272428512573242,mat,dlns_lee2023_h12
DLNSModel,RandomWalk,yield,m231,231,12,267,0.01608617790043354,0.007769402582198381,0.011116892099380493,0.006103561259806156,0.00025876512518152595,6.0363614466041327e-05,-3.286773204803467,mat,dlns_lee2023_h12
DLNSModel,RandomWalk,yield,m232,232,12,267,0.016100633889436722,0.007763385307043791,0.011132043786346912,0.00609678216278553,0.00025923040811903775,6.027015479048714e-05,-3.301140785217285,mat,dlns_lee2023_h12
DLNSModel,RandomWalk,yield,m233,233,12,267,0.016114944592118263,0.007757395040243864,0.011147050186991692,0.006090033799409866,0.0002596914127934724,6.017717532813549e-05,-3.3154468536376953,mat,dlns_lee2023_h12
DLNSModel,RandomWalk,yield,m234,234,12,267,0.01612917147576809,0.00775153236463666,0.011161821894347668,0.006083332933485508,0.0002601501764729619,6.0086254961788654e-05,-3.3296122550964355,mat,dlns_lee2023_h12
DLNSModel,RandomWalk,yield,m235,235,12,267,0.01614340953528881,0.007745858281850815,0.011176418513059616,0.00607671495527029,0.00026060969685204327,5.9998317738063633e-05,-3.3436169624328613,mat,dlns_lee2023_h12
DLNSModel,RandomWalk,yield,m236,236,12,267,0.016157668083906174,0.007740366272628307,0.011190839111804962,0.006070206873118877,0.0002610702358651906,5.991327270749025e-05,-3.357469081878662,mat,dlns_lee2023_h12
DLNSModel,RandomWalk,yield,m237,237,12,267,0.016171913594007492,0.007734982296824455,0.011205033399164677,0.006063809152692556,0.000261530774878338,5.982994844089262e-05,-3.3712353706359863,mat,dlns_lee2023_h12
DLNSModel,RandomWalk,yield,m238,238,12,267,0.016186082735657692,0.007729613687843084,0.011218943633139133,0.00605750223621726,0.00026198927662335336,5.974692612653598e-05,-3.384983539581299,mat,dlns_lee2023_h12
DLNSModel,RandomWalk,yield,m239,239,12,267,0.01620011404156685,0.007724184542894363,0.011232822202146053,0.006051265634596348,0.0002624437038321048,5.966302705928683e-05,-3.398766040802002,mat,dlns_lee2023_h12
DLNSModel,RandomWalk,yield,m240,240,12,267,0.01621399261057377,0.0077186468988657,0.011246467009186745,0.006045064423233271,0.00026289356173947453,5.9577512729447335e-05,-3.412630558013916,mat,dlns_lee2023_h12
DLNSModel,RandomWalk,yield,m241,241,12,267,0.016227705404162407,0.007712986320257187,0.011259893886744976,0.006038895808160305,0.00026333844289183617,5.949015758233145e-05,-3.426588535308838,mat,dlns_lee2023_h12
DLNSModel,RandomWalk,yield,m242,242,12,267,0.01624125801026821,0.007707206066697836,0.011273259297013283,0.006032813340425491,0.00026377843460068107,5.9401023463578895e-05,-3.4406380653381348,mat,dlns_lee2023_h12
DLNSModel,RandomWalk,yield,m243,243,12,267,0.016254665330052376,0.007701318711042404,0.011286658234894276,0.006027069874107838,0.00026421411894261837,5.931031046202406e-05,-3.454775333404541,mat,dlns_lee2023_h12
DLNSModel,RandomWalk,yield,m244,244,12,267,0.0162679273635149,0.007695356383919716,0.011300114914774895,0.006021345499902964,0.0002646454668138176,5.921851334278472e-05,-3.4689650535583496,mat,dlns_lee2023_h12
DLNSModel,RandomWalk,yield,m245,245,12,267,0.016281066462397575,0.007689354941248894,0.011314334347844124,0.006015635561197996,0.0002650731476023793,5.912618144066073e-05,-3.4831771850585938,mat,dlns_lee2023_h12
DLNSModel,RandomWalk,yield,m246,246,12,267,0.016294121742248535,0.00768335210159421,0.01132891047745943,0.006009939592331648,0.00026549838366918266,5.903390047024004e-05,-3.4973883628845215,mat,dlns_lee2023_h12
DLNSModel,RandomWalk,yield,m247,247,12,267,0.01630709506571293,0.007677396759390831,0.011343303136527538,0.006004259921610355,0.0002659213205333799,5.894242349313572e-05,-3.5115437507629395,mat,dlns_lee2023_h12
DLNSModel,RandomWalk,yield,m248,248,12,267,0.01632002927362919,0.007671533618122339,0.011357546783983707,0.0059985932894051075,0.00026634338428266346,5.885243081138469e-05,-3.525613784790039,mat,dlns_lee2023_h12
DLNSModel,RandomWalk,yield,m249,249,12,267,0.016332965344190598,0.007665802724659443,0.011371679604053497,0.005992950405925512,0.0002667657390702516,5.876452996744774e-05,-3.5395708084106445,mat,dlns_lee2023_h12
DLNSModel,RandomWalk,yield,m250,250,12,267,0.016345908865332603,0.007660235278308392,0.011385710909962654,0.005987318232655525,0.00026718873414210975,5.8679204812506214e-05,-3.5533804893493652,mat,dlns_lee2023_h12
DLNSModel,RandomWalk,yield,m251,251,12,267,0.016358891502022743,0.007654844783246517,0.011399665847420692,0.005981768481433392,0.0002676133008208126,5.859664815943688e-05,-3.5670409202575684,mat,dlns_lee2023_h12
DLNSModel,RandomWalk,yield,m252,252,12,267,0.016371924430131912,0.007649635896086693,0.011413549073040485,0.005976298823952675,0.00026803993387147784,5.851692912983708e-05,-3.5805535316467285,mat,dlns_lee2023_h12
DLNSModel,RandomWalk,yield,m253,253,12,267,0.016385016962885857,0.007644590921700001,0.011427356861531734,0.00597115233540535,0.00026846880791708827,5.843977123731747e-05,-3.593940258026123,mat,dlns_lee2023_h12
DLNSModel,RandomWalk,yield,m254,254,12,267,0.016398167237639427,0.007639686111360788,0.011441096663475037,0.005965973250567913,0.0002688998938538134,5.8364803408039734e-05,-3.607226848602295,mat,dlns_lee2023_h12
DLNSModel,RandomWalk,yield,m255,255,12,267,0.01641138084232807,0.007634876295924187,0.011454745195806026,0.005960734561085701,0.00026933339540846646,5.829133442603052e-05,-3.6204705238342285,mat,dlns_lee2023_h12
DLNSModel,RandomWalk,yield,m256,256,12,267,0.0164246316999197,0.007630115374922752,0.011468291282653809,0.005955416709184647,0.0002697685267776251,5.8218658523401245e-05,-3.6337122917175293,mat,dlns_lee2023_h12
DLNSModel,RandomWalk,yield,m257,257,12,267,0.016437921673059464,0.00762534886598587,0.01148192211985588,0.005949995014816523,0.0002702052879612893,5.8145942603005096e-05,-3.6470189094543457,mat,dlns_lee2023_h12
DLNSModel,RandomWalk,yield,m258,258,12,267,0.01645122841000557,0.007620529737323523,0.011495798826217651,0.005944453179836273,0.0002706429222598672,5.807247362099588e-05,-3.660433769226074,mat,dlns_lee2023_h12
DLNSModel,RandomWalk,yield,m259,259,12,267,0.016464531421661377,0.007615610025823116,0.011509515345096588,0.005938767921179533,0.0002710808184929192,5.799751670565456e-05,-3.6740074157714844,mat,dlns_lee2023_h12
DLNSModel,RandomWalk,yield,m260,260,12,267,0.016477810218930244,0.007610548287630081,0.011523044668138027,0.005932936444878578,0.0002715182490646839,5.7920442486647516e-05,-3.687779426574707,mat,dlns_lee2023_h12
DLNSModel,RandomWalk,yield,m261,261,12,267,0.016491061076521873,0.007605320308357477,0.011536378413438797,0.005926940124481916,0.0002719550975598395,5.7840898080030456e-05,-3.7017784118652344,mat,dlns_lee2023_h12
DLNSModel,RandomWalk,yield,m262,262,12,267,0.016504261642694473,0.007599904201924801,0.011549501679837704,0.00592077849432826,0.00027239066548645496,5.775854515377432e-05,-3.7160234451293945,mat,dlns_lee2023_h12
DLNSModel,RandomWalk,yield,m263,263,12,267,0.016517402604222298,0.007594299502670765,0.011562403291463852,0.00591445155441761,0.0002728245744947344,5.767338734585792e-05,-3.730510711669922,mat,dlns_lee2023_h12
DLNSModel,RandomWalk,yield,m264,264,12,267,0.016530482098460197,0.007588507141917944,0.011575073935091496,0.005907963961362839,0.0002732568245846778,5.758544284617528e-05,-3.745241165161133,mat,dlns_lee2023_h12
DLNSModel,RandomWalk,yield,m265,265,12,267,0.016543501988053322,0.007582543417811394,0.011587503366172314,0.005901326425373554,0.0002736874739639461,5.7494962675264105e-05,-3.7601990699768066,mat,dlns_lee2023_h12
DLNSModel,RandomWalk,yield,m266,266,12,267,0.01655646041035652,0.007576429285109043,0.01160062849521637,0.0058945524506270885,0.000274116377113387,5.740227788919583e-05,-3.775357246398926,mat,dlns_lee2023_h12
DLNSModel,RandomWalk,yield,m267,267,12,267,0.016569361090660095,0.0075701940804719925,0.011614018119871616,0.005887658800929785,0.00027454373775981367,5.7307839597342536e-05,-3.7906837463378906,mat,dlns_lee2023_h12
DLNSModel,RandomWalk,yield,m268,268,12,267,0.016582217067480087,0.007563869468867779,0.011627226136624813,0.005880671553313732,0.0002749699051491916,5.721212437492795e-05,-3.806147575378418,mat,dlns_lee2023_h12
DLNSModel,RandomWalk,yield,m269,269,12,267,0.016595039516687393,0.007557484321296215,0.011640507727861404,0.005873600486665964,0.0002753953158389777,5.711557241738774e-05,-3.8217201232910156,mat,dlns_lee2023_h12
DLNSModel,RandomWalk,yield,m270,270,12,267,0.016607830300927162,0.007551075424998999,0.01165358629077673,0.005866714287549257,0.00027582005714066327,5.701874033547938e-05,-3.837357997894287,mat,dlns_lee2023_h12
DLNSModel,RandomWalk,yield,m271,271,12,267,0.016620595008134842,0.007544670719653368,0.011666450649499893,0.005859818775206804,0.00027624418726190925,5.69220537727233e-05,-3.853025436401367,mat,dlns_lee2023_h12
DLNSModel,RandomWalk,yield,m272,272,12,267,0.016633352264761925,0.007538304664194584,0.011679115705192089,0.005852920934557915,0.0002766684046946466,5.682603659806773e-05,-3.8686909675598145,mat,dlns_lee2023_h12
DLNSModel,RandomWalk,yield,m273,273,12,267,0.016646094620227814,0.007532010320574045,0.011691580526530743,0.005846036598086357,0.00027709247660823166,5.6731176300672814e-05,-3.8843069076538086,mat,dlns_lee2023_h12
DLNSModel,RandomWalk,yield,m274,274,12,267,0.016658831387758255,0.007525820285081863,0.011703935451805592,0.005839191377162933,0.00027751666493713856,5.663796764565632e-05,-3.899834632873535,mat,dlns_lee2023_h12
DLNSModel,RandomWalk,yield,m275,275,12,267,0.016671566292643547,0.007519765757024288,0.011716576293110847,0.0058324155397713184,0.00027794114430435,5.6546879932284355e-05,-3.915234088897705,mat,dlns_lee2023_h12
DLNSModel,RandomWalk,yield,m276,276,12,267,0.01668429747223854,0.007513883989304304,0.011729088611900806,0.005825733300298452,0.00027836576919071376,5.645845158142038e-05,-3.930453300476074,mat,dlns_lee2023_h12
DLNSModel,RandomWalk,yield,m277,277,12,267,0.016697026789188385,0.007508206181228161,0.011741412803530693,0.005819166544824839,0.00027879071421921253,5.637315916828811e-05,-3.945451259613037,mat,dlns_lee2023_h12
DLNSModel,RandomWalk,yield,m278,278,12,267,0.016709759831428528,0.007502760272473097,0.011753562837839127,0.005812747869640589,0.00027921609580516815,5.6291410146513954e-05,-3.9601902961730957,mat,dlns_lee2023_h12
DLNSModel,RandomWalk,yield,m279,279,12,267,0.016722487285733223,0.007497571874409914,0.011765528470277786,0.005806495435535908,0.0002796415938064456,5.621358650387265e-05,-3.9746265411376953,mat,dlns_lee2023_h12
DLNSModel,RandomWalk,yield,m280,280,12,267,0.016735201701521873,0.007492654491215944,0.011777317151427269,0.005800451617687941,0.0002800669753924012,5.613987013930455e-05,-3.9887356758117676,mat,dlns_lee2023_h12
DLNSModel,RandomWalk,yield,m281,281,12,267,0.016747912392020226,0.0074880230240523815,0.011789007112383842,0.005794892553240061,0.0002804925898090005,5.6070486607495695e-05,-4.002499580383301,mat,dlns_lee2023_h12
DLNSModel,RandomWalk,yield,m282,282,12,267,0.016760600730776787,0.007483679801225662,0.011800824664533138,0.005789575632661581,0.00028091773856431246,5.6005465012276545e-05,-4.015898704528809,mat,dlns_lee2023_h12
DLNSModel,RandomWalk,yield,m283,283,12,267,0.016773253679275513,0.007479619234800339,0.011812807992100716,0.005784506909549236,0.0002813420433085412,5.5944707128219306e-05,-4.0289306640625,mat,dlns_lee2023_h12
DLNSModel,RandomWalk,yield,m284,284,12,267,0.016785865649580956,0.007475833408534527,0.011824611574411392,0.005779752042144537,0.000281765271211043,5.5888081988086924e-05,-4.041598320007324,mat,dlns_lee2023_h12
DLNSModel,RandomWalk,yield,m285,285,12,267,0.016798438504338264,0.0074723041616380215,0.011836334131658077,0.005775269586592913,0.0002821875095833093,5.583532765740529e-05,-4.053924083709717,mat,dlns_lee2023_h12
DLNSModel,RandomWalk,yield,m286,286,12,267,0.016810942441225052,0.00746901286765933,0.011848218739032745,0.005771027412265539,0.00028260776889510453,5.578615309786983e-05,-4.065912246704102,mat,dlns_lee2023_h12
DLNSModel,RandomWalk,yield,m287,287,12,267,0.016823383048176765,0.007465926930308342,0.011859837919473648,0.005767043214291334,0.00028302622376941144,5.5740063544362783e-05,-4.077608585357666,mat,dlns_lee2023_h12
DLNSModel,RandomWalk,yield,m288,288,12,267,0.016835737973451614,0.007463024463504553,0.011871197260916233,0.005763251334428787,0.0002834420884028077,5.569673521677032e-05,-4.089025020599365,mat,dlns_lee2023_h12
DLNSModel,RandomWalk,yield,m289,289,12,267,0.01684800535440445,0.007460275199264288,0.011882263235747814,0.005759633146226406,0.00028385527548380196,5.565570609178394e-05,-4.100200653076172,mat,dlns_lee2023_h12
DLNSModel,RandomWalk,yield,m290,290,12,267,0.016860157251358032,0.007457644212990999,0.011893011629581451,0.005756182596087456,0.0002842649118974805,5.5616459576413035e-05,-4.1111650466918945,mat,dlns_lee2023_h12
DLNSModel,RandomWalk,yield,m291,291,12,267,0.016872188076376915,0.007455101702362299,0.01190343126654625,0.005752974655479193,0.0002846707066055387,5.557854092330672e-05,-4.12195348739624,mat,dlns_lee2023_h12
DLNSModel,RandomWalk,yield,m292,292,12,267,0.016884075477719307,0.007452618330717087,0.011913493275642395,0.005749860778450966,0.00028507199021987617,5.5541517212986946e-05,-4.132592678070068,mat,dlns_lee2023_h12
DLNSModel,RandomWalk,yield,m293,293,12,267,0.016895800828933716,0.007450158707797527,0.011923467740416527,0.00574689032509923,0.00028546806424856186,5.55048645765055e-05,-4.143117904663086,mat,dlns_lee2023_h12
DLNSModel,RandomWalk,yield,m294,294,12,267,0.016907338052988052,0.007447693031281233,0.011933041736483574,0.0057440102100372314,0.0002858580555766821,5.546813190449029e-05,-4.153554916381836,mat,dlns_lee2023_h12
DLNSModel,RandomWalk,yield,m295,295,12,267,0.016918674111366272,0.007445191964507103,0.011942175216972828,0.005741141736507416,0.00028624152764678,5.543088627746329e-05,-4.163935661315918,mat,dlns_lee2023_h12
DLNSModel,RandomWalk,yield,m296,296,12,267,0.01692979782819748,0.007442626170814037,0.011950871907174587,0.00573825603350997,0.00028661807300522923,5.5392687499988824e-05,-4.174294471740723,mat,dlns_lee2023_h12
DLNSModel,RandomWalk,yield,m297,297,12,267,0.016940677538514137,0.007439970038831234,0.011959103867411613,0.005735340062528849,0.0002869865274988115,5.535315358429216e-05,-4.1846466064453125,mat,dlns_lee2023_h12
DLNSModel,RandomWalk,yield,m298,298,12,267,0.01695130579173565,0.007437201216816902,0.011967318132519722,0.005732383579015732,0.00028734677471220493,5.5311964388238266e-05,-4.1950201988220215,mat,dlns_lee2023_h12
DLNSModel,RandomWalk,yield,m299,299,12,267,0.01696166768670082,0.007434305734932423,0.011975115165114403,0.00572945037856698,0.00028769817436113954,5.526890163309872e-05,-4.20542573928833,mat,dlns_lee2023_h12
DLNSModel,RandomWalk,yield,m300,300,12,267,0.016971763223409653,0.007431275211274624,0.011982620693743229,0.005726513918489218,0.0002880407264456153,5.52238489035517e-05,-4.215875625610352,mat,dlns_lee2023_h12
DLNSModel,RandomWalk,yield,m301,301,12,267,0.01698158122599125,0.0074281045235693455,0.011989904567599297,0.005723536480218172,0.0002883741108234972,5.517673344002105e-05,-4.226371765136719,mat,dlns_lee2023_h12
DLNSModel,RandomWalk,yield,m302,302,12,267,0.01699112169444561,0.0074247983284294605,0.011996826156973839,0.0057205138728022575,0.0002886982401832938,5.5127631640061736e-05,-4.236906051635742,mat,dlns_lee2023_h12
DLNSModel,RandomWalk,yield,m303,303,12,267,0.01700039766728878,0.007421374320983887,0.012003605253994465,0.0057174512185156345,0.00028901349287480116,5.5076794524211437e-05,-4.247463703155518,mat,dlns_lee2023_h12
DLNSModel,RandomWalk,yield,m304,304,12,267,0.017009416595101357,0.007417852524667978,0.012010139413177967,0.00571436295285821,0.0002893202763516456,5.5024534958647564e-05,-4.258023262023926,mat,dlns_lee2023_h12
DLNSModel,RandomWalk,yield,m305,305,12,267,0.017018212005496025,0.007414266932755709,0.012016436085104942,0.005711252335458994,0.0002896195219364017,5.497135134646669e-05,-4.268553733825684,mat,dlns_lee2023_h12
DLNSModel,RandomWalk,yield,m306,306,12,267,0.017026809975504875,0.007410657592117786,0.012022529728710651,0.005708139855414629,0.00028991224826313555,5.4917843954171985e-05,-4.279017448425293,mat,dlns_lee2023_h12
DLNSModel,RandomWalk,yield,m307,307,12,267,0.01703525148332119,0.007407067809253931,0.012028475292026997,0.005705035291612148,0.00029019982321187854,5.4864656704012305e-05,-4.289376258850098,mat,dlns_lee2023_h12
DLNSModel,RandomWalk,yield,m308,308,12,267,0.0170435830950737,0.007403552532196045,0.012034321203827858,0.005701955407857895,0.0002904837019741535,5.481258995132521e-05,-4.299580097198486,mat,dlns_lee2023_h12
DLNSModel,RandomWalk,yield,m309,309,12,267,0.017051849514245987,0.007400153204798698,0.012040143832564354,0.0056989118456840515,0.00029076554346829653,5.476226579048671e-05,-4.309596538543701,mat,dlns_lee2023_h12
DLNSModel,RandomWalk,yield,m310,310,12,267,0.017060112208127975,0.007396923378109932,0.01204607542604208,0.005696095991879702,0.00029104744317010045,5.471447730087675e-05,-4.3193864822387695,mat,dlns_lee2023_h12
DLNSModel,RandomWalk,yield,m311,311,12,267,0.017068425193428993,0.007393889594823122,0.012052115052938461,0.005693567916750908,0.00029133111820556223,5.4669602832291275e-05,-4.328941345214844,mat,dlns_lee2023_h12
DLNSModel,RandomWalk,yield,m312,312,12,267,0.01707686111330986,0.007391086779534817,0.012058290652930737,0.005691089201718569,0.00029161921702325344,5.4628162615699694e-05,-4.338257789611816,mat,dlns_lee2023_h12
DLNSModel,RandomWalk,yield,m313,313,12,267,0.017085472121834755,0.007388527039438486,0.012064642272889614,0.005688675679266453,0.00029191336943767965,5.4590334912063554e-05,-4.347345352172852,mat,dlns_lee2023_h12
DLNSModel,RandomWalk,yield,m314,314,12,267,0.017094286158680916,0.007386215031147003,0.012071216478943825,0.00568661093711853,0.00029221459408290684,5.4556170653086156e-05,-4.356215476989746,mat,dlns_lee2023_h12
DLNSModel,RandomWalk,yield,m315,315,12,267,0.017103370279073715,0.007384139578789473,0.012078034691512585,0.00568485027179122,0.0002925252774730325,5.45255170436576e-05,-4.364924430847168,mat,dlns_lee2023_h12
DLNSModel,RandomWalk,yield,m316,316,12,267,0.017112741246819496,0.007382282055914402,0.012085127644240856,0.00568332988768816,0.00029284588526934385,5.449808668345213e-05,-4.373507499694824,mat,dlns_lee2023_h12
DLNSModel,RandomWalk,yield,m317,317,12,267,0.017122413963079453,0.007380609400570393,0.012092494405806065,0.005681780166924,0.000293177057756111,5.447339208330959e-05,-4.382023334503174,mat,dlns_lee2023_h12
DLNSModel,RandomWalk,yield,m318,318,12,267,0.017132392153143883,0.007379085756838322,0.012100135907530785,0.00568019226193428,0.00029351888224482536,5.4450909374281764e-05,-4.3905229568481445,mat,dlns_lee2023_h12
DLNSModel,RandomWalk,yield,m319,319,12,267,0.01714267022907734,0.007377670146524906,0.012108039110898972,0.0056785340420901775,0.00029387115500867367,5.4430016461992636e-05,-4.399064064025879,mat,dlns_lee2023_h12
DLNSModel,RandomWalk,yield,m320,320,12,267,0.017153216525912285,0.007376320194453001,0.01211627759039402,0.005676770582795143,0.0002942328283097595,5.4410102166002616e-05,-4.407687664031982,mat,dlns_lee2023_h12
DLNSModel,RandomWalk,yield,m321,321,12,267,0.017163997516036034,0.007374994922429323,0.012125075794756413,0.0056748720817267895,0.00029460282530635595,5.43905480299145e-05,-4.416434288024902,mat,dlns_lee2023_h12
DLNSModel,RandomWalk,yield,m322,322,12,267,0.017174966633319855,0.007373666390776634,0.012134048156440258,0.00567281898111105,0.000294979487080127,5.43709538760595e-05,-4.425313949584961,mat,dlns_lee2023_h12
DLNSModel,RandomWalk,yield,m323,323,12,267,0.01718607358634472,0.0073723155073821545,0.012143123894929886,0.005670774728059769,0.0002953610965050757,5.4351035942090675e-05,-4.434323310852051,mat,dlns_lee2023_h12
DLNSModel,RandomWalk,yield,m324,324,12,267,0.017197253182530403,0.007370930630713701,0.012152286246418953,0.005668636877089739,0.00029574549989774823,5.433061596704647e-05,-4.443440914154053,mat,dlns_lee2023_h12
DLNSModel,RandomWalk,yield,m325,325,12,267,0.017208443954586983,0.0073695192113518715,0.01216146070510149,0.005666390992701054,0.00029613051447086036,5.430981036624871e-05,-4.452615737915039,mat,dlns_lee2023_h12
DLNSModel,RandomWalk,yield,m326,326,12,267,0.017219606786966324,0.007368092425167561,0.012170635163784027,0.005663958378136158,0.00029651488875970244,5.428878648672253e-05,-4.4618072509765625,mat,dlns_lee2023_h12
DLNSModel,RandomWalk,yield,m327,327,12,267,0.017230674624443054,0.007366678677499294,0.012179747223854065,0.005661459639668465,0.00029689614893868566,5.4267951782094315e-05,-4.4709296226501465,mat,dlns_lee2023_h12
DLNSModel,RandomWalk,yield,m328,328,12,267,0.01724160648882389,0.007365309167653322,0.012188763357698917,0.005658875219523907,0.00029727298533543944,5.424777918960899e-05,-4.479910850524902,mat,dlns_lee2023_h12
DLNSModel,RandomWalk,yield,m329,329,12,267,0.017252374440431595,0.007364022079855204,0.012197662144899368,0.005656165536493063,0.00029764443752355874,5.422881804406643e-05,-4.48867654800415,mat,dlns_lee2023_h12
DLNSModel,RandomWalk,yield,m330,330,12,267,0.017262965440750122,0.007362851873040199,0.0122064258903265,0.005653363186866045,0.00029800995253026485,5.4211584938457236e-05,-4.497163772583008,mat,dlns_lee2023_h12
DLNSModel,RandomWalk,yield,m331,331,12,267,0.017273366451263428,0.007361837197095156,0.012215047143399715,0.005650521721690893,0.0002983691811095923,5.419664375949651e-05,-4.505307197570801,mat,dlns_lee2023_h12
DLNSModel,RandomWalk,yield,m332,332,12,267,0.017283586785197258,0.007361012510955334,0.012223520316183567,0.0056477878242731094,0.0002987223560921848,5.4184503824217245e-05,-4.513058662414551,mat,dlns_lee2023_h12
DLNSModel,RandomWalk,yield,m333,333,12,267,0.017293641343712807,0.0073603973723948,0.012231853790581226,0.00564532820135355,0.0002990700595546514,5.4175448894966394e-05,-4.520398139953613,mat,dlns_lee2023_h12
DLNSModel,RandomWalk,yield,m334,334,12,267,0.01730355992913246,0.007360017392784357,0.012240037322044373,0.005642988253384829,0.00029941319371573627,5.416985368356109e-05,-4.527303218841553,mat,dlns_lee2023_h12
DLNSModel,RandomWalk,yield,m335,335,12,267,0.017313357442617416,0.0073598758317530155,0.01224808394908905,0.005640857387334108,0.0002997523406520486,5.416776912170462e-05,-4.533776760101318,mat,dlns_lee2023_h12
DLNSModel,RandomWalk,yield,m336,336,12,267,0.017323067411780357,0.007359982468187809,0.01225600391626358,0.005638946779072285,0.00030008869362063706,5.4169344366528094e-05,-4.539824962615967,mat,dlns_lee2023_h12
DLNSModel,RandomWalk,yield,m337,337,12,267,0.017332715913653374,0.00736033171415329,0.012263795360922813,0.005637264344841242,0.00030042306752875447,5.4174484830582514e-05,-4.545471668243408,mat,dlns_lee2023_h12
DLNSModel,RandomWalk,yield,m338,338,12,267,0.01734231598675251,0.007360917516052723,0.012271475978195667,0.005635824054479599,0.0003007558989338577,5.418310684035532e-05,-4.550731658935547,mat,dlns_lee2023_h12
DLNSModel,RandomWalk,yield,m339,339,12,267,0.017351899296045303,0.007361730560660362,0.012279057875275612,0.005634643137454987,0.00030108841019682586,5.4195075790630654e-05,-4.5556416511535645,mat,dlns_lee2023_h12
DLNSModel,RandomWalk,yield,m340,340,12,267,0.0173614714294672,0.007362763397395611,0.012286536395549774,0.005633706226944923,0.00030142071773298085,5.4210286180023104e-05,-4.5602126121521,mat,dlns_lee2023_h12
DLNSModel,RandomWalk,yield,m341,341,12,267,0.0173710398375988,0.0073640001937747,0.012293929234147072,0.005633100401610136,0.0003017529961653054,5.422850153991021e-05,-4.564472198486328,mat,dlns_lee2023_h12
DLNSModel,RandomWalk,yield,m342,342,12,267,0.0173806045204401,0.007365424185991287,0.012301260605454445,0.005633360706269741,0.00030208539101295173,5.424947084975429e-05,-4.568448543548584,mat,dlns_lee2023_h12
DLNSModel,RandomWalk,yield,m343,343,12,267,0.017390167340636253,0.007367009297013283,0.012308529578149319,0.005633784923702478,0.00030241793137975037,5.427282303571701e-05,-4.572179794311523,mat,dlns_lee2023_h12
DLNSModel,RandomWalk,yield,m344,344,12,267,0.017399730160832405,0.007368727587163448,0.012315751984715462,0.005634329281747341,0.00030275058816187084,5.429814336821437e-05,-4.575707912445068,mat,dlns_lee2023_h12
DLNSModel,RandomWalk,yield,m345,345,12,267,0.017409276217222214,0.007370552513748407,0.012322927825152874,0.005634951870888472,0.0003030829248018563,5.432504622149281e-05,-4.57906436920166,mat,dlns_lee2023_h12
DLNSModel,RandomWalk,yield,m346,346,12,267,0.017418809235095978,0.007372448220849037,0.012330282479524612,0.005635601002722979,0.0003034149412997067,5.435299317468889e-05,-4.582304000854492,mat,dlns_lee2023_h12
DLNSModel,RandomWalk,yield,m347,347,12,267,0.01742831990122795,0.007374382112175226,0.012337838299572468,0.005636326503008604,0.00030374631751328707,5.438151492853649e-05,-4.585469722747803,mat,dlns_lee2023_h12
DLNSModel,RandomWalk,yield,m348,348,12,267,0.017437780275940895,0.0073763225227594376,0.012346015311777592,0.0056371563114225864,0.00030407620943151414,5.441013490781188e-05,-4.588594913482666,mat,dlns_lee2023_h12
DLNSModel,RandomWalk,yield,m349,349,12,267,0.01744719035923481,0.007378235924988985,0.012354137375950813,0.005637886468321085,0.0003044044424314052,5.443836562335491e-05,-4.591726303100586,mat,dlns_lee2023_h12
DLNSModel,RandomWalk,yield,m350,350,12,267,0.017456524074077606,0.007380096707493067,0.012362182140350342,0.005638479720801115,0.0003047302016057074,5.446582508739084e-05,-4.594888210296631,mat,dlns_lee2023_h12
DLNSModel,RandomWalk,yield,m351,351,12,267,0.017465787008404732,0.007381866220384836,0.012370122596621513,0.005638908129185438,0.00030505371978506446,5.4491949413204566e-05,-4.598143100738525,mat,dlns_lee2023_h12
DLNSModel,RandomWalk,yield,m352,352,12,267,0.017474964261054993,0.0073835114017128944,0.012377944774925709,0.0056391265243291855,0.00030537438578903675,5.4516243835678324e-05,-4.601530075073242,mat,dlns_lee2023_h12
DLNSModel,RandomWalk,yield,m353,353,12,267,0.017484046518802643,0.0073850019834935665,0.012385625392198563,0.0056391190737485886,0.00030569187947548926,5.453825360746123e-05,-4.605091094970703,mat,dlns_lee2023_h12
DLNSModel,RandomWalk,yield,m354,354,12,267,0.01749306172132492,0.007386291399598122,0.012393288314342499,0.005638848524540663,0.0003060071903746575,5.455730206449516e-05,-4.608913421630859,mat,dlns_lee2023_h12
DLNSModel,RandomWalk,yield,m355,355,12,267,0.01750200055539608,0.007387341465801001,0.012401084415614605,0.005638283211737871,0.00030632002744823694,5.457281076814979e-05,-4.613051891326904,mat,dlns_lee2023_h12
DLNSModel,RandomWalk,yield,m356,356,12,267,0.017510872334241867,0.007388105150312185,0.012409077025949955,0.00563739612698555,0.0003066306817345321,5.458409577840939e-05,-4.61758279800415,mat,dlns_lee2023_h12
DLNSModel,RandomWalk,yield,m357,357,12,267,0.01751968450844288,0.007388532627373934,0.012416928075253963,0.005636145360767841,0.00030693935696035624,5.459041494759731e-05,-4.622587203979492,mat,dlns_lee2023_h12
DLNSModel,RandomWalk,yield,m358,358,12,267,0.01752845197916031,0.007388578727841377,0.012424642220139503,0.005634516477584839,0.00030724663520231843,5.459109888761304e-05,-4.628145217895508,mat,dlns_lee2023_h12
DLNSModel,RandomWalk,yield,m359,359,12,267,0.017537156119942665,0.007388204801827669,0.012432192452251911,0.005632607266306877,0.00030755181796848774,5.4585569159826264e-05,-4.63430643081665,mat,dlns_lee2023_h12
DLNSModel,RandomWalk,yield,m360,360,12,267,0.017545824870467186,0.007387381512671709,0.012439587153494358,0.005630282685160637,0.0003078559529967606,5.4573407396674156e-05,-4.641134738922119,mat,dlns_lee2023_h12
DLNSModel,RandomWalk,yield_agg,ALL,-1,12,267,0.021294713020324707,0.008516139350831509,0.015255527570843697,0.006582104600965977,0.0005637856083922088,7.480964268324897e-05,-6.536268711090088,mat,dlns_lee2023_h12
