Time,xr_2,xr_3,xr_4,xr_5,xr_6,xr_7,xr_8,xr_9,xr_10
197301,0.3575,0.4899,0.3327,0.8197,1.1587,0.233,-1.1946,-2.5892,-3.8583
197302,0.1993,0.5266,0.4433,1.1547,1.673,0.7958,-0.6769,-2.3374,-4.0274
197303,1.0155,1.6771,1.4804,2.2964,2.3821,0.9055,-1.0927,-3.1966,-5.2839
197304,0.9514,1.3374,1.2745,2.0842,2.185,0.8608,-0.8833,-2.7214,-4.5334
197305,1.2496,2.1942,2.0397,2.9497,2.8262,1.2322,-0.6626,-2.5857,-4.4863
197306,1.5347,2.3493,1.9301,2.6619,1.8711,0.0553,-2.1252,-4.533,-7.0479
197307,1.6722,3.2574,2.7215,3.3616,2.0319,0.0823,-2.2152,-5.033,-8.223
197308,0.6635,2.7432,2.4665,2.4763,0.4223,-1.3153,-3.3674,-5.8805,-8.5594
197309,0.0587,1.6111,1.5039,1.2711,-0.0514,-1.0502,-2.3935,-4.1445,-6.0216
197310,-0.1359,1.0064,0.9504,0.6672,-0.4007,-1.1176,-2.0832,-3.4278,-4.9566
197311,-0.2814,1.5794,1.5458,0.9995,-0.5326,-1.4199,-2.2295,-3.3849,-4.8586
197312,-0.5057,0.9542,0.8571,0.3154,-0.9283,-1.6667,-2.2864,-3.1263,-4.2331
197401,-0.433,0.6283,0.4053,-0.2673,-1.4042,-2.1794,-2.7178,-3.2749,-4.03
197402,-0.3203,0.6788,0.5674,-0.0709,-1.1514,-1.9299,-2.5311,-3.1804,-3.9731
197403,-0.7711,-0.2281,-0.5678,-1.4175,-2.6187,-3.5891,-4.2033,-4.8327,-5.6556
197404,-1.4092,-1.1849,-1.8858,-3.0042,-4.3762,-5.4848,-6.0838,-6.6561,-7.4384
197405,-1.5706,-1.856,-2.646,-3.6638,-4.828,-5.7242,-6.1803,-6.5969,-7.1479
197406,-1.6051,-2.1288,-3.0133,-4.0762,-5.3326,-6.285,-6.7483,-7.0361,-7.4009
197407,-1.307,-1.8783,-2.6906,-3.6366,-4.7114,-5.5988,-6.1441,-6.5022,-6.7782
197408,-1.9845,-2.9663,-4.107,-5.2298,-6.6406,-7.7641,-8.2219,-8.3999,-8.6686
197409,-1.4159,-2.1624,-2.9587,-3.8114,-4.7001,-5.405,-5.8692,-6.2117,-6.5156
197410,-1.4432,-2.062,-2.8117,-3.634,-4.5962,-5.6171,-6.2301,-6.5287,-6.7655
197411,-1.4986,-2.1131,-2.8795,-3.626,-4.5201,-5.2736,-5.7191,-6.0766,-6.2895
197412,-1.1873,-1.8127,-2.541,-3.2901,-4.104,-4.7332,-5.1233,-5.411,-5.5509
197501,-0.8901,-1.1533,-1.4628,-1.7079,-1.9869,-2.4461,-3.0755,-3.5474,-3.8571
197502,-0.933,-1.1743,-1.4475,-1.6131,-1.6274,-1.9752,-2.6176,-3.1206,-3.4504
197503,-0.882,-1.093,-1.3617,-1.5985,-1.7576,-2.1334,-2.8468,-3.3565,-3.6408
197504,-0.8855,-1.026,-1.3014,-1.6015,-1.8991,-2.4066,-3.1401,-3.5858,-3.7619
197505,-0.9164,-1.0277,-1.262,-1.4421,-1.3818,-1.6659,-2.0906,-2.436,-2.6826
197506,-0.864,-1.0972,-1.4316,-1.789,-2.0353,-2.5252,-2.9376,-3.1506,-3.2443
197507,-0.8205,-1.0485,-1.4284,-1.8574,-2.2307,-2.7755,-3.1883,-3.3757,-3.4502
197508,-0.8057,-1.0595,-1.4332,-1.8413,-2.2007,-2.6334,-3.0505,-3.2819,-3.3935
197509,-0.8324,-1.0468,-1.4073,-1.8076,-2.1141,-2.5304,-2.9648,-3.2151,-3.3499
197510,-0.906,-1.0208,-1.2728,-1.4778,-1.5306,-1.8575,-2.2717,-2.5923,-2.7764
197511,-0.8954,-1.0037,-1.274,-1.5024,-1.6094,-1.9689,-2.4279,-2.7674,-2.9643
197512,-0.8113,-0.9591,-1.2176,-1.4238,-1.5287,-1.8859,-2.3481,-2.702,-2.9075
197601,-0.7237,-0.7954,-0.9806,-1.0453,-1.105,-1.4141,-1.9914,-2.4638,-2.748
197602,-0.6179,-0.7395,-1.0161,-1.171,-1.3444,-1.749,-2.3842,-2.8542,-3.1565
197603,-0.5139,-0.6176,-0.8488,-0.9901,-1.1938,-1.6,-2.3054,-2.8224,-3.1699
197604,-0.3254,-0.4139,-0.6241,-0.7252,-0.9608,-1.3784,-2.1508,-2.7185,-3.1123
197605,-0.2579,-0.3898,-0.6347,-0.8941,-1.2372,-1.6134,-2.3563,-2.8615,-3.2293
197606,-0.2079,-0.3183,-0.52,-0.7107,-0.95,-1.364,-2.1306,-2.6362,-2.9933
197607,-0.1082,-0.1554,-0.3003,-0.4188,-0.5692,-1.0151,-1.8126,-2.3355,-2.6829
197608,-0.0365,-0.0696,-0.149,-0.2723,-0.4347,-0.8327,-1.5851,-2.083,-2.4027
197609,0.0347,0.0566,0.0189,-0.1054,-0.2319,-0.5618,-1.3063,-1.7988,-2.1057
197610,0.1332,0.1839,0.2274,0.1404,0.1415,-0.0724,-0.7599,-1.1799,-1.4128
197611,0.193,0.279,0.3615,0.354,0.5877,0.4592,-0.0757,-0.3481,-0.4688
197612,0.2774,0.5136,0.6837,0.7946,1.0091,0.8018,0.227,-0.0764,-0.2167
197701,0.369,0.6701,0.9086,0.9535,1.0279,0.6707,0.055,-0.2303,-0.4533
197702,0.4327,0.8171,1.1624,1.3095,1.435,1.1103,0.4828,0.1784,-0.0431
197703,0.5108,0.9431,1.3199,1.498,1.713,1.4833,0.9227,0.5984,0.3552
197704,0.5231,0.8848,1.2758,1.3618,1.5443,1.3785,0.9044,0.6564,0.4492
197705,0.3774,0.6307,0.9252,0.9782,1.0491,0.865,0.4744,0.284,0.0786
197706,0.4119,0.615,0.9169,0.9516,1.0795,1.0402,0.7464,0.6091,0.5317
197707,0.3363,0.4956,0.6951,0.643,0.6694,0.5272,0.1713,-0.0121,-0.1178
197708,0.245,0.4208,0.4573,0.3512,0.2528,0.0958,-0.1465,-0.2374,-0.3227
197709,0.2132,0.2463,0.191,0.0601,-0.1038,-0.3261,-0.6301,-0.7654,-0.8698
197710,0.2399,0.2848,0.2179,-0.0101,-0.211,-0.5232,-0.8779,-1.048,-1.1871
197711,0.2141,0.2251,0.1337,-0.0606,-0.2796,-0.567,-0.8576,-0.9716,-1.0756
197712,0.1754,0.2497,0.2223,0.0698,-0.13,-0.3915,-0.6843,-0.806,-0.9031
197801,0.1667,0.1825,0.1061,-0.121,-0.3384,-0.627,-0.9679,-1.1299,-1.2568
197802,0.2049,0.2567,0.1746,-0.0247,-0.2706,-0.534,-0.8961,-1.0937,-1.2562
197803,0.2046,0.1979,0.0837,-0.1249,-0.3704,-0.6494,-1.0283,-1.2431,-1.4332
197804,0.2044,0.1468,-0.0115,-0.2942,-0.5242,-0.8299,-1.2133,-1.4294,-1.6253
197805,0.0803,-0.058,-0.2708,-0.5443,-0.8565,-1.2355,-1.604,-1.8138,-2.0322
197806,0.0161,-0.1705,-0.467,-0.8405,-1.2321,-1.6507,-2.0134,-2.2227,-2.4514
197807,-0.0315,-0.2483,-0.5931,-0.9398,-1.3206,-1.7585,-2.1589,-2.3874,-2.6236
197808,-0.1484,-0.4704,-0.7917,-1.1917,-1.6496,-2.1601,-2.5783,-2.8198,-3.0715
197809,-0.3475,-0.8431,-1.2442,-1.6997,-2.1907,-2.7286,-3.0882,-3.2792,-3.502
197810,-0.5123,-1.0334,-1.5449,-2.3036,-2.9932,-3.6474,-3.9958,-4.1614,-4.3854
197811,-0.6426,-1.5018,-2.1877,-2.9344,-3.6449,-4.328,-4.6294,-4.7349,-4.9325
197812,-0.6981,-1.5451,-2.3291,-3.1083,-3.9189,-4.6804,-4.9885,-5.0871,-5.2831
197901,-0.6838,-1.6071,-2.323,-3.0014,-3.6914,-4.3889,-4.6894,-4.7811,-4.9707
197902,-0.6493,-1.5815,-2.1243,-2.7829,-3.5366,-4.2125,-4.537,-4.6888,-4.9198
197903,-0.5668,-1.453,-2.0084,-2.6485,-3.3793,-4.0903,-4.465,-4.5631,-4.7395
197904,-0.5851,-1.4567,-2.0634,-2.7997,-3.5164,-4.1405,-4.4763,-4.5427,-4.7232
197905,-0.6583,-1.5537,-2.1107,-2.8152,-3.5157,-4.1207,-4.4089,-4.4658,-4.6387
197906,-0.6741,-1.3637,-1.8178,-2.4653,-3.0561,-3.5195,-3.819,-3.9814,-4.1975
197907,-0.7835,-1.551,-2.0673,-2.7377,-3.3268,-3.8477,-4.1639,-4.3254,-4.5548
197908,-0.9254,-1.7714,-2.4261,-3.1313,-3.8372,-4.4998,-4.8413,-4.9951,-5.2312
197909,-1.1367,-2.1313,-2.9261,-3.6875,-4.4509,-5.1603,-5.4434,-5.4925,-5.6696
197910,-1.3565,-2.548,-3.5723,-4.7309,-5.685,-6.5787,-6.9603,-7.0752,-7.3268
197911,-1.162,-2.5695,-3.3547,-4.1946,-4.7526,-5.5034,-5.9482,-6.1965,-6.521
197912,-1.22,-2.5567,-3.5632,-4.4488,-5.0427,-5.9384,-6.4362,-6.6468,-6.9106
198001,-1.2698,-2.672,-3.401,-4.1204,-4.7922,-5.5681,-6.0539,-6.3423,-6.6603
198002,-1.3261,-3.6161,-5.0912,-6.8451,-8.3797,-9.9045,-10.4495,-10.8051,-11.3938
198003,-2.3352,-5.5787,-8.0318,-9.7369,-11.2859,-13.0734,-13.8025,-14.173,-14.6605
198004,-1.3388,-2.4225,-3.439,-4.2597,-4.4985,-4.9671,-5.4438,-5.7869,-6.1478
198005,-0.3212,-0.4834,-0.6494,-0.8017,-0.7646,-0.8674,-1.2054,-1.467,-1.6813
198006,-0.0419,-0.0948,-0.4106,-0.6021,-0.6933,-0.9321,-1.2689,-1.576,-1.8066
198007,-0.0577,-0.0869,-0.2988,-0.5756,-0.8217,-1.1285,-1.3622,-1.5546,-1.7214
198008,-0.4251,-1.0715,-1.3986,-1.7529,-2.5016,-3.6524,-4.7917,-5.6672,-6.3237
198009,-0.8937,-2.001,-3.0186,-3.7738,-4.6052,-5.5867,-6.3985,-6.9896,-7.4337
198010,-1.328,-2.7368,-3.8652,-5.1699,-6.112,-7.1833,-7.998,-8.5819,-9.1453
198011,-2.0695,-4.2768,-5.5972,-7.3288,-9.1329,-11.0335,-12.251,-13.1312,-13.8731
198012,-2.1382,-3.7973,-4.8937,-6.3109,-7.5228,-8.7314,-9.7485,-10.653,-11.4157
198101,-2.422,-4.3308,-5.8531,-7.1837,-8.1211,-9.2042,-10.0642,-10.7913,-11.5956
198102,-1.6582,-2.6959,-3.6835,-4.883,-5.8303,-7.0515,-8.0653,-8.8459,-9.6089
198103,-0.7303,-1.247,-1.6558,-2.5319,-3.2536,-4.1244,-5.1202,-5.9669,-6.6067
198104,-1.3606,-2.6542,-3.6685,-5.193,-6.0205,-7.1335,-8.3246,-9.408,-10.346
198105,-1.5978,-3.4498,-4.7917,-6.419,-8.0431,-9.5229,-10.6245,-11.5589,-12.3715
198106,-1.2443,-2.7156,-3.731,-4.9908,-6.2186,-7.339,-8.3772,-9.4037,-10.4373
198107,-1.528,-2.9847,-4.5058,-6.2957,-7.5413,-8.9126,-9.8257,-10.5974,-11.4872
198108,-1.2981,-2.9291,-4.278,-6.0421,-7.4085,-8.6015,-9.7462,-10.9422,-12.254
198109,-0.755,-1.8768,-2.893,-4.4597,-5.8235,-6.9573,-7.8681,-8.5799,-9.3002
198110,-0.8427,-1.9064,-2.4801,-3.4379,-3.3584,-4.2519,-5.6082,-6.6543,-7.7898
198111,-0.3047,-0.5288,-0.4189,-1.1772,-1.7403,-1.9315,-2.5683,-2.9011,-3.3285
198112,-0.6106,-1.2496,-1.6307,-2.5071,-3.394,-4.1716,-5.0115,-5.526,-6.0783
198201,-0.8647,-1.7018,-2.4535,-3.763,-4.3506,-5.1021,-5.9048,-6.4898,-7.3298
198202,-0.7904,-1.7451,-2.6115,-3.6064,-4.6032,-5.5962,-6.5662,-7.2651,-8.0012
198203,-0.8997,-1.7671,-2.558,-3.8136,-4.5863,-5.6293,-6.5961,-7.3671,-8.8172
198204,-0.7578,-1.5978,-2.5545,-3.7685,-4.2033,-5.0461,-6.1502,-6.7988,-7.877
198205,-0.4068,-0.9533,-1.4774,-2.4159,-3.0343,-3.7441,-4.6621,-4.9713,-6.1009
198206,-0.7744,-1.5681,-2.4713,-3.8713,-4.3513,-5.4746,-6.5902,-7.0723,-8.8729
198207,-0.4771,-0.7384,-1.4645,-2.5346,-2.3705,-3.0563,-3.7691,-4.2238,-5.7464
198208,-0.1549,-0.179,-0.4369,-1.0133,-0.9612,-2.0668,-2.7231,-2.5631,-3.958
198209,0.0977,0.174,0.142,-0.8379,-0.6265,-1.6161,-2.3507,-2.2305,-3.5822
198210,-0.0718,0.0087,-0.149,-0.8711,-0.321,-1.3889,-1.9754,-1.929,-3.7281
198211,-0.0882,-0.0629,0.1212,-0.3421,-0.0329,-0.7824,-1.0517,-1.0448,-2.9867
198212,0.0543,0.262,0.4366,0.1195,0.4483,-0.2165,-0.378,-0.4577,-2.3706
198301,0.1125,0.3476,0.4381,0.3309,0.8432,0.4704,0.5511,0.3366,-1.4083
198302,0.1723,0.3318,0.5288,0.3005,0.4412,-0.0447,0.1184,-0.0198,-1.7232
198303,0.0281,0.0253,0.138,-0.1331,-0.1532,-0.7331,-0.5936,-0.9772,-2.5634
198304,0.1473,0.2469,0.4308,0.336,0.3329,-0.1079,0.0876,-0.4321,-2.0463
198305,0.243,0.3587,0.5635,0.3272,0.4323,0.0304,0.1451,-0.517,-1.7732
198306,0.1708,0.2659,0.4385,0.1434,0.1283,-0.3057,-0.124,-0.9305,-2.1906
198307,0.2873,0.4696,0.8155,0.4988,0.3454,0.1257,0.2603,-0.6268,-1.6816
198308,0.3298,0.6435,0.8434,0.6963,0.6063,0.443,0.314,-0.5952,-1.7719
198309,0.4201,0.7602,1.1133,0.9604,0.9794,0.8731,0.84,-0.2109,-1.2452
198310,0.6099,1.0989,1.5804,1.3271,1.4388,1.4072,1.3294,0.4714,-0.3414
198311,0.4986,0.8266,1.3017,0.9834,1.0165,0.8609,0.6164,-0.0369,-0.9812
198312,0.5101,0.7577,1.1362,0.7952,0.88,0.8098,0.5148,-0.189,-1.1521
198401,0.534,0.7908,1.1066,0.8848,0.9735,0.9128,0.6382,-0.0027,-0.92
198402,0.5169,0.7219,1.1426,0.844,0.8669,0.6932,0.2516,-0.2774,-1.1483
198403,0.4026,0.5461,0.7355,0.3861,0.4461,0.2636,-0.1734,-0.7705,-1.6766
198404,0.5138,0.7136,0.9137,0.5959,0.5824,0.3629,-0.1765,-0.7295,-1.6262
198405,0.4745,0.6829,0.7679,0.4273,0.309,-0.1322,-0.7029,-1.1895,-2.1388
198406,0.5752,0.6621,0.606,0.0526,-0.0442,-0.5649,-1.1839,-1.6713,-2.6488
198407,0.3267,0.06,-0.1757,-0.7506,-0.9409,-1.4688,-2.0577,-2.6851,-3.6312
198408,0.2404,-0.0328,-0.2479,-0.8408,-1.1022,-1.6884,-2.3047,-2.9387,-3.9128
198409,0.3004,0.1518,-0.0446,-0.6321,-0.8598,-1.4498,-2.1194,-2.7829,-3.7757
198410,0.3808,0.3432,0.207,-0.3674,-0.505,-0.944,-1.63,-2.2153,-3.2582
198411,0.5986,0.7039,1.0308,0.4183,0.4626,0.2464,-0.5904,-1.1407,-2.239
198412,0.623,0.918,1.2958,0.7764,1.0345,0.9216,-0.0253,-0.428,-1.5273
198501,0.6642,0.9113,1.2039,0.6424,0.8139,0.5708,-0.4781,-0.583,-1.649
198502,0.5573,0.8194,1.1902,0.6275,0.8537,0.6201,-0.3605,-0.5553,-1.6688
198503,0.6553,0.8534,1.2518,0.693,0.9951,0.6478,-0.2709,-0.4639,-1.5122
198504,0.8159,1.1272,1.591,1.0967,1.5857,1.2212,0.5792,0.4936,-0.6802
198505,0.8586,1.2061,1.8546,1.261,1.7975,1.327,0.7047,0.7259,-0.2483
198506,1.077,1.6203,2.2791,2.0195,2.8571,2.3091,1.6721,1.7908,0.8597
198507,1.0125,1.6078,2.3891,2.0254,2.8313,2.1983,1.8251,1.8342,0.9054
198508,1.0423,1.6676,2.303,1.9929,2.6739,1.9572,1.6872,1.5914,0.8906
198509,0.976,1.4894,2.2485,2.0394,2.6844,2.0772,1.896,1.7637,1.258
198510,0.8538,1.3256,1.8677,1.8117,2.426,1.7444,1.5741,1.3894,0.9341
198511,0.6788,1.0368,1.5717,1.5415,1.9826,1.3178,1.2265,1.1018,0.7252
198512,0.3012,0.5513,0.9305,0.8224,1.1578,0.3236,0.1719,0.3474,0.1057
198601,0.3591,0.6249,1.0025,1.0269,1.4272,0.7508,0.8629,0.9622,0.6642
198602,0.2616,0.2494,0.172,0.0652,0.1243,-0.9765,-0.9962,-1.1789,-1.5899
198603,0.1233,0.2144,0.2833,0.1115,-0.0162,-1.1509,-1.0301,-1.1051,-1.5571
198604,0.5065,0.7256,0.9173,0.8364,0.8709,0.2395,0.1904,0.1181,-0.334
198605,0.8092,1.4859,2.0907,1.9771,2.1306,1.6421,1.5789,1.6346,1.1241
198606,0.5936,1.196,1.6348,1.5551,1.6099,1.1073,1.0892,1.1969,0.7499
198607,0.575,1.1562,1.6927,1.8534,2.1502,1.9355,2.1844,2.4693,2.3456
198608,0.7319,1.3853,2.0047,2.4511,2.69,3.0108,3.2417,3.7274,3.8077
198609,1.0432,1.9056,2.8356,3.2375,3.8384,4.0579,4.3193,4.8899,5.1321
198610,0.7399,1.4337,2.1317,2.6904,3.3895,3.6246,3.9549,4.5128,4.8387
198611,0.6068,1.0705,1.6789,2.0547,2.7717,3.0879,3.4321,3.8329,4.1967
198612,0.5361,0.8723,1.3175,1.4616,2.0389,2.3137,2.5649,2.961,3.3147
198701,0.5117,0.885,1.3914,1.5844,2.0867,2.3461,2.6825,3.1831,3.6383
198702,0.4799,0.8269,1.2291,1.4362,1.8455,1.9789,2.3138,2.8026,3.164
198703,0.5543,0.906,1.359,1.567,2.1801,2.433,2.6515,3.1875,3.5151
198704,0.8921,1.4601,1.9833,2.1509,2.6493,2.7272,3.1126,3.2798,3.5542
198705,1.0224,1.5894,2.0174,2.1947,2.5297,2.6293,3.067,3.4189,3.5629
198706,0.9536,1.6664,2.2476,2.4824,3.0272,3.2979,3.7409,4.134,4.3809
198707,1.0959,1.939,2.5309,2.8957,3.6513,4.0044,4.3884,5.0494,5.3701
198708,1.1459,1.9654,2.4375,2.6911,3.4629,3.9046,4.356,4.8382,5.1258
198709,1.1416,1.9469,2.4782,2.6135,3.449,3.71,4.02,4.4891,4.6475
198710,1.2495,2.0828,2.9766,3.1797,4.1026,4.6716,4.7637,5.0788,5.1714
198711,1.1835,1.8342,2.6394,2.9379,3.8757,4.4135,4.6225,5.0328,5.1643
198712,0.9264,1.4234,1.9881,2.1158,2.8931,3.2534,3.3928,3.7546,3.8133
198801,0.691,1.0284,1.4365,1.5167,2.2979,2.6112,2.7893,3.0492,3.0725
198802,0.7315,1.09,1.4746,1.5987,2.2887,2.6498,2.8961,3.2471,3.3457
198803,0.8621,1.3507,1.98,2.1427,2.9679,3.3756,3.5655,3.9654,4.0707
198804,0.9249,1.4062,1.9886,2.0858,2.8745,3.259,3.4181,3.8619,3.9824
198805,0.8611,1.1696,1.6427,1.6817,2.26,2.5205,2.7036,3.0142,3.0175
198806,0.685,0.8558,1.1248,1.0604,1.5888,1.6805,1.7616,1.9823,1.8935
198807,0.6393,0.6846,0.8479,0.7476,1.1816,1.2483,1.3391,1.5068,1.38
198808,0.4901,0.3903,0.5137,0.3164,0.5336,0.3308,0.3534,0.3367,0.1107
198809,0.281,0.0461,0.0284,-0.2086,-0.0227,-0.3337,-0.3745,-0.4526,-0.6833
198810,0.167,-0.0651,-0.3171,-0.5718,-0.3681,-0.659,-0.6765,-0.7847,-1.0457
198811,0.1058,-0.2777,-0.5664,-0.8907,-0.8715,-1.3759,-1.5013,-1.7748,-2.1562
198812,-0.0167,-0.3381,-0.8146,-1.2783,-1.4298,-2.0297,-2.281,-2.8706,-3.5677
198901,-0.1155,-0.5128,-1.0436,-1.6199,-1.8934,-2.7031,-2.9606,-3.5726,-4.2925
198902,-0.1356,-0.6146,-1.1827,-1.8129,-2.2117,-3.0343,-3.3602,-4.0385,-4.7861
198903,-0.2864,-0.8674,-1.6287,-2.275,-3.1272,-4.1384,-4.4956,-5.3424,-6.2417
198904,-0.2462,-0.8425,-1.4688,-1.993,-2.4477,-3.2232,-3.4984,-4.1511,-4.8714
198905,-0.4445,-0.9936,-1.6432,-2.1146,-2.7361,-3.5503,-3.7931,-4.4158,-5.0904
198906,-0.5134,-1.0557,-1.532,-2.0387,-2.2749,-2.934,-3.1134,-3.6038,-4.1516
198907,-0.5451,-1.049,-1.5965,-1.9712,-2.0432,-2.5699,-2.557,-2.7947,-3.0914
198908,-0.2271,-0.7481,-1.2954,-1.8149,-2.1039,-2.8136,-3.0254,-3.5554,-4.1687
198909,-0.3297,-0.8203,-1.3559,-1.9356,-2.1716,-2.9344,-3.1818,-3.7585,-4.3981
198910,-0.3333,-0.7774,-1.2003,-1.5818,-1.7528,-2.4324,-2.6035,-3.0248,-3.4937
198911,-0.2738,-0.6647,-1.0154,-1.3582,-1.5368,-2.1299,-2.2346,-2.5609,-2.9301
198912,-0.2206,-0.6255,-1.0325,-1.4676,-1.4602,-2.0559,-2.2076,-2.5665,-2.94
199001,-0.0148,-0.3167,-0.5599,-0.8409,-0.9799,-1.5381,-1.6267,-1.8664,-2.1587
199002,0.1945,-0.0378,-0.1514,-0.4196,-0.5287,-1.0236,-1.1544,-1.4273,-1.7395
199003,0.1823,-0.0526,-0.2751,-0.5846,-0.8231,-1.4107,-1.5742,-1.9006,-2.2925
199004,0.2818,0.0871,-0.0271,-0.2888,-0.4487,-1.0106,-1.163,-1.448,-1.8036
199005,0.2351,0.0464,-0.0428,-0.2128,-0.3502,-0.8637,-0.9589,-1.2354,-1.554
199006,0.0801,-0.0653,-0.178,-0.3466,-0.4503,-0.8872,-0.9935,-1.27,-1.5902
199007,0.0735,-0.0618,-0.0776,-0.1579,-0.139,-0.4128,-0.3496,-0.4309,-0.5179
199008,0.2365,0.3004,0.6049,0.6725,0.9129,0.8096,0.9078,1.0081,1.0569
199009,0.2438,0.3208,0.6798,0.7659,1.0693,1.0371,1.1391,1.2151,1.1731
199010,0.2556,0.3761,0.7051,0.8347,1.1912,1.1997,1.3936,1.5887,1.622
199011,0.1176,0.0728,0.3018,0.3016,0.5859,0.5214,0.6528,0.6763,0.5509
199012,0.2635,0.4344,0.7955,0.8509,1.3743,1.4799,1.6106,1.6848,1.6475
199101,0.515,0.7787,1.3146,1.4901,1.9752,2.0845,2.2718,2.5145,2.6564
199102,0.6931,1.0653,1.6941,1.9405,2.4691,2.5912,2.8055,3.08,3.2113
199103,0.9562,1.4609,2.2536,2.488,3.1724,3.2791,3.3646,3.6091,3.6787
199104,1.0187,1.5526,2.4511,2.7735,3.5916,3.7969,3.9093,4.2542,4.425
199105,0.9563,1.4942,2.4764,2.8404,3.6833,3.9139,4.0692,4.4966,4.6465
199106,0.9543,1.7088,2.7466,3.0865,3.9196,4.1272,4.2835,4.6782,4.7084
199107,1.0055,1.7345,2.7391,3.1272,4.0335,4.324,4.4948,4.9514,5.1001
199108,0.8826,1.5865,2.6908,3.1177,4.1619,4.5827,4.7728,5.3191,5.6258
199109,0.8594,1.516,2.5474,2.9354,3.9762,4.3754,4.5891,5.1976,5.5178
199110,0.9262,1.707,2.9349,3.4575,4.7307,5.3378,5.7472,6.6044,7.2189
199111,1.01,2.0325,3.4166,3.9703,5.4856,6.278,6.8733,8.0406,8.7483
199112,1.0288,2.0826,3.5517,4.2462,5.595,6.289,6.7838,7.8342,8.8493
199201,1.4037,2.7956,4.4534,5.2263,6.8863,7.7768,8.3351,9.4952,10.267
199202,1.4824,2.8848,4.5787,5.303,6.8688,7.6975,8.0879,8.9596,9.6629
199203,1.7623,3.3697,5.0042,5.5546,7.1495,7.8038,8.1644,9.0561,9.6112
199204,1.8784,3.5649,5.3692,6.1829,7.8975,8.7468,9.2929,10.4854,11.122
199205,1.6671,3.2304,4.9058,5.7746,7.2825,8.2017,8.8625,10.1616,10.8085
199206,1.4116,2.8752,4.5906,5.5512,7.1939,8.1764,8.8631,10.1857,10.9225
199207,1.4002,2.8197,4.5592,5.6074,7.2737,8.1618,8.8518,10.1158,11.0232
199208,1.2688,2.7228,4.5298,5.6201,7.5369,8.6063,9.4664,10.8432,11.7835
199209,1.3539,2.8,4.6588,5.882,7.8143,9.1371,10.106,11.55,12.6473
199210,1.609,3.1883,5.0623,6.0418,7.7353,8.8288,9.7563,11.0096,11.9358
199211,1.7946,3.4292,5.237,6.1724,7.7466,8.5895,9.1192,9.9921,10.8675
199212,1.7349,3.4269,5.2664,6.3375,7.8969,8.6853,9.0984,9.9943,10.8501
199301,1.4503,2.9458,4.473,5.4888,7.1334,7.9836,8.8298,9.9353,10.6398
199302,1.1607,2.3947,3.9608,4.9159,6.3766,7.2747,8.2347,9.3214,9.9261
199303,1.1802,2.5138,4.0708,5.0024,6.4785,7.469,8.2488,9.2431,10.0357
199304,1.0633,2.4174,3.966,5.0596,6.6314,7.6895,8.6011,9.6771,10.4742
199305,1.1716,2.348,3.6824,4.509,5.8163,6.7518,7.6027,8.5436,9.2542
199306,1.0187,2.0966,3.2125,3.9764,5.1275,5.8141,6.5182,7.4067,8.1099
199307,1.146,2.2025,3.3719,4.111,5.1788,5.7487,6.3306,7.1995,7.8752
199308,0.904,1.7635,2.7162,3.46,4.4385,5.127,5.8202,6.6507,7.3246
199309,0.9511,1.8966,2.8676,3.4473,4.396,4.9304,5.4892,6.3156,7.0596
199310,0.9997,1.7984,2.7457,3.3311,4.2797,4.8483,5.3626,6.064,6.695
199311,1.1887,2.113,3.2819,3.9721,5.0374,5.7818,6.4124,7.1942,7.9063
199312,1.1813,2.0911,3.3003,4.0141,4.9552,5.5438,6.2553,7.0763,7.7714
199401,1.2128,2.1189,3.1562,3.8375,4.7753,5.477,6.1845,6.9193,7.5564
199402,1.2893,2.2357,3.3247,3.9633,4.9481,5.633,6.1727,6.8531,7.4324
199403,1.4462,2.647,3.8248,4.4715,5.4784,6.1277,6.5804,7.3412,7.9252
199404,1.4814,2.5694,3.5872,3.9946,4.6953,5.0731,5.496,6.1875,6.6091
199405,1.427,2.3648,3.1627,3.4898,4.1075,4.4688,4.8368,5.3626,5.707
199406,1.4619,2.3797,3.2628,3.5905,4.2304,4.4887,4.8022,5.4066,5.7478
199407,1.2829,2.0469,2.7822,3.0735,3.6591,3.8493,4.2132,4.7348,5.0176
199408,1.2583,1.9769,2.6473,2.8635,3.4314,3.6387,3.9469,4.3815,4.5653
199409,1.2921,2.0649,2.7734,2.9709,3.4452,3.5447,3.8378,4.2044,4.343
199410,1.3155,2.0509,2.7093,2.8771,3.3225,3.4004,3.641,3.9551,4.0492
199411,1.0795,1.5602,1.776,1.6439,1.6996,1.3761,1.3552,1.5416,1.4468
199412,0.8653,1.0188,0.9495,0.6119,0.3984,-0.0212,-0.0062,-0.2494,-0.5644
199501,0.7579,0.9799,1.0894,0.882,0.8195,0.457,0.4705,0.2893,0.0542
199502,0.6006,0.7372,0.854,0.7037,0.8039,0.5286,0.5623,0.4156,0.2533
199503,0.5644,0.6994,0.739,0.6164,0.5978,0.3585,0.5093,0.2855,0.1357
199504,0.4684,0.5934,0.6023,0.4667,0.4579,0.2295,0.3978,0.2887,0.1814
199505,-0.0013,-0.0739,-0.1976,-0.4257,-0.4992,-0.7284,-0.5031,-0.5699,-0.7512
199506,0.142,0.0266,-0.0823,-0.3487,-0.4259,-0.596,-0.3745,-0.4799,-0.6522
199507,0.3082,0.4074,0.4474,0.276,0.3528,0.2109,0.4576,0.4522,0.3458
199508,0.2633,0.282,0.2572,0.0641,0.0758,-0.135,0.0997,0.0939,-0.0998
199509,0.198,0.0763,-0.0044,-0.2187,-0.2787,-0.6243,-0.4553,-0.5031,-0.7283
199510,0.0633,-0.0247,-0.0966,-0.351,-0.3916,-0.6858,-0.5418,-0.6296,-0.8285
199511,-0.0679,-0.2393,-0.3741,-0.5989,-0.6492,-0.8395,-0.6728,-0.7923,-1.0863
199512,-0.0284,-0.1631,-0.2305,-0.4015,-0.4488,-0.7457,-0.5822,-0.67,-0.9361
199601,-0.0224,-0.0631,0.0032,-0.0317,0.0791,0.0632,0.2786,0.3086,0.1404
199602,0.3806,0.5133,0.648,0.6042,0.7333,0.9927,1.2885,1.4039,1.3617
199603,0.5669,0.7534,0.9352,0.8107,0.932,1.16,1.2947,1.3119,1.2106
199604,0.7364,1.0265,1.2828,1.2288,1.4813,1.5295,1.7182,1.7661,1.674
199605,0.8541,1.2505,1.5746,1.5029,1.717,1.7843,1.8958,1.8591,1.7762
199606,0.6657,0.9682,1.1241,1.0272,1.2149,1.1887,1.3795,1.2989,1.1948
199607,0.5735,0.8647,1.0341,0.9558,1.0932,1.0384,1.1493,1.0903,0.7845
199608,0.8467,1.2122,1.4897,1.4338,1.6532,1.6745,1.7471,1.7243,1.4651
199609,0.6715,0.9666,1.1679,1.1228,1.2903,1.2814,1.4135,1.3701,1.1071
199610,0.4271,0.6284,0.7818,0.6984,0.858,0.8791,0.9957,0.9255,0.6741
199611,0.2967,0.337,0.3329,0.2164,0.2915,0.1614,0.2674,0.162,-0.0629
199612,0.5085,0.7281,0.8477,0.7379,0.8752,0.7808,0.8705,0.785,0.5715
199701,0.5468,0.7639,0.9147,0.8489,1.0305,0.9812,1.0534,0.9641,0.8282
199702,0.6523,0.8715,1.0164,0.9284,1.0031,0.8999,0.9036,0.8058,0.7321
199703,0.7086,0.9725,1.1136,1.0319,1.1769,1.0819,1.072,0.9073,0.7712
199704,0.6041,0.816,0.9237,0.8108,0.967,0.8155,0.8328,0.6472,0.4884
199705,0.6359,0.8564,1.0031,0.86,0.9759,0.8399,0.874,0.764,0.6135
199706,0.5812,0.7585,0.8875,0.743,0.8283,0.666,0.6872,0.5619,0.3937
199707,0.2908,0.2502,0.1961,0.0178,0.0345,-0.2384,-0.1895,-0.3552,-0.6349
199708,0.4512,0.5446,0.6276,0.4539,0.5307,0.3479,0.3644,0.2045,0.0267
199709,0.3632,0.3481,0.3772,0.1765,0.244,-0.0162,-0.0255,-0.1678,-0.3642
199710,0.2054,0.0767,-0.0434,-0.27,-0.2742,-0.5732,-0.5998,-0.7951,-1.0275
199711,0.1977,0.0013,-0.1441,-0.4311,-0.582,-0.9757,-1.1375,-1.4316,-1.7315
199712,0.122,-0.0576,-0.2636,-0.5556,-0.698,-1.1291,-1.2186,-1.4858,-1.7854
199801,-0.0403,-0.2907,-0.4688,-0.7465,-0.863,-1.1354,-1.1987,-1.4105,-1.6705
199802,0.0749,-0.1513,-0.2875,-0.5804,-0.8093,-1.1023,-1.1722,-1.4298,-1.7546
199803,0.1306,-0.0314,-0.2243,-0.4777,-0.5781,-0.9502,-1.0312,-1.2691,-1.6004
199804,0.1668,-0.0067,-0.1603,-0.4079,-0.4944,-0.8541,-0.9346,-1.1856,-1.4903
199805,0.0677,-0.1122,-0.3018,-0.602,-0.7938,-1.18,-1.2374,-1.5052,-1.849
199806,0.0568,-0.1347,-0.3801,-0.7342,-0.9494,-1.3879,-1.45,-1.7792,-2.1553
199807,0.0746,-0.0809,-0.2792,-0.5796,-0.7601,-1.2034,-1.2807,-1.5597,-1.8798
199808,-0.3002,-0.49,-0.7724,-1.0568,-1.0644,-1.5472,-1.5689,-1.756,-1.9897
199809,-0.3492,-0.6603,-1.0377,-1.3105,-1.4942,-2.0738,-1.9681,-2.0673,-2.1491
199810,-0.2044,-0.3422,-0.5323,-0.7069,-0.5316,-1.0264,-0.8294,-0.713,-0.6876
199811,-0.1493,-0.2962,-0.4091,-0.6673,-0.649,-1.1672,-1.0177,-1.2072,-1.4208
199812,-0.0096,-0.157,-0.2963,-0.5982,-0.6474,-1.0898,-0.9617,-1.0593,-1.1093
199901,0.0014,-0.1935,-0.3897,-0.6426,-0.6782,-1.0909,-1.0169,-1.187,-1.3462
199902,0.35,0.3744,0.3599,0.2215,0.2543,-0.1057,-0.0619,-0.2338,-0.3862
199903,0.357,0.4485,0.5484,0.4765,0.6278,0.4328,0.5096,0.3844,0.3152
199904,0.438,0.5291,0.5619,0.4936,0.5573,0.3238,0.3857,0.3106,0.3131
199905,0.624,0.8494,1.0246,0.9835,1.0693,0.8312,0.8115,0.6361,0.4548
199906,0.5712,0.7031,0.855,0.9273,0.9417,0.7142,0.7893,0.6977,0.5967
199907,0.7026,0.891,1.1302,1.1907,1.3182,1.1356,1.1477,1.0101,0.9021
199908,0.5552,0.6831,0.8773,0.9752,1.0433,0.835,0.8712,0.6924,0.5514
199909,0.535,0.627,0.7778,0.8847,0.9557,0.8183,0.8737,0.752,0.7046
199910,0.5211,0.5867,0.7442,0.7734,0.6901,0.4902,0.5187,0.3732,0.2892
199911,0.3765,0.3529,0.3596,0.4083,0.2519,0.002,0.0362,-0.0978,-0.1554
199912,0.3937,0.4301,0.4493,0.4754,0.3485,0.1112,0.1025,-0.0527,-0.1548
200001,0.576,0.5396,0.4106,0.3266,0.1254,-0.2724,-0.4252,-0.7462,-1.0802
200002,0.4258,0.3808,0.2498,0.1123,-0.1171,-0.5637,-0.7959,-1.2265,-1.6896
200003,0.2192,-0.1118,-0.5523,-0.9519,-1.3886,-2.0329,-2.3,-2.8102,-3.3141
200004,0.2964,-0.0651,-0.4058,-0.8209,-1.2318,-1.8584,-2.1959,-2.7729,-3.3248
200005,0.0777,-0.3373,-0.749,-1.213,-1.6967,-2.3941,-2.6882,-3.2381,-3.7439
200006,-0.0892,-0.5232,-0.9998,-1.4835,-1.8033,-2.4332,-2.6873,-3.2089,-3.6678
200007,-0.2372,-0.5999,-1.0923,-1.6073,-2.0333,-2.6785,-2.9065,-3.4285,-3.913
200008,-0.3626,-0.8726,-1.4115,-1.9222,-2.3502,-3.0219,-3.2478,-3.7768,-4.255
200009,-0.5458,-1.0572,-1.5865,-2.026,-2.3209,-2.8156,-2.9152,-3.2978,-3.6153
200010,-0.6705,-1.2153,-1.7638,-2.2573,-2.5866,-3.1513,-3.2775,-3.6895,-4.0506
200011,-0.7984,-1.3713,-1.9557,-2.4474,-2.863,-3.5009,-3.5965,-3.9636,-4.2779
200012,-0.7048,-1.1593,-1.6709,-2.1246,-2.3446,-2.7711,-2.7789,-3.0461,-3.2332
200101,-0.149,-0.2044,-0.2441,-0.4184,-0.3391,-0.4961,-0.3694,-0.3608,-0.3345
200102,-0.1978,-0.1816,-0.2104,-0.3785,-0.2799,-0.4099,-0.2475,-0.2236,-0.1993
200103,0.1317,0.3053,0.456,0.4078,0.7046,0.7262,0.9789,1.1858,1.3894
200104,0.534,1.1075,1.5227,1.6388,2.1489,2.35,2.672,3.02,3.309
200105,0.8841,1.6322,2.2722,2.5102,3.0781,3.3146,3.6349,4.0446,4.3942
200106,0.8112,1.5455,2.1656,2.4149,2.9242,3.158,3.4766,3.8501,4.1751
200107,0.6624,1.4284,2.0213,2.3257,2.9024,3.155,3.4903,3.9025,4.2642
200108,0.6143,1.3967,1.9997,2.3162,2.8806,3.1413,3.4839,3.8987,4.2412
200109,0.6935,1.7559,2.686,3.2705,4.1589,4.7002,5.2336,5.9501,6.6042
200110,0.8431,1.9437,3.0333,3.7228,4.6477,5.2196,5.7748,6.5573,7.2338
200111,1.4421,2.8563,4.1303,4.8427,5.9219,6.6163,7.1732,8.0331,8.834
200112,1.7671,3.4954,4.8758,5.6218,6.7573,7.5141,8.0906,8.9945,9.785
200201,1.5758,3.1167,4.4422,5.1861,6.2265,6.8734,7.3698,8.1503,8.8521
200202,1.5409,2.9233,4.2098,4.9552,6.016,6.7021,7.2222,7.9978,8.7117
200203,1.7872,3.2513,4.5241,5.2001,6.1986,6.8156,7.2664,7.9739,8.609
200204,1.7638,3.2436,4.5997,5.3052,6.3729,7.0558,7.5515,8.325,9.0194
200205,1.6658,2.9188,4.155,4.8647,5.9255,6.6368,7.1909,8.007,8.7612
200206,1.5929,2.8956,4.1628,4.8684,5.9878,6.7726,7.3744,8.2506,9.0729
200207,1.0281,2.2883,3.5286,4.3517,5.5522,6.4533,7.1861,8.1733,9.1011
200208,0.8377,1.6711,2.8068,3.5597,4.6667,5.453,6.1038,6.9146,7.7167
200209,0.5844,1.2308,2.0878,2.7292,3.7991,4.6394,5.3708,6.2207,7.1027
200210,0.7143,1.5757,2.646,3.4239,4.6678,5.6552,6.4751,7.4763,8.4847
200211,1.132,2.2824,3.545,4.311,5.5343,6.4513,7.1521,8.0715,8.9734
200212,0.7716,1.7266,2.8652,3.672,4.8853,5.827,6.6384,7.6582,8.66
200301,0.8564,1.9607,3.269,4.1306,5.37,6.2846,7.0244,7.9908,8.9382
200302,0.63,1.5057,2.6561,3.4997,4.6804,5.5615,6.3089,7.2253,8.1376
200303,0.731,1.7793,3.0556,3.982,5.2667,6.2452,7.0414,8.0372,9.0221
200304,0.7137,1.8165,3.1358,4.1253,5.4165,6.3797,7.162,8.145,9.1021
200305,0.4129,1.0301,1.9349,2.7629,3.9056,4.7975,5.5863,6.4581,7.3207
200306,0.5885,1.4529,2.5859,3.5228,4.7544,5.7342,6.5592,7.5184,8.4648
200307,1.0553,2.4232,4.0903,5.3229,6.879,8.0957,8.9904,10.1156,11.2378
200308,1.2524,2.7466,4.3263,5.4704,6.8915,7.9565,8.7269,9.7124,10.7418
200309,0.8133,2.0234,3.3521,4.4197,5.7817,6.833,7.6669,8.6819,9.7403
200310,1.1336,2.5045,3.9211,5.0145,6.3597,7.3956,8.1632,9.1424,10.1833
200311,1.2073,2.5322,3.8525,4.8422,6.0522,7.0268,7.7457,8.6858,9.6431
200312,1.1707,2.5298,3.9422,4.9982,6.2629,7.29,8.0409,8.9967,9.99
200401,1.1371,2.4583,3.78,4.7847,6.0167,6.961,7.651,8.5349,9.4882
200402,0.9877,2.1942,3.4575,4.4457,5.6371,6.5573,7.2617,8.1485,9.133
200403,0.9095,1.9412,3.1438,4.1121,5.2989,6.1956,6.9101,7.8038,8.7631
200404,1.4755,2.8505,4.2017,5.1307,6.2964,7.1163,7.6931,8.5117,9.4477
200405,1.4668,2.8602,4.1489,5.002,6.0888,6.8374,7.3842,8.1874,9.0634
200406,1.3632,2.5402,3.5962,4.3162,5.3119,5.9644,6.469,7.2035,8.0047
200407,1.2521,2.3088,3.295,3.9546,4.8916,5.4894,5.961,6.6209,7.3752
200408,0.9448,1.7577,2.651,3.2925,4.1825,4.739,5.2071,5.8179,6.5667
200409,0.8935,1.5454,2.2591,2.759,3.5392,3.9963,4.4132,4.9622,5.6271
200410,0.7183,1.2936,1.9353,2.4332,3.1487,3.5775,3.9982,4.526,5.1517
200411,0.798,1.3702,1.9644,2.4115,3.0391,3.3951,3.769,4.2407,4.7655
200412,0.6928,1.097,1.5512,1.8728,2.3951,2.6458,2.9814,3.4001,3.8428
200501,0.6917,1.0188,1.3071,1.504,1.8412,1.9421,2.1755,2.4258,2.687
200502,0.7481,1.11,1.4134,1.5734,1.8444,1.8739,2.0695,2.2702,2.4489
200503,0.7587,1.089,1.3623,1.4689,1.6934,1.6639,1.833,2.0205,2.1904
200504,0.5826,0.7488,0.8497,0.8612,0.9932,0.8693,1.0353,1.2146,1.3723
200505,0.4564,0.5063,0.524,0.4637,0.4514,0.1979,0.3871,0.5579,0.6984
200506,0.3306,0.283,0.1932,0.0839,0.0344,-0.2115,-0.0943,-0.0733,-0.0688
200507,0.3509,0.3724,0.3565,0.2123,0.1186,-0.1564,-0.0723,-0.0998,-0.1252
200508,0.1961,0.1004,-0.0645,-0.2351,-0.3097,-0.5673,-0.4729,-0.5354,-0.6089
200509,0.2267,0.1483,0.0046,-0.166,-0.2465,-0.5352,-0.4926,-0.5902,-0.6769
200510,0.1785,0.1238,-0.0059,-0.1854,-0.2757,-0.5697,-0.5219,-0.6335,-0.7448
200511,0.0897,-0.0699,-0.2566,-0.4763,-0.5729,-0.8608,-0.8253,-0.9667,-1.0627
200512,0.067,-0.1345,-0.3988,-0.6819,-0.8501,-1.2159,-1.2239,-1.41,-1.603
200601,-0.017,-0.2462,-0.4877,-0.7489,-0.9096,-1.2667,-1.2926,-1.5681,-1.8073
200602,0.0101,-0.2156,-0.4943,-0.8152,-1.0308,-1.4371,-1.4993,-1.8432,-2.1666
200603,0.0335,-0.1612,-0.3835,-0.6321,-0.7713,-1.1004,-1.1177,-1.3563,-1.5693
200604,-0.0076,-0.1811,-0.3706,-0.5607,-0.6363,-0.8936,-0.848,-0.9889,-1.1012
200605,-0.0157,-0.2308,-0.4897,-0.7131,-0.8338,-1.1139,-1.1069,-1.3138,-1.4425
200606,-0.1035,-0.3944,-0.7377,-1.02,-1.2093,-1.5794,-1.6153,-1.8784,-2.0864
200607,-0.1674,-0.487,-0.8425,-1.1122,-1.3198,-1.6746,-1.6885,-1.934,-2.1369
200608,-0.3108,-0.7137,-1.0996,-1.3759,-1.6101,-1.994,-2.0398,-2.3501,-2.6
200609,-0.3305,-0.7579,-1.171,-1.4498,-1.7166,-2.1071,-2.155,-2.4481,-2.7026
200610,-0.337,-0.7718,-1.207,-1.5165,-1.7815,-2.1788,-2.2332,-2.5613,-2.8249
200611,-0.3995,-0.8862,-1.3682,-1.7043,-2.0151,-2.4268,-2.4812,-2.8133,-3.0834
200612,-0.2758,-0.7036,-1.1189,-1.415,-1.6833,-2.0608,-2.1258,-2.4438,-2.6998
200701,-0.1677,-0.5683,-0.9498,-1.2488,-1.5173,-1.9009,-1.9659,-2.2888,-2.5386
200702,-0.3717,-0.8252,-1.2677,-1.5598,-1.8463,-2.2021,-2.2209,-2.5297,-2.7869
200703,-0.4222,-0.865,-1.2361,-1.5121,-1.7392,-2.0331,-1.9896,-2.2542,-2.4421
200704,-0.4649,-0.9428,-1.3375,-1.6022,-1.8394,-2.1423,-2.0993,-2.376,-2.5747
200705,-0.131,-0.4708,-0.7785,-1.055,-1.29,-1.5908,-1.6182,-1.8943,-2.0846
200706,-0.1046,-0.3204,-0.5221,-0.754,-0.9304,-1.1282,-1.0428,-1.2366,-1.376
200707,-0.3387,-0.664,-0.8896,-1.0797,-1.1762,-1.332,-1.2462,-1.4252,-1.5602
200708,-0.185,-0.4461,-0.5835,-0.7515,-0.81,-0.8861,-0.6333,-0.6982,-0.6948
200709,-0.068,-0.1417,-0.1136,-0.1228,-0.049,-0.0075,0.2354,0.2826,0.3886
200710,-0.1331,-0.2837,-0.2643,-0.3023,-0.2519,-0.2523,-0.0619,-0.0454,0.0668
200711,-0.212,-0.3395,-0.0633,0.0762,0.3344,0.6925,1.0908,1.2511,1.5216
200712,-0.2588,-0.3858,-0.0797,0.0651,0.3502,0.6841,1.174,1.386,1.704
200801,0.1029,0.2735,0.867,1.2979,1.9145,2.623,3.2485,3.713,4.3302
200802,0.0762,0.4207,1.1295,1.724,2.503,3.4334,4.2066,4.9027,5.6247
200803,0.264,0.6186,1.5077,1.9575,2.5042,3.3464,4.2443,5.226,6.2643
200804,0.6493,1.1319,1.9314,2.3148,2.8573,3.4468,4.0613,4.7869,5.4761
200805,0.7889,1.4516,2.1769,2.5152,3.0626,3.6211,4.1651,4.8139,5.4097
200806,0.5614,1.2243,1.8348,2.0639,2.5105,3.0894,3.6612,4.3352,4.9375
200807,0.559,1.2566,1.81,2.1427,2.6667,3.2198,3.881,4.6314,5.3031
200808,0.3977,1,1.5603,1.9123,2.3965,2.8959,3.5725,4.1891,4.7689
200809,0.2751,1.014,1.8857,2.3985,2.9428,3.959,4.8731,5.6375,6.3945
200810,0.2218,0.9387,1.8023,3.0328,4.1025,5.5752,6.8678,8.4066,9.9062
200811,0.2827,0.8662,1.1219,2.2267,3.3752,5.1894,5.9117,6.8404,8.0806
200812,0.5639,1.3792,1.6604,2.2199,3.5082,4.2813,4.8969,5.4119,6.7879
200901,0.6715,1.6561,2.1564,2.7104,4.1595,5.5618,6.4262,6.9053,8.4881
200902,0.567,1.4325,2.1243,2.7319,4.2219,5.474,6.2257,6.6357,8.0841
200903,0.5184,1.237,1.7724,2.3003,3.4586,4.3443,5.11,5.68,6.9204
200904,0.8642,1.7942,2.664,3.4075,4.6164,5.7118,6.6206,7.4128,8.9243
200905,0.8507,1.8153,3.0293,4.1872,5.5243,6.658,7.5134,8.3958,9.8724
200906,1.0935,2.2023,3.6017,4.642,6.0168,7.0088,7.8233,8.4874,9.7663
200907,1.1067,2.1557,3.4664,4.5489,5.9269,6.7816,7.5978,8.3563,9.6297
200908,1.0608,2.1284,3.4002,4.5129,5.9414,6.8505,7.7205,8.5153,9.7041
200909,1.0302,2.0661,3.3071,4.4122,5.7806,6.6354,7.4176,8.2,9.1639
200910,0.989,2.0699,3.3679,4.438,5.7943,6.8018,7.6001,8.4779,9.4941
200911,0.7953,1.6818,2.875,3.9168,5.2191,6.2598,7.1586,8.1682,9.2586
200912,1.1222,2.2407,3.6404,4.8175,6.2031,7.2814,8.0806,9.0932,10.1815
201001,0.9853,2.0943,3.4107,4.5723,6.0114,7.1505,7.9939,9.0533,10.1856
201002,0.9351,2.0354,3.341,4.459,5.8968,7.0492,7.8896,8.9889,10.1142
201003,1.07,2.2891,3.7094,4.7934,6.1912,7.2985,8.0773,9.2031,10.3537
201004,0.9702,2.1105,3.4112,4.464,5.7559,6.7638,7.5218,8.5514,9.6811
201005,0.7276,1.7387,2.9901,3.8615,5.1011,5.893,6.6129,7.7053,8.7989
201006,0.5825,1.3367,2.4438,3.2788,4.3989,5.1135,5.7038,6.7635,7.8055
201007,0.5417,1.1003,2.0187,2.9333,4.1477,4.9167,5.5052,6.703,7.7828
201008,0.4945,0.9693,1.6984,2.3771,3.3553,3.9847,4.5108,5.527,6.368
201009,0.4448,0.913,1.6105,2.2988,3.3049,4.074,4.8336,5.8206,6.6974
201010,0.3509,0.7096,1.4107,2.1452,3.2342,4.1823,5.059,6.1134,7.1508
201011,0.4677,0.9979,1.8554,2.6788,3.764,4.6367,5.3666,6.3411,7.3847
201012,0.6321,1.4977,2.7944,3.9057,5.2063,6.0899,6.7754,7.8614,8.9917
201101,0.6415,1.4693,2.6564,3.8148,5.2435,6.2446,7.0591,8.1634,9.3305
201102,0.7967,1.8227,3.1178,4.2674,5.5982,6.5307,7.2943,8.3443,9.3668
201103,0.9533,2.01,3.354,4.4516,5.7404,6.6317,7.3532,8.326,9.3362
201104,0.7425,1.663,2.8773,3.9849,5.2973,6.2521,7.0806,8.1617,9.2446
201105,0.601,1.3355,2.3627,3.4145,4.6208,5.5147,6.368,7.4506,8.4795
201106,0.6217,1.3804,2.5245,3.5448,4.8531,5.7484,6.6215,7.8042,8.9088
201107,0.3682,0.7812,1.5559,2.4708,3.6012,4.4957,5.4055,6.512,7.5409
201108,0.378,0.6656,1.2665,1.9418,2.8141,3.4301,4.1988,5.1258,5.9996
201109,0.4119,0.7236,1.2227,1.7762,2.4464,2.9303,3.4639,4.0488,4.6501
201110,0.3901,0.7289,1.2357,1.8836,2.7159,3.3762,4.0251,4.7707,5.5129
201111,0.4395,0.7777,1.2776,1.8816,2.661,3.2839,3.9368,4.6249,5.2537
201112,0.4106,0.7111,1.1342,1.6259,2.2835,2.7741,3.3745,3.9892,4.6056
201201,0.361,0.5566,0.8504,1.3094,1.9905,2.4736,3.0834,3.767,4.4127
201202,0.4117,0.7167,1.0949,1.5564,2.2186,2.7756,3.4131,4.0926,4.7303
201203,0.4388,0.8354,1.3727,1.93,2.7162,3.3617,4.1306,4.8558,5.5436
201204,0.352,0.6261,1.0207,1.4359,2.0544,2.594,3.3564,4.0382,4.6933
201205,0.3566,0.5689,0.846,1.074,1.4351,1.6742,2.2874,2.8464,3.3656
201206,0.3657,0.5996,0.8876,1.1577,1.5852,1.875,2.4952,3.0551,3.5842
201207,0.301,0.4621,0.6958,0.9661,1.3946,1.6884,2.2202,2.7506,3.2436
201208,0.3005,0.4655,0.6582,0.9425,1.3919,1.7584,2.3494,2.8945,3.4244
201209,0.3231,0.5017,0.7351,0.9964,1.4813,1.8944,2.5378,3.147,3.7537
201210,0.3682,0.596,0.8896,1.203,1.7103,2.1302,2.7339,3.3256,3.9197
201211,0.3358,0.5135,0.715,0.9712,1.4622,1.8586,2.464,3.037,3.6057
201212,0.3553,0.6034,0.9245,1.2539,1.8124,2.3228,2.9676,3.5925,4.2079
201301,0.3954,0.7221,1.1888,1.6529,2.349,2.9794,3.6989,4.4181,5.0938
201302,0.3428,0.5969,0.9695,1.361,1.9959,2.5358,3.28,4.0048,4.6589
201303,0.3731,0.6211,0.9885,1.3587,1.9602,2.4964,3.2366,3.9451,4.6078
201304,0.3657,0.5893,0.9054,1.2251,1.7726,2.2455,2.9073,3.5383,4.1241
201305,0.4575,0.8933,1.4705,2.0051,2.7633,3.4055,4.1681,4.8795,5.5647
201306,0.5312,1.1873,2.0986,2.8808,3.7893,4.538,5.3229,6.0708,6.8014
201307,0.5116,1.1472,2.0958,2.9449,3.9668,4.8162,5.6867,6.5114,7.3196
201308,0.6302,1.4619,2.5998,3.5073,4.6202,5.4798,6.351,7.1513,7.9127
201309,0.5403,1.2238,2.1843,2.9734,4.0487,4.8826,5.7982,6.6624,7.4708
201310,0.4917,1.117,2.0264,2.7991,3.845,4.6984,5.57,6.4054,7.1995
201311,0.4358,1.0306,1.9734,2.8488,4.0443,5.0364,5.9543,6.8678,7.7529
201312,0.5757,1.4516,2.6923,3.7513,5.0161,6.0867,6.9502,7.8146,8.663
201401,0.5312,1.3047,2.325,3.1984,4.2831,5.1657,5.9337,6.67,7.3857
201402,0.5156,1.2924,2.3396,3.2328,4.3002,5.1462,5.856,6.5954,7.2734
201403,0.6691,1.6695,2.8468,3.7574,4.8656,5.672,6.2714,6.8888,7.4751
201404,0.6874,1.6629,2.8048,3.6962,4.7445,5.5256,6.1132,6.7238,7.2748
201405,0.6121,1.4965,2.5184,3.3223,4.2835,4.9537,5.5021,6.0755,6.5997
201406,0.7087,1.6363,2.7071,3.508,4.4589,5.1319,5.655,6.219,6.7436
201407,0.816,1.8791,3.0663,3.8042,4.7425,5.3644,5.794,6.2945,6.7702
201408,0.8098,1.7876,2.8406,3.5101,4.32,4.81,5.1796,5.636,6.032
201409,0.9077,1.9977,3.1329,3.8227,4.7229,5.2515,5.6378,6.1036,6.5171
201410,0.7744,1.7407,2.7761,3.4357,4.3015,4.7375,5.12,5.5714,5.9978
201411,0.6959,1.5726,2.4841,3.0633,3.8551,4.2592,4.5899,4.9797,5.3854
201412,0.8121,1.7458,2.6553,3.1349,3.8584,4.1342,4.3552,4.6279,4.892
201501,0.6228,1.2845,1.8702,2.2038,2.7597,2.9272,3.0658,3.2778,3.4642
201502,0.7778,1.6233,2.415,2.8484,3.5042,3.7471,3.9287,4.1947,4.4286
201503,0.6613,1.3573,2.0858,2.5064,3.1473,3.3894,3.6211,3.9069,4.1214
201504,0.7254,1.4386,2.2153,2.7201,3.4377,3.7109,4.002,4.3211,4.6174
201505,0.7086,1.4323,2.2459,2.7891,3.5209,3.8265,4.1624,4.5213,4.8195
201506,0.7331,1.531,2.4694,3.1383,3.9829,4.3828,4.8195,5.2135,5.5097
201507,0.7079,1.3978,2.2144,2.7883,3.4981,3.8044,4.2113,4.5358,4.7448
201508,0.7285,1.4325,2.1993,2.6757,3.3989,3.6825,4.0774,4.4021,4.6672
201509,0.6536,1.2568,1.9164,2.3723,3.0121,3.2791,3.6978,4.0576,4.304
201510,0.6814,1.3028,2.0631,2.5185,3.1634,3.4358,3.762,4.0818,4.303
201511,0.637,1.2318,1.8882,2.3286,2.8614,3.0854,3.3409,3.6113,3.791
201512,0.6675,1.2127,1.9081,2.3163,2.8256,3.0423,3.2911,3.5264,3.6945
201601,0.5048,0.8822,1.3492,1.6576,2.07,2.2809,2.5775,2.8744,3.0461
201602,0.4056,0.6653,1.1173,1.3397,1.6856,1.752,1.9675,2.1866,2.2854
201603,0.4223,0.708,1.1358,1.4065,1.8487,1.9728,2.2178,2.4252,2.5613
201604,0.5136,0.8728,1.3469,1.6261,2.0768,2.2372,2.4573,2.6298,2.7764
201605,0.4689,0.8057,1.2811,1.5282,1.9167,2.0076,2.1907,2.298,2.3875
201606,0.353,0.6122,0.9357,1.1088,1.4463,1.51,1.6671,1.7736,1.8195
201607,0.3578,0.5862,0.8748,1.0183,1.2991,1.343,1.4676,1.5183,1.4973
201608,0.4532,0.7446,1.097,1.2488,1.5331,1.5641,1.6398,1.6313,1.6007
201609,0.4118,0.6819,0.9998,1.1575,1.43,1.4825,1.6151,1.6932,1.7463
201610,0.4895,0.8196,1.2346,1.4839,1.8618,1.9717,2.1655,2.3364,2.4775
201611,0.6093,1.2304,1.9639,2.3865,2.9376,3.1758,3.4337,3.6513,3.8391
201612,0.6587,1.2541,1.999,2.4332,2.984,3.2,3.487,3.7499,3.9816
201701,0.7405,1.3759,2.0667,2.462,3.0545,3.2941,3.5939,3.8745,4.0684
201702,0.7057,1.3337,1.9917,2.3258,2.8064,2.995,3.2296,3.4338,3.5605
201703,0.5142,1.0469,1.6555,1.9573,2.4203,2.5749,2.7975,2.9602,3.0613
201704,0.4442,0.8495,1.3413,1.5747,1.9831,2.1085,2.2864,2.4284,2.511
201705,0.3597,0.6954,1.0827,1.2669,1.5848,1.6747,1.8543,1.959,2.0315
201706,0.3816,0.7342,1.1196,1.3414,1.6517,1.7403,1.8807,1.9313,1.9253
201707,0.3776,0.7131,1.0941,1.3008,1.6396,1.7496,1.9102,1.9983,2.0694
201708,0.3477,0.5795,0.8603,1.0035,1.243,1.2732,1.4023,1.423,1.4246
201709,0.4275,0.7542,1.0835,1.2737,1.5574,1.6149,1.7318,1.7616,1.7442
201710,0.4308,0.7273,1.0199,1.1918,1.4342,1.4552,1.5468,1.5177,1.4463
201711,0.4184,0.6755,0.9199,1.0048,1.1812,1.1158,1.1625,1.0637,0.9637
201712,0.3594,0.5708,0.792,0.8216,0.9408,0.8222,0.8017,0.6483,0.4778
201801,0.5523,0.9155,1.189,1.2648,1.4442,1.3356,1.322,1.1574,1.0033
201802,0.5066,0.849,1.1344,1.1979,1.3896,1.307,1.3066,1.2063,1.0798
201803,0.4569,0.7126,0.8847,0.8821,1.0069,0.8548,0.8039,0.6186,0.4513
201804,0.5461,0.8801,1.0642,1.0736,1.1921,1.0281,0.9759,0.7887,0.6091
201805,0.4565,0.7283,0.8813,0.8327,0.9178,0.7394,0.695,0.5206,0.3203
201806,0.4864,0.6983,0.8047,0.7333,0.7754,0.5443,0.4304,0.2363,0.0225
201807,0.5398,0.7616,0.8195,0.7271,0.7466,0.5227,0.4118,0.2123,0.0019
201808,0.4498,0.5995,0.6082,0.4492,0.4198,0.1695,0.0577,-0.1406,-0.3622
201809,0.493,0.6469,0.6809,0.553,0.5322,0.2932,0.1791,-0.0169,-0.267
201810,0.443,0.5657,0.5519,0.4113,0.4043,0.1799,0.1129,-0.0402,-0.2415
201811,0.3087,0.3162,0.2333,0.0434,-0.03,-0.3101,-0.3944,-0.5483,-0.7786
201812,0.0203,-0.1121,-0.2724,-0.4738,-0.5687,-0.8784,-0.958,-1.1637,-1.423
201901,0.0644,-0.0644,-0.2605,-0.4975,-0.6137,-0.9103,-0.9831,-1.1769,-1.4352
201902,0.1541,0.0496,-0.1,-0.2994,-0.364,-0.6286,-0.7161,-0.9235,-1.2432
201903,0.004,-0.1852,-0.4027,-0.6282,-0.743,-1.0627,-1.1599,-1.4434,-1.8028
201904,0.0078,-0.1395,-0.31,-0.5002,-0.567,-0.801,-0.8531,-1.1081,-1.4399
201905,-0.2367,-0.4804,-0.7149,-0.936,-1.0698,-1.3795,-1.4431,-1.7336,-2.1036
201906,-0.0966,-0.2874,-0.4977,-0.6839,-0.7595,-1.0378,-1.0787,-1.3261,-1.6373
201907,-0.0329,-0.222,-0.4506,-0.6836,-0.8164,-1.1397,-1.2363,-1.5169,-1.8016
201908,-0.2027,-0.5198,-0.833,-1.1337,-1.3436,-1.763,-1.9357,-2.3418,-2.6518
201909,-0.0613,-0.2961,-0.5591,-0.8183,-0.982,-1.3645,-1.4941,-1.8689,-2.1354
201910,0.1135,0.0037,-0.1542,-0.3394,-0.4215,-0.7421,-0.8203,-1.1175,-1.2791
201911,0.1396,0.0351,-0.0863,-0.2553,-0.3093,-0.6009,-0.7068,-1.032,-1.2174
201912,0.1418,0.1543,0.1284,0.022,0.0502,-0.1417,-0.1494,-0.3874,-0.4913
202001,-0.0506,-0.2016,-0.3763,-0.5607,-0.6374,-0.9436,-0.9989,-1.2085,-1.4571
202002,-0.048,-0.1712,-0.3102,-0.477,-0.5309,-0.8082,-0.8478,-1.0422,-1.2656
202003,0.3323,0.4523,0.4891,0.4632,0.5795,0.4374,0.4956,0.4589,0.3577
202004,0.2758,0.3739,0.4459,0.4184,0.5636,0.4317,0.4732,0.3524,0.2
202005,0.1777,0.2256,0.2377,0.2386,0.377,0.278,0.3437,0.2572,0.14
202006,0.1812,0.2214,0.203,0.2299,0.3884,0.3146,0.4219,0.3406,0.2392
202007,0.1834,0.196,0.2026,0.1751,0.2665,0.1635,0.2331,0.1175,-1.07E-04
202008,0.2171,0.2745,0.3109,0.3212,0.4987,0.4845,0.6534,0.6313,0.6087
202009,0.222,0.3036,0.3383,0.368,0.497,0.4749,0.6203,0.5886,0.5672
202010,0.2398,0.3499,0.4729,0.5827,0.8344,0.8929,1.1012,1.1261,1.1528
202011,0.2703,0.3872,0.5135,0.6081,0.8495,0.9009,1.1069,1.1118,1.1333
202012,0.26,0.3798,0.5327,0.6558,0.9385,1.072,1.3448,1.4008,1.4872
202101,0.2586,0.4105,0.6066,0.8038,1.1579,1.3775,1.7021,1.835,1.9802
202102,0.3023,0.6044,1.0686,1.4665,2.0031,2.3251,2.6634,2.8553,3.0436
202103,0.363,0.7717,1.4113,1.9845,2.7008,3.1801,3.605,3.9242,4.1961
202104,0.3704,0.7339,1.2976,1.7933,2.4537,2.904,3.3118,3.5977,3.84
202105,0.3515,0.7037,1.2436,1.7379,2.3779,2.8389,3.2548,3.5535,3.8009
202106,0.4427,0.8863,1.4138,1.7959,2.3053,2.6158,2.8983,3.0693,3.1987
202107,0.3683,0.7231,1.1591,1.4222,1.8101,2.0274,2.252,2.3799,2.487
202108,0.412,0.8148,1.2964,1.5867,1.9972,2.2295,2.4424,2.5722,2.6618
202109,0.4757,0.9744,1.5949,1.9838,2.4633,2.736,2.9318,3.086,3.1961
202110,0.6876,1.2804,1.9302,2.271,2.751,2.9613,3.0002,3.0582,3.0971
202111,0.6832,1.2996,1.869,2.0665,2.4293,2.5541,2.5441,2.5253,2.468
202112,0.7028,1.2539,1.7696,1.9583,2.2541,2.2963,2.2507,2.2451,2.2108
202201,0.7904,1.3086,1.7552,1.8785,2.1447,2.1086,2.0332,1.9779,1.8961
202202,0.8203,1.2677,1.5557,1.5521,1.6828,1.5511,1.4484,1.3177,1.2277
202203,1.1935,1.7268,1.9407,1.7888,1.8259,1.5198,1.2972,1.0431,0.802
202204,1.1291,1.6978,2.0068,1.9872,2.1149,1.9145,1.7384,1.568,1.4212
202205,0.8863,1.4125,1.7006,1.7131,1.8781,1.629,1.4555,1.3395,1.1587
202206,0.4171,0.5654,0.5938,0.4887,0.4628,0.0682,-0.1747,-0.4851,-0.7848
202207,0.1499,0.0082,-0.311,-0.5544,-0.7258,-1.2115,-1.4747,-1.8835,-2.2668
202208,0.2988,0.3691,0.1838,-0.1451,-0.3081,-0.8703,-1.2458,-1.6926,-2.0888
202209,0.3769,0.3569,0.1017,-0.2744,-0.5124,-1.1468,-1.607,-2.0886,-2.5525
202210,0.0821,-0.1104,-0.4547,-0.8623,-1.1195,-1.7971,-2.2427,-2.7293,-3.1324
202211,-0.321,-0.9576,-1.5441,-2.0771,-2.4968,-3.2658,-3.7144,-4.2774,-4.8116
202212,-0.1793,-0.6666,-1.1676,-1.5865,-1.9215,-2.566,-3.0056,-3.5786,-4.1023
202301,-0.5464,-1.3025,-1.9953,-2.5165,-2.9879,-3.7391,-4.2189,-4.8281,-5.3932
202302,-0.2276,-0.9076,-1.5732,-2.141,-2.6804,-3.4632,-4.0236,-4.6796,-5.3154
202303,-0.5678,-1.2157,-1.7935,-2.3051,-2.7486,-3.4753,-3.9361,-4.4947,-5.0986
202304,-0.7726,-1.5772,-2.2868,-2.8055,-3.2743,-4.0162,-4.4928,-5.0491,-5.6708
202305,-0.8173,-1.7336,-2.5016,-3.0936,-3.6886,-4.4722,-4.9583,-5.6066,-6.2856
202306,-0.4714,-1.3489,-2.1673,-2.8504,-3.5458,-4.4426,-5.0202,-5.7748,-6.5404
202307,-0.4707,-1.3338,-2.143,-2.7475,-3.3446,-4.1688,-4.7039,-5.3896,-6.1149
202308,-0.521,-1.3035,-2.0207,-2.5809,-3.1136,-3.8814,-4.345,-4.9484,-5.6206
202309,-0.3636,-0.9719,-1.5368,-1.9628,-2.3455,-2.9574,-3.3014,-3.7984,-4.3714
202310,-0.3284,-0.7953,-1.152,-1.4238,-1.6307,-2.1332,-2.3871,-2.7848,-3.2434
202311,-0.541,-1.1763,-1.7153,-2.0964,-2.4281,-2.9971,-3.2804,-3.7607,-4.2917
202208,-1.151034796,-2.212015425,-3.458843779,-4.409164667,-5.286895312,-6.130121331,-6.670288105,-7.086950022,-7.408855421
202209,0.00972452702,-1.071516309,-2.328371344,-3.262157412,-4.024652981,-4.712650781,-5.092359129,-5.408099425,-5.647640621
202210,0.374027372,-1.362983884,-3.068148315,-4.187858832,-5.196330181,-5.965180685,-6.11136416,-6.334026756,-6.530529287
202211,-0.0502938558,-1.98211739,-3.496948142,-4.242375048,-5.035244151,-5.690069948,-5.759980022,-5.897515029,-5.972227681
202212,-0.330133169,-0.422292004,-0.498259483,-0.539685371,-0.575154347,-0.601609686,-0.601888953,-0.614209045,-0.623487664
202301,-0.326807045,-1.540644288,-2.459628246,-2.916399401,-3.399896568,-3.644752215,-3.601297951,-3.72041213,-3.804705231
202302,0.321939696,-1.22830094,-2.032361833,-2.297995253,-2.69168128,-2.877252874,-2.781208316,-2.875673418,-3.116894618
202303,-5.685206966,-3.00045205,-2.837820816,-3.618321691,-3.71950859,-4.507778708,-5.347667575,-5.783952591,-6.038234555
202304,-3.048024637,-7.07260586,-8.278245544,-8.447912651,-8.884687068,-8.496349932,-7.658586731,-7.42460161,-7.463557284
202305,-1.129038355,-4.366764672,-5.565210633,-6.082116938,-6.840756163,-6.361432671,-5.778785771,-5.990369184,-5.929345888
202306,-4.192076084,-3.413433258,-3.007385616,-2.789693893,-2.446774725,-3.095539303,-3.725523926,-3.855266966,-3.885740548
202307,0.228602788,-0.204694858,-0.709044669,-0.8199019,-0.773283528,-1.019458648,-1.209330729,-1.252564715,-1.243524745
202308,0.647008381,0.618866535,0.676260444,0.750196131,0.755591041,0.843114299,0.924216957,0.951759809,0.958474785
202309,1.306576568,1.598979169,2.461271533,3.350061139,3.64633632,4.696317598,5.737475054,6.022004767,6.209544625
202310,0.211883356,1.077667259,1.936228679,2.764615735,2.884770898,3.879268575,4.734012584,4.854451792,4.712719118
202311,-0.393366351,0.00587707745,0.188166756,0.337332692,0.373121325,0.506902306,0.601430137,0.598592664,0.58723677
202312,0.684333452,-1.737849812,-2.998412889,-3.731454098,-3.852520803,-4.575336647,-5.365963308,-5.578493386,-5.609098477
